INFO - 06/04/26 23:16:13 - 0:00:00 - ============ Initialized logger ============
INFO - 06/04/26 23:16:13 - 0:00:00 - N: 8
                                     always_search: True
                                     batch_size: 4
                                     command: python train.py --env_name hyperelliptic_factorized_fixed --exp_name hfactor_fixed_g8_noseed_10h_pool --dump_path dump --N 8 --p 3 --max_len 128 --gensize 200000 --pop_size 8000 --ntest 100 --keep_only_unique true --always_search true --redeem_only false --local_search_steps 2 --local_search_batch_size 64 --hasse_witt_percentile_filter true --hasse_witt_max_reject_percentile 15 --hasse_witt_novelty_window 512 --score_batch_size 16 --process_pool true --num_workers 4 --batch_size 4 --eval_batch_size 4 --gen_batch_size 64 --max_epochs 100000 --max_steps 800 --num_eval_steps 200 --num_samples_from_model 4000 --n_layer 3 --n_head 4 --n_embd 192 --temperature '1.4' --temp_span 6 --inc_temp '0.02' --top_k '-1' --exp_id "2026_06_04_23_16_13"
                                     cpu: False
                                     data_generation_only: False
                                     device: mps
                                     dump_path: dump/hfactor_fixed_g8_noseed_10h_pool/2026_06_04_23_16_13
                                     env_name: hyperelliptic_factorized_fixed
                                     eos_genus_quota: 0
                                     eos_max_genus: 0
                                     eos_min_genus: 0
                                     eval_batch_size: 4
                                     exp_id: 2026_06_04_23_16_13
                                     exp_name: hfactor_fixed_g8_noseed_10h_pool
                                     frontier_high_prob: 0.35
                                     frontier_high_width: 6
                                     frontier_low_cutoff: 4
                                     frontier_low_prob: 0.1
                                     frontier_max_repeat: 20
                                     frontier_mid_prob: 0.45
                                     frontier_top_prob: 0.1
                                     frontier_top_width: 2
                                     gen_batch_size: 64
                                     gensize: 200000
                                     genus_sampling: none
                                     hasse_witt_max_reject_percentile: 15.0
                                     hasse_witt_novelty_window: 512
                                     hasse_witt_percentile_filter: True
                                     inc_temp: 0.02
                                     initial_data_max_rows: 0
                                     initial_data_sqlite: 
                                     keep_only_unique: True
                                     learning_rate: 0.0005
                                     local_search_batch_size: 64
                                     local_search_steps: 2
                                     max_epochs: 100000
                                     max_len: 128
                                     max_steps: 800
                                     n_embd: 192
                                     n_head: 4
                                     n_layer: 3
                                     new_proportion: 0.0
                                     no_positional: False
                                     ntest: 100
                                     num_eval_steps: 200
                                     num_samples_from_model: 4000
                                     num_workers: 4
                                     p: 3
                                     pop_size: 8000
                                     process_pool: True
                                     redeem_only: False
                                     save_best: False
                                     score_batch_size: 16
                                     seed: -1
                                     temp_span: 6
                                     temperature: 1.4
                                     top_k: -1
                                     weight_decay: 0.01
INFO - 06/04/26 23:16:13 - 0:00:00 - The experiment will be stored in dump/hfactor_fixed_g8_noseed_10h_pool/2026_06_04_23_16_13
                                     
INFO - 06/04/26 23:16:13 - 0:00:00 - Running command: python train.py --env_name hyperelliptic_factorized_fixed --exp_name hfactor_fixed_g8_noseed_10h_pool --dump_path dump --N 8 --p 3 --max_len 128 --gensize 200000 --pop_size 8000 --ntest 100 --keep_only_unique true --always_search true --redeem_only false --local_search_steps 2 --local_search_batch_size 64 --hasse_witt_percentile_filter true --hasse_witt_max_reject_percentile 15 --hasse_witt_novelty_window 512 --score_batch_size 16 --process_pool true --num_workers 4 --batch_size 4 --eval_batch_size 4 --gen_batch_size 64 --max_epochs 100000 --max_steps 800 --num_eval_steps 200 --num_samples_from_model 4000 --n_layer 3 --n_head 4 --n_embd 192 --temperature '1.4' --temp_span 6 --inc_temp '0.02' --top_k '-1'

INFO - 06/04/26 23:16:13 - 0:00:00 - seed: 188348466
INFO - 06/04/26 23:16:13 - 0:00:00 - Number of parameters: 1.36M
INFO - 06/04/26 23:17:33 - 0:01:19 - Unique processing: 15939 examples left, 391 duplicates
INFO - 06/04/26 23:17:33 - 0:01:19 - ### Score distribution ###
INFO - 06/04/26 23:17:33 - 0:01:19 - Valid examples: 15939
INFO - 06/04/26 23:17:33 - 0:01:19 - Mean score: 1.3662763392577058
INFO - 06/04/26 23:17:33 - 0:01:19 - Median score: 1.1666666666666667
INFO - 06/04/26 23:17:33 - 0:01:19 - Stdev score: 1.1222107555591483
INFO - 06/04/26 23:17:33 - 0:01:19 - Max score: 7.0
INFO - 06/04/26 23:17:33 - 0:01:19 - Top 1 percentile score: 4.333333333333333
INFO - 06/04/26 23:17:33 - 0:01:19 - Distribution of scores:
INFO - 06/04/26 23:17:33 - 0:01:19 - Score 0.0: Count: 690
INFO - 06/04/26 23:17:33 - 0:01:19 - Score 0.14285714285714285: Count: 1729
INFO - 06/04/26 23:17:33 - 0:01:19 - Score 0.2857142857142857: Count: 1917
INFO - 06/04/26 23:17:33 - 0:01:19 - Score 0.42857142857142855: Count: 1179
INFO - 06/04/26 23:17:33 - 0:01:19 - Score 0.5714285714285714: Count: 449
INFO - 06/04/26 23:17:33 - 0:01:19 - Score 0.7142857142857143: Count: 80
INFO - 06/04/26 23:17:33 - 0:01:19 - Score 0.8571428571428571: Count: 9
INFO - 06/04/26 23:17:33 - 0:01:19 - Score 1.0: Count: 873
INFO - 06/04/26 23:17:33 - 0:01:19 - Score 1.1666666666666667: Count: 1735
INFO - 06/04/26 23:17:33 - 0:01:19 - Score 1.3333333333333333: Count: 1210
INFO - 06/04/26 23:17:33 - 0:01:19 - Score 1.5: Count: 463
INFO - 06/04/26 23:17:33 - 0:01:19 - Score 1.6666666666666665: Count: 66
INFO - 06/04/26 23:17:33 - 0:01:19 - Score 1.8333333333333335: Count: 1
INFO - 06/04/26 23:17:33 - 0:01:19 - Score 2.0: Count: 949
INFO - 06/04/26 23:17:33 - 0:01:19 - Score 2.2: Count: 1491
INFO - 06/04/26 23:17:33 - 0:01:19 - Score 2.4: Count: 879
INFO - 06/04/26 23:17:33 - 0:01:19 - Score 2.6: Count: 247
INFO - 06/04/26 23:17:33 - 0:01:19 - Score 2.8: Count: 18
INFO - 06/04/26 23:17:33 - 0:01:19 - Score 3.0: Count: 503
INFO - 06/04/26 23:17:33 - 0:01:19 - Score 3.25: Count: 642
INFO - 06/04/26 23:17:33 - 0:01:19 - Score 3.5: Count: 290
INFO - 06/04/26 23:17:33 - 0:01:19 - Score 3.75: Count: 51
INFO - 06/04/26 23:17:33 - 0:01:19 - Score 4.0: Count: 176
INFO - 06/04/26 23:17:33 - 0:01:19 - Score 4.333333333333333: Count: 170
INFO - 06/04/26 23:17:33 - 0:01:19 - Score 4.666666666666667: Count: 48
INFO - 06/04/26 23:17:33 - 0:01:19 - Score 5.0: Count: 44
INFO - 06/04/26 23:17:33 - 0:01:19 - Score 5.5: Count: 20
INFO - 06/04/26 23:17:33 - 0:01:19 - Score 6.0: Count: 8
INFO - 06/04/26 23:17:33 - 0:01:19 - Score 7.0: Count: 2
INFO - 06/04/26 23:17:33 - 0:01:19 - --------------------------------
INFO - 06/04/26 23:17:33 - 0:01:19 - New train and test generated. Size are train: 7900, test 100
INFO - 06/04/26 23:17:33 - 0:01:19 - Unique data computed for original train set: 0, generated train set: 7900
INFO - 06/04/26 23:17:33 - 0:01:19 - Final train and test generated. Size are train: 7900, test 100
INFO - 06/04/26 23:17:33 - 0:01:19 - ### Score distribution ###
INFO - 06/04/26 23:17:33 - 0:01:19 - Valid examples: 7900
INFO - 06/04/26 23:17:33 - 0:01:19 - Mean score: 2.262415611814346
INFO - 06/04/26 23:17:33 - 0:01:19 - Median score: 2.2
INFO - 06/04/26 23:17:33 - 0:01:19 - Stdev score: 0.8681770853352367
INFO - 06/04/26 23:17:33 - 0:01:19 - Max score: 7.0
INFO - 06/04/26 23:17:33 - 0:01:19 - Top 1 percentile score: 4.666666666666668
INFO - 06/04/26 23:17:33 - 0:01:19 - Distribution of scores:
INFO - 06/04/26 23:17:33 - 0:01:19 - Score 1.1666666666666667: Count: 713
INFO - 06/04/26 23:17:33 - 0:01:19 - Score 1.3333333333333333: Count: 1201
INFO - 06/04/26 23:17:33 - 0:01:19 - Score 1.5: Count: 455
INFO - 06/04/26 23:17:33 - 0:01:19 - Score 1.6666666666666665: Count: 66
INFO - 06/04/26 23:17:33 - 0:01:19 - Score 1.8333333333333335: Count: 1
INFO - 06/04/26 23:17:33 - 0:01:19 - Score 2.0: Count: 933
INFO - 06/04/26 23:17:33 - 0:01:19 - Score 2.2: Count: 1474
INFO - 06/04/26 23:17:33 - 0:01:19 - Score 2.4: Count: 866
INFO - 06/04/26 23:17:33 - 0:01:19 - Score 2.6: Count: 244
INFO - 06/04/26 23:17:33 - 0:01:19 - Score 2.8: Count: 18
INFO - 06/04/26 23:17:33 - 0:01:19 - Score 3.0: Count: 495
INFO - 06/04/26 23:17:33 - 0:01:19 - Score 3.25: Count: 633
INFO - 06/04/26 23:17:33 - 0:01:19 - Score 3.5: Count: 287
INFO - 06/04/26 23:17:33 - 0:01:19 - Score 3.75: Count: 50
INFO - 06/04/26 23:17:33 - 0:01:19 - Score 4.0: Count: 175
INFO - 06/04/26 23:17:33 - 0:01:19 - Score 4.333333333333333: Count: 168
INFO - 06/04/26 23:17:33 - 0:01:19 - Score 4.666666666666667: Count: 47
INFO - 06/04/26 23:17:33 - 0:01:19 - Score 5.0: Count: 44
INFO - 06/04/26 23:17:33 - 0:01:19 - Score 5.5: Count: 20
INFO - 06/04/26 23:17:33 - 0:01:19 - Score 6.0: Count: 8
INFO - 06/04/26 23:17:33 - 0:01:19 - Score 7.0: Count: 2
INFO - 06/04/26 23:17:33 - 0:01:19 - --------------------------------
INFO - 06/04/26 23:17:33 - 0:01:19 - ==== Starting Epoch 0 =====
INFO - 06/04/26 23:17:33 - 0:01:19 - [Epoch 0 START] CPU: 0.0% | RAM: 227.9MB
INFO - 06/04/26 23:17:33 - 0:01:20 - Encoded train: 7900 examples in 0.07s (0 cache hits, 7900 misses)
INFO - 06/04/26 23:17:33 - 0:01:20 - Encoded test: 100 examples in 0.00s (0 cache hits, 100 misses)
INFO - 06/04/26 23:17:33 - 0:01:20 - Memory allocated: 5.38MB, reserved: 8.42MB
INFO - 06/04/26 23:17:39 - 0:01:26 - step 100 | loss 0.8793 | steps time 5853.00ms
INFO - 06/04/26 23:17:43 - 0:01:29 - step 200 | loss 0.9277 | steps time 3679.25ms
INFO - 06/04/26 23:17:43 - 0:01:29 - step 200 train loss: 1.0277541074156762 test loss: 0.9615199565887451
INFO - 06/04/26 23:17:46 - 0:01:33 - step 300 | loss 0.9251 | steps time 3375.60ms
INFO - 06/04/26 23:17:50 - 0:01:36 - step 400 | loss 0.8540 | steps time 3553.50ms
INFO - 06/04/26 23:17:50 - 0:01:36 - step 400 train loss: 0.8890526631474495 test loss: 0.8642286062240601
INFO - 06/04/26 23:17:53 - 0:01:40 - step 500 | loss 0.8383 | steps time 3472.59ms
INFO - 06/04/26 23:17:57 - 0:01:43 - step 600 | loss 0.8536 | steps time 3428.75ms
INFO - 06/04/26 23:17:57 - 0:01:43 - step 600 train loss: 0.8676075831055641 test loss: 0.8512327671051025
INFO - 06/04/26 23:18:00 - 0:01:47 - step 700 | loss 0.8503 | steps time 3388.26ms
INFO - 06/04/26 23:18:03 - 0:01:50 - step 800 | loss 0.8394 | steps time 3383.68ms
INFO - 06/04/26 23:18:04 - 0:01:50 - step 800 train loss: 0.8576896661520004 test loss: 0.8677026629447937
INFO - 06/04/26 23:18:04 - 0:01:50 - [Epoch 0 AFTER_TRAIN] CPU: 0.0% | RAM: 675.3MB
INFO - 06/04/26 23:18:04 - 0:01:50 - Sample with temperature 1.4 to 2.0
INFO - 06/04/26 23:18:04 - 0:01:50 - Hasse-Witt percentile filter state: overall_diversity=0.026, overall_saturation=0.001, exact_saturation=0.000
INFO - 06/04/26 23:18:04 - 0:01:50 - 0 / 3968 samples generated, 0 scored
INFO - 06/04/26 23:18:13 - 0:02:00 - Recent generated novelty for Hasse-Witt filter: 1.000
INFO - 06/04/26 23:18:23 - 0:02:09 - 640 / 3968 samples generated, 0 scored
INFO - 06/04/26 23:18:25 - 0:02:11 - Recent generated novelty for Hasse-Witt filter: 1.000
INFO - 06/04/26 23:18:25 - 0:02:11 - Recent generated novelty for Hasse-Witt filter: 1.000
INFO - 06/04/26 23:18:25 - 0:02:12 - Recent generated novelty for Hasse-Witt filter: 1.000
INFO - 06/04/26 23:18:26 - 0:02:13 - Recent generated novelty for Hasse-Witt filter: 1.000
INFO - 06/04/26 23:18:27 - 0:02:13 - Recent generated novelty for Hasse-Witt filter: 1.000
INFO - 06/04/26 23:18:27 - 0:02:13 - Recent generated novelty for Hasse-Witt filter: 1.000
INFO - 06/04/26 23:18:28 - 0:02:14 - Recent generated novelty for Hasse-Witt filter: 1.000
INFO - 06/04/26 23:18:35 - 0:02:21 - 1280 / 3968 samples generated, 7 scored
INFO - 06/04/26 23:18:43 - 0:02:30 - Recent generated novelty for Hasse-Witt filter: 1.000
INFO - 06/04/26 23:18:43 - 0:02:30 - Recent generated novelty for Hasse-Witt filter: 1.000
INFO - 06/04/26 23:18:43 - 0:02:30 - Recent generated novelty for Hasse-Witt filter: 1.000
INFO - 06/04/26 23:18:48 - 0:02:34 - 1920 / 3968 samples generated, 13 scored
INFO - 06/04/26 23:18:49 - 0:02:36 - Recent generated novelty for Hasse-Witt filter: 1.000
INFO - 06/04/26 23:18:49 - 0:02:36 - Recent generated novelty for Hasse-Witt filter: 1.000
INFO - 06/04/26 23:18:49 - 0:02:36 - Recent generated novelty for Hasse-Witt filter: 1.000
INFO - 06/04/26 23:18:50 - 0:02:36 - Recent generated novelty for Hasse-Witt filter: 1.000
INFO - 06/04/26 23:18:50 - 0:02:37 - Recent generated novelty for Hasse-Witt filter: 1.000
INFO - 06/04/26 23:18:51 - 0:02:38 - Recent generated novelty for Hasse-Witt filter: 1.000
INFO - 06/04/26 23:18:51 - 0:02:38 - Recent generated novelty for Hasse-Witt filter: 1.000
INFO - 06/04/26 23:18:52 - 0:02:39 - Recent generated novelty for Hasse-Witt filter: 1.000
INFO - 06/04/26 23:18:52 - 0:02:39 - Recent generated novelty for Hasse-Witt filter: 1.000
INFO - 06/04/26 23:18:53 - 0:02:39 - Recent generated novelty for Hasse-Witt filter: 1.000
INFO - 06/04/26 23:18:53 - 0:02:39 - Recent generated novelty for Hasse-Witt filter: 1.000
INFO - 06/04/26 23:18:53 - 0:02:39 - Recent generated novelty for Hasse-Witt filter: 1.000
INFO - 06/04/26 23:18:53 - 0:02:40 - Recent generated novelty for Hasse-Witt filter: 1.000
INFO - 06/04/26 23:18:53 - 0:02:40 - Recent generated novelty for Hasse-Witt filter: 1.000
INFO - 06/04/26 23:18:54 - 0:02:41 - Recent generated novelty for Hasse-Witt filter: 1.000
INFO - 06/04/26 23:18:54 - 0:02:41 - Recent generated novelty for Hasse-Witt filter: 1.000
INFO - 06/04/26 23:18:54 - 0:02:41 - Recent generated novelty for Hasse-Witt filter: 1.000
INFO - 06/04/26 23:18:55 - 0:02:42 - Recent generated novelty for Hasse-Witt filter: 1.000
INFO - 06/04/26 23:18:55 - 0:02:42 - Recent generated novelty for Hasse-Witt filter: 1.000
INFO - 06/04/26 23:18:56 - 0:02:42 - Recent generated novelty for Hasse-Witt filter: 1.000
INFO - 06/04/26 23:18:56 - 0:02:43 - Recent generated novelty for Hasse-Witt filter: 1.000
INFO - 06/04/26 23:18:56 - 0:02:43 - Recent generated novelty for Hasse-Witt filter: 1.000
INFO - 06/04/26 23:18:56 - 0:02:43 - Recent generated novelty for Hasse-Witt filter: 1.000
INFO - 06/04/26 23:18:56 - 0:02:43 - Recent generated novelty for Hasse-Witt filter: 1.000
INFO - 06/04/26 23:18:56 - 0:02:43 - Recent generated novelty for Hasse-Witt filter: 1.000
INFO - 06/04/26 23:18:57 - 0:02:44 - Recent generated novelty for Hasse-Witt filter: 1.000
INFO - 06/04/26 23:18:58 - 0:02:44 - Recent generated novelty for Hasse-Witt filter: 1.000
INFO - 06/04/26 23:18:59 - 0:02:45 - Recent generated novelty for Hasse-Witt filter: 1.000
INFO - 06/04/26 23:19:00 - 0:02:47 - 2560 / 3968 samples generated, 40 scored
INFO - 06/04/26 23:19:00 - 0:02:47 - Recent generated novelty for Hasse-Witt filter: 1.000
INFO - 06/04/26 23:19:01 - 0:02:48 - Recent generated novelty for Hasse-Witt filter: 1.000
INFO - 06/04/26 23:19:02 - 0:02:49 - Recent generated novelty for Hasse-Witt filter: 1.000
INFO - 06/04/26 23:19:03 - 0:02:50 - Recent generated novelty for Hasse-Witt filter: 1.000
INFO - 06/04/26 23:19:04 - 0:02:51 - Recent generated novelty for Hasse-Witt filter: 1.000
INFO - 06/04/26 23:19:05 - 0:02:52 - Recent generated novelty for Hasse-Witt filter: 1.000
INFO - 06/04/26 23:19:06 - 0:02:53 - Recent generated novelty for Hasse-Witt filter: 1.000
INFO - 06/04/26 23:19:08 - 0:02:55 - Recent generated novelty for Hasse-Witt filter: 1.000
INFO - 06/04/26 23:19:09 - 0:02:55 - Recent generated novelty for Hasse-Witt filter: 1.000
INFO - 06/04/26 23:19:10 - 0:02:56 - Recent generated novelty for Hasse-Witt filter: 1.000
INFO - 06/04/26 23:19:11 - 0:02:58 - 3200 / 3968 samples generated, 45 scored
INFO - 06/04/26 23:19:11 - 0:02:58 - Recent generated novelty for Hasse-Witt filter: 1.000
INFO - 06/04/26 23:19:12 - 0:02:59 - Recent generated novelty for Hasse-Witt filter: 1.000
INFO - 06/04/26 23:19:13 - 0:03:00 - Recent generated novelty for Hasse-Witt filter: 1.000
INFO - 06/04/26 23:19:14 - 0:03:01 - Recent generated novelty for Hasse-Witt filter: 1.000
INFO - 06/04/26 23:19:15 - 0:03:02 - Recent generated novelty for Hasse-Witt filter: 1.000
INFO - 06/04/26 23:19:17 - 0:03:04 - Recent generated novelty for Hasse-Witt filter: 1.000
INFO - 06/04/26 23:19:18 - 0:03:05 - Recent generated novelty for Hasse-Witt filter: 1.000
INFO - 06/04/26 23:19:19 - 0:03:06 - Recent generated novelty for Hasse-Witt filter: 1.000
INFO - 06/04/26 23:19:20 - 0:03:07 - Recent generated novelty for Hasse-Witt filter: 1.000
INFO - 06/04/26 23:19:21 - 0:03:07 - Recent generated novelty for Hasse-Witt filter: 1.000
INFO - 06/04/26 23:19:22 - 0:03:09 - 3840 / 3968 samples generated, 62 scored
INFO - 06/04/26 23:19:22 - 0:03:09 - Recent generated novelty for Hasse-Witt filter: 1.000
INFO - 06/04/26 23:19:23 - 0:03:10 - Recent generated novelty for Hasse-Witt filter: 1.000
INFO - 06/04/26 23:19:25 - 0:03:12 - Recent generated novelty for Hasse-Witt filter: 1.000
INFO - 06/04/26 23:19:26 - 0:03:12 - ### Score distribution ###
INFO - 06/04/26 23:19:26 - 0:03:12 - Invalid examples: before local search: 8, after: 0
INFO - 06/04/26 23:19:26 - 0:03:12 - Valid examples: 68
INFO - 06/04/26 23:19:26 - 0:03:12 - Mean score: 3.9553921568627453
INFO - 06/04/26 23:19:26 - 0:03:12 - Median score: 4.0
INFO - 06/04/26 23:19:26 - 0:03:12 - Stdev score: 0.8459661436622671
INFO - 06/04/26 23:19:26 - 0:03:12 - Max score: 6.0
INFO - 06/04/26 23:19:26 - 0:03:12 - Top 1 percentile score: 6.0
INFO - 06/04/26 23:19:26 - 0:03:12 - Distribution of scores:
INFO - 06/04/26 23:19:26 - 0:03:12 - Score 2.4: Count: 3
INFO - 06/04/26 23:19:26 - 0:03:12 - Score 2.6: Count: 1
INFO - 06/04/26 23:19:26 - 0:03:12 - Score 3.0: Count: 5
INFO - 06/04/26 23:19:26 - 0:03:12 - Score 3.25: Count: 15
INFO - 06/04/26 23:19:26 - 0:03:12 - Score 3.5: Count: 5
INFO - 06/04/26 23:19:26 - 0:03:12 - Score 3.75: Count: 1
INFO - 06/04/26 23:19:26 - 0:03:12 - Score 4.0: Count: 9
INFO - 06/04/26 23:19:26 - 0:03:12 - Score 4.333333333333333: Count: 12
INFO - 06/04/26 23:19:26 - 0:03:12 - Score 4.666666666666667: Count: 7
INFO - 06/04/26 23:19:26 - 0:03:12 - Score 5.0: Count: 4
INFO - 06/04/26 23:19:26 - 0:03:12 - Score 5.5: Count: 5
INFO - 06/04/26 23:19:26 - 0:03:12 - Score 6.0: Count: 1
INFO - 06/04/26 23:19:26 - 0:03:12 - --------------------------------
INFO - 06/04/26 23:19:26 - 0:03:12 - [Epoch 0 AFTER_SAMPLE] CPU: 0.0% | RAM: 475.8MB
INFO - 06/04/26 23:19:26 - 0:03:12 - Unique processing: 68 examples left, 0 duplicates
INFO - 06/04/26 23:19:26 - 0:03:12 - ### Score distribution ###
INFO - 06/04/26 23:19:26 - 0:03:12 - Valid examples: 68
INFO - 06/04/26 23:19:26 - 0:03:12 - Mean score: 3.9553921568627453
INFO - 06/04/26 23:19:26 - 0:03:12 - Median score: 4.0
INFO - 06/04/26 23:19:26 - 0:03:12 - Stdev score: 0.8459661436622671
INFO - 06/04/26 23:19:26 - 0:03:12 - Max score: 6.0
INFO - 06/04/26 23:19:26 - 0:03:12 - Top 1 percentile score: 6.0
INFO - 06/04/26 23:19:26 - 0:03:12 - Distribution of scores:
INFO - 06/04/26 23:19:26 - 0:03:12 - Score 2.4: Count: 3
INFO - 06/04/26 23:19:26 - 0:03:12 - Score 2.6: Count: 1
INFO - 06/04/26 23:19:26 - 0:03:12 - Score 3.0: Count: 5
INFO - 06/04/26 23:19:26 - 0:03:12 - Score 3.25: Count: 15
INFO - 06/04/26 23:19:26 - 0:03:12 - Score 3.5: Count: 5
INFO - 06/04/26 23:19:26 - 0:03:12 - Score 3.75: Count: 1
INFO - 06/04/26 23:19:26 - 0:03:12 - Score 4.0: Count: 9
INFO - 06/04/26 23:19:26 - 0:03:12 - Score 4.333333333333333: Count: 12
INFO - 06/04/26 23:19:26 - 0:03:12 - Score 4.666666666666667: Count: 7
INFO - 06/04/26 23:19:26 - 0:03:12 - Score 5.0: Count: 4
INFO - 06/04/26 23:19:26 - 0:03:12 - Score 5.5: Count: 5
INFO - 06/04/26 23:19:26 - 0:03:12 - Score 6.0: Count: 1
INFO - 06/04/26 23:19:26 - 0:03:12 - --------------------------------
INFO - 06/04/26 23:19:26 - 0:03:12 - New train and test generated. Size are train: 68, test 100
INFO - 06/04/26 23:19:26 - 0:03:12 - Unique data computed for original train set: 7900, generated train set: 68
INFO - 06/04/26 23:19:26 - 0:03:12 - Final train and test generated. Size are train: 7968, test 100
INFO - 06/04/26 23:19:26 - 0:03:13 - [Epoch 0 AFTER_UPDATE_DATASETS] CPU: 0.0% | RAM: 526.4MB
INFO - 06/04/26 23:19:26 - 0:03:13 - ### Score distribution ###
INFO - 06/04/26 23:19:26 - 0:03:13 - Valid examples: 7968
INFO - 06/04/26 23:19:26 - 0:03:13 - Mean score: 2.2768637048192772
INFO - 06/04/26 23:19:26 - 0:03:13 - Median score: 2.2
INFO - 06/04/26 23:19:26 - 0:03:13 - Stdev score: 0.8818000023259653
INFO - 06/04/26 23:19:26 - 0:03:13 - Max score: 7.0
INFO - 06/04/26 23:19:26 - 0:03:13 - Top 1 percentile score: 5.0
INFO - 06/04/26 23:19:26 - 0:03:13 - Distribution of scores:
INFO - 06/04/26 23:19:26 - 0:03:13 - Score 1.1666666666666667: Count: 713
INFO - 06/04/26 23:19:26 - 0:03:13 - Score 1.3333333333333333: Count: 1201
INFO - 06/04/26 23:19:26 - 0:03:13 - Score 1.5: Count: 455
INFO - 06/04/26 23:19:26 - 0:03:13 - Score 1.6666666666666665: Count: 66
INFO - 06/04/26 23:19:26 - 0:03:13 - Score 1.8333333333333335: Count: 1
INFO - 06/04/26 23:19:26 - 0:03:13 - Score 2.0: Count: 933
INFO - 06/04/26 23:19:26 - 0:03:13 - Score 2.2: Count: 1474
INFO - 06/04/26 23:19:26 - 0:03:13 - Score 2.4: Count: 869
INFO - 06/04/26 23:19:26 - 0:03:13 - Score 2.6: Count: 245
INFO - 06/04/26 23:19:26 - 0:03:13 - Score 2.8: Count: 18
INFO - 06/04/26 23:19:26 - 0:03:13 - Score 3.0: Count: 500
INFO - 06/04/26 23:19:26 - 0:03:13 - Score 3.25: Count: 648
INFO - 06/04/26 23:19:26 - 0:03:13 - Score 3.5: Count: 292
INFO - 06/04/26 23:19:26 - 0:03:13 - Score 3.75: Count: 51
INFO - 06/04/26 23:19:26 - 0:03:13 - Score 4.0: Count: 184
INFO - 06/04/26 23:19:26 - 0:03:13 - Score 4.333333333333333: Count: 180
INFO - 06/04/26 23:19:26 - 0:03:13 - Score 4.666666666666667: Count: 54
INFO - 06/04/26 23:19:26 - 0:03:13 - Score 5.0: Count: 48
INFO - 06/04/26 23:19:26 - 0:03:13 - Score 5.5: Count: 25
INFO - 06/04/26 23:19:26 - 0:03:13 - Score 6.0: Count: 9
INFO - 06/04/26 23:19:26 - 0:03:13 - Score 7.0: Count: 2
INFO - 06/04/26 23:19:26 - 0:03:13 - --------------------------------
INFO - 06/04/26 23:19:26 - 0:03:13 - ==== Starting Epoch 1 =====
INFO - 06/04/26 23:19:26 - 0:03:13 - [Epoch 1 START] CPU: 0.0% | RAM: 603.0MB
INFO - 06/04/26 23:19:26 - 0:03:13 - Encoded train: 7968 examples in 0.02s (7901 cache hits, 67 misses)
INFO - 06/04/26 23:19:26 - 0:03:13 - Encoded test: 100 examples in 0.00s (100 cache hits, 0 misses)
INFO - 06/04/26 23:19:26 - 0:03:13 - Memory allocated: 24.38MB, reserved: 55.12MB
INFO - 06/04/26 23:19:30 - 0:03:16 - step 100 | loss 0.8981 | steps time 3348.71ms
INFO - 06/04/26 23:19:33 - 0:03:20 - step 200 | loss 0.8264 | steps time 3379.77ms
INFO - 06/04/26 23:19:33 - 0:03:20 - step 200 train loss: 0.8517187559604644 test loss: 0.8713991045951843
INFO - 06/04/26 23:19:37 - 0:03:23 - step 300 | loss 0.8302 | steps time 3286.09ms
INFO - 06/04/26 23:19:40 - 0:03:26 - step 400 | loss 0.8256 | steps time 3291.02ms
INFO - 06/04/26 23:19:40 - 0:03:27 - step 400 train loss: 0.8477190139889718 test loss: 0.8413602709770203
INFO - 06/04/26 23:19:43 - 0:03:30 - step 500 | loss 0.8305 | steps time 3277.79ms
INFO - 06/04/26 23:19:46 - 0:03:33 - step 600 | loss 0.8387 | steps time 3301.74ms
INFO - 06/04/26 23:19:47 - 0:03:33 - step 600 train loss: 0.8466432321071625 test loss: 0.8481302857398987
INFO - 06/04/26 23:19:50 - 0:03:36 - step 700 | loss 0.9017 | steps time 3297.56ms
INFO - 06/04/26 23:19:53 - 0:03:40 - step 800 | loss 0.8751 | steps time 3423.53ms
INFO - 06/04/26 23:19:53 - 0:03:40 - step 800 train loss: 0.8386503607034683 test loss: 0.8710139989852905
INFO - 06/04/26 23:19:54 - 0:03:40 - [Epoch 1 AFTER_TRAIN] CPU: 0.0% | RAM: 704.8MB
INFO - 06/04/26 23:19:54 - 0:03:40 - Sample with temperature 1.4 to 2.0
INFO - 06/04/26 23:19:54 - 0:03:40 - Hasse-Witt percentile filter state: overall_diversity=0.026, overall_saturation=0.001, exact_saturation=0.000
INFO - 06/04/26 23:19:54 - 0:03:40 - 0 / 3968 samples generated, 0 scored
INFO - 06/04/26 23:20:00 - 0:03:47 - Recent generated novelty for Hasse-Witt filter: 1.000
INFO - 06/04/26 23:20:00 - 0:03:47 - Recent generated novelty for Hasse-Witt filter: 1.000
INFO - 06/04/26 23:20:01 - 0:03:48 - 640 / 3968 samples generated, 0 scored
INFO - 06/04/26 23:20:13 - 0:04:00 - Recent generated novelty for Hasse-Witt filter: 1.000
INFO - 06/04/26 23:20:14 - 0:04:00 - 1280 / 3968 samples generated, 4 scored
INFO - 06/04/26 23:20:14 - 0:04:01 - Recent generated novelty for Hasse-Witt filter: 1.000
INFO - 06/04/26 23:20:15 - 0:04:01 - Recent generated novelty for Hasse-Witt filter: 1.000
INFO - 06/04/26 23:20:15 - 0:04:01 - Recent generated novelty for Hasse-Witt filter: 1.000
INFO - 06/04/26 23:20:15 - 0:04:02 - Recent generated novelty for Hasse-Witt filter: 1.000
INFO - 06/04/26 23:20:16 - 0:04:03 - Recent generated novelty for Hasse-Witt filter: 1.000
INFO - 06/04/26 23:20:17 - 0:04:04 - Recent generated novelty for Hasse-Witt filter: 1.000
INFO - 06/04/26 23:20:18 - 0:04:04 - Recent generated novelty for Hasse-Witt filter: 1.000
INFO - 06/04/26 23:20:18 - 0:04:04 - Recent generated novelty for Hasse-Witt filter: 1.000
INFO - 06/04/26 23:20:18 - 0:04:04 - Recent generated novelty for Hasse-Witt filter: 1.000
INFO - 06/04/26 23:20:18 - 0:04:05 - Recent generated novelty for Hasse-Witt filter: 1.000
INFO - 06/04/26 23:20:19 - 0:04:06 - Recent generated novelty for Hasse-Witt filter: 1.000
INFO - 06/04/26 23:20:20 - 0:04:07 - Recent generated novelty for Hasse-Witt filter: 1.000
INFO - 06/04/26 23:20:20 - 0:04:07 - Recent generated novelty for Hasse-Witt filter: 1.000
INFO - 06/04/26 23:20:20 - 0:04:07 - Recent generated novelty for Hasse-Witt filter: 1.000
INFO - 06/04/26 23:20:21 - 0:04:08 - Recent generated novelty for Hasse-Witt filter: 1.000
INFO - 06/04/26 23:20:22 - 0:04:09 - 1920 / 3968 samples generated, 26 scored
INFO - 06/04/26 23:20:22 - 0:04:09 - Recent generated novelty for Hasse-Witt filter: 1.000
INFO - 06/04/26 23:20:23 - 0:04:10 - Recent generated novelty for Hasse-Witt filter: 1.000
INFO - 06/04/26 23:20:24 - 0:04:10 - Recent generated novelty for Hasse-Witt filter: 1.000
INFO - 06/04/26 23:20:24 - 0:04:10 - Recent generated novelty for Hasse-Witt filter: 1.000
INFO - 06/04/26 23:20:25 - 0:04:12 - Recent generated novelty for Hasse-Witt filter: 1.000
INFO - 06/04/26 23:20:26 - 0:04:13 - Recent generated novelty for Hasse-Witt filter: 1.000
INFO - 06/04/26 23:20:27 - 0:04:14 - Recent generated novelty for Hasse-Witt filter: 1.000
INFO - 06/04/26 23:20:28 - 0:04:15 - Recent generated novelty for Hasse-Witt filter: 1.000
INFO - 06/04/26 23:20:30 - 0:04:16 - Recent generated novelty for Hasse-Witt filter: 1.000
INFO - 06/04/26 23:20:30 - 0:04:17 - Recent generated novelty for Hasse-Witt filter: 1.000
INFO - 06/04/26 23:20:31 - 0:04:18 - Recent generated novelty for Hasse-Witt filter: 1.000
INFO - 06/04/26 23:20:31 - 0:04:18 - 2560 / 3968 samples generated, 55 scored
INFO - 06/04/26 23:20:32 - 0:04:18 - Recent generated novelty for Hasse-Witt filter: 1.000
INFO - 06/04/26 23:20:33 - 0:04:20 - Recent generated novelty for Hasse-Witt filter: 1.000
INFO - 06/04/26 23:20:34 - 0:04:21 - Recent generated novelty for Hasse-Witt filter: 1.000
INFO - 06/04/26 23:20:35 - 0:04:21 - Recent generated novelty for Hasse-Witt filter: 1.000
INFO - 06/04/26 23:20:35 - 0:04:22 - Recent generated novelty for Hasse-Witt filter: 1.000
INFO - 06/04/26 23:20:36 - 0:04:23 - Recent generated novelty for Hasse-Witt filter: 1.000
INFO - 06/04/26 23:20:37 - 0:04:23 - Recent generated novelty for Hasse-Witt filter: 1.000
INFO - 06/04/26 23:20:37 - 0:04:24 - Recent generated novelty for Hasse-Witt filter: 1.000
INFO - 06/04/26 23:20:38 - 0:04:25 - Recent generated novelty for Hasse-Witt filter: 1.000
INFO - 06/04/26 23:20:39 - 0:04:26 - 3200 / 3968 samples generated, 80 scored
INFO - 06/04/26 23:20:40 - 0:04:26 - Recent generated novelty for Hasse-Witt filter: 1.000
INFO - 06/04/26 23:20:40 - 0:04:26 - Recent generated novelty for Hasse-Witt filter: 1.000
INFO - 06/04/26 23:20:40 - 0:04:27 - Recent generated novelty for Hasse-Witt filter: 1.000
INFO - 06/04/26 23:20:41 - 0:04:28 - Recent generated novelty for Hasse-Witt filter: 1.000
INFO - 06/04/26 23:20:42 - 0:04:28 - Recent generated novelty for Hasse-Witt filter: 1.000
INFO - 06/04/26 23:20:43 - 0:04:29 - Recent generated novelty for Hasse-Witt filter: 1.000
INFO - 06/04/26 23:20:44 - 0:04:30 - Recent generated novelty for Hasse-Witt filter: 1.000
INFO - 06/04/26 23:20:44 - 0:04:30 - Recent generated novelty for Hasse-Witt filter: 1.000
INFO - 06/04/26 23:20:45 - 0:04:31 - Recent generated novelty for Hasse-Witt filter: 1.000
INFO - 06/04/26 23:20:46 - 0:04:32 - Recent generated novelty for Hasse-Witt filter: 1.000
INFO - 06/04/26 23:20:46 - 0:04:32 - Recent generated novelty for Hasse-Witt filter: 1.000
INFO - 06/04/26 23:20:46 - 0:04:33 - Recent generated novelty for Hasse-Witt filter: 1.000
INFO - 06/04/26 23:20:47 - 0:04:33 - Recent generated novelty for Hasse-Witt filter: 1.000
INFO - 06/04/26 23:20:47 - 0:04:34 - Recent generated novelty for Hasse-Witt filter: 1.000
INFO - 06/04/26 23:20:48 - 0:04:35 - Recent generated novelty for Hasse-Witt filter: 1.000
INFO - 06/04/26 23:20:49 - 0:04:36 - 3840 / 3968 samples generated, 120 scored
INFO - 06/04/26 23:20:50 - 0:04:36 - Recent generated novelty for Hasse-Witt filter: 1.000
INFO - 06/04/26 23:20:50 - 0:04:37 - Recent generated novelty for Hasse-Witt filter: 1.000
INFO - 06/04/26 23:20:51 - 0:04:38 - Recent generated novelty for Hasse-Witt filter: 1.000
INFO - 06/04/26 23:20:52 - 0:04:38 - Recent generated novelty for Hasse-Witt filter: 1.000
INFO - 06/04/26 23:20:52 - 0:04:39 - Recent generated novelty for Hasse-Witt filter: 1.000
INFO - 06/04/26 23:20:53 - 0:04:40 - Recent generated novelty for Hasse-Witt filter: 1.000
INFO - 06/04/26 23:20:54 - 0:04:40 - Recent generated novelty for Hasse-Witt filter: 1.000
INFO - 06/04/26 23:20:55 - 0:04:41 - Recent generated novelty for Hasse-Witt filter: 1.000
INFO - 06/04/26 23:20:55 - 0:04:42 - Recent generated novelty for Hasse-Witt filter: 1.000
INFO - 06/04/26 23:20:57 - 0:04:43 - ### Score distribution ###
INFO - 06/04/26 23:20:57 - 0:04:43 - Invalid examples: before local search: 12, after: 0
INFO - 06/04/26 23:20:57 - 0:04:43 - Valid examples: 145
INFO - 06/04/26 23:20:57 - 0:04:43 - Mean score: 4.11367816091954
INFO - 06/04/26 23:20:57 - 0:04:43 - Median score: 4.0
INFO - 06/04/26 23:20:57 - 0:04:43 - Stdev score: 0.8529398800092387
INFO - 06/04/26 23:20:57 - 0:04:43 - Max score: 7.0
INFO - 06/04/26 23:20:57 - 0:04:43 - Top 1 percentile score: 7.0
INFO - 06/04/26 23:20:57 - 0:04:43 - Distribution of scores:
INFO - 06/04/26 23:20:57 - 0:04:43 - Score 2.4: Count: 3
INFO - 06/04/26 23:20:57 - 0:04:43 - Score 2.6: Count: 2
INFO - 06/04/26 23:20:57 - 0:04:43 - Score 3.0: Count: 3
INFO - 06/04/26 23:20:57 - 0:04:43 - Score 3.25: Count: 21
INFO - 06/04/26 23:20:57 - 0:04:43 - Score 3.5: Count: 21
INFO - 06/04/26 23:20:57 - 0:04:43 - Score 3.75: Count: 4
INFO - 06/04/26 23:20:57 - 0:04:43 - Score 4.0: Count: 28
INFO - 06/04/26 23:20:57 - 0:04:43 - Score 4.333333333333333: Count: 27
INFO - 06/04/26 23:20:57 - 0:04:43 - Score 4.666666666666667: Count: 14
INFO - 06/04/26 23:20:57 - 0:04:43 - Score 5.0: Count: 5
INFO - 06/04/26 23:20:57 - 0:04:43 - Score 5.5: Count: 10
INFO - 06/04/26 23:20:57 - 0:04:43 - Score 6.0: Count: 5
INFO - 06/04/26 23:20:57 - 0:04:43 - Score 7.0: Count: 2
INFO - 06/04/26 23:20:57 - 0:04:43 - --------------------------------
INFO - 06/04/26 23:20:57 - 0:04:43 - [Epoch 1 AFTER_SAMPLE] CPU: 0.0% | RAM: 433.2MB
INFO - 06/04/26 23:20:57 - 0:04:43 - Unique processing: 145 examples left, 0 duplicates
INFO - 06/04/26 23:20:57 - 0:04:43 - ### Score distribution ###
INFO - 06/04/26 23:20:57 - 0:04:43 - Valid examples: 145
INFO - 06/04/26 23:20:57 - 0:04:43 - Mean score: 4.11367816091954
INFO - 06/04/26 23:20:57 - 0:04:43 - Median score: 4.0
INFO - 06/04/26 23:20:57 - 0:04:43 - Stdev score: 0.8529398800092387
INFO - 06/04/26 23:20:57 - 0:04:43 - Max score: 7.0
INFO - 06/04/26 23:20:57 - 0:04:43 - Top 1 percentile score: 7.0
INFO - 06/04/26 23:20:57 - 0:04:43 - Distribution of scores:
INFO - 06/04/26 23:20:57 - 0:04:43 - Score 2.4: Count: 3
INFO - 06/04/26 23:20:57 - 0:04:43 - Score 2.6: Count: 2
INFO - 06/04/26 23:20:57 - 0:04:43 - Score 3.0: Count: 3
INFO - 06/04/26 23:20:57 - 0:04:43 - Score 3.25: Count: 21
INFO - 06/04/26 23:20:57 - 0:04:43 - Score 3.5: Count: 21
INFO - 06/04/26 23:20:57 - 0:04:43 - Score 3.75: Count: 4
INFO - 06/04/26 23:20:57 - 0:04:43 - Score 4.0: Count: 28
INFO - 06/04/26 23:20:57 - 0:04:43 - Score 4.333333333333333: Count: 27
INFO - 06/04/26 23:20:57 - 0:04:43 - Score 4.666666666666667: Count: 14
INFO - 06/04/26 23:20:57 - 0:04:43 - Score 5.0: Count: 5
INFO - 06/04/26 23:20:57 - 0:04:43 - Score 5.5: Count: 10
INFO - 06/04/26 23:20:57 - 0:04:43 - Score 6.0: Count: 5
INFO - 06/04/26 23:20:57 - 0:04:43 - Score 7.0: Count: 2
INFO - 06/04/26 23:20:57 - 0:04:43 - --------------------------------
INFO - 06/04/26 23:20:57 - 0:04:43 - New train and test generated. Size are train: 145, test 100
INFO - 06/04/26 23:20:57 - 0:04:43 - Unique data computed for original train set: 7968, generated train set: 145
INFO - 06/04/26 23:20:57 - 0:04:43 - Final train and test generated. Size are train: 8000, test 100
INFO - 06/04/26 23:20:57 - 0:04:44 - [Epoch 1 AFTER_UPDATE_DATASETS] CPU: 0.0% | RAM: 483.9MB
INFO - 06/04/26 23:20:57 - 0:04:44 - ### Score distribution ###
INFO - 06/04/26 23:20:57 - 0:04:44 - Valid examples: 8000
INFO - 06/04/26 23:20:57 - 0:04:44 - Mean score: 2.3258375
INFO - 06/04/26 23:20:57 - 0:04:44 - Median score: 2.2
INFO - 06/04/26 23:20:57 - 0:04:44 - Stdev score: 0.9104428459571794
INFO - 06/04/26 23:20:57 - 0:04:44 - Max score: 7.0
INFO - 06/04/26 23:20:57 - 0:04:44 - Top 1 percentile score: 5.0
INFO - 06/04/26 23:20:57 - 0:04:44 - Distribution of scores:
INFO - 06/04/26 23:20:57 - 0:04:44 - Score 1.1666666666666667: Count: 600
INFO - 06/04/26 23:20:57 - 0:04:44 - Score 1.3333333333333333: Count: 1201
INFO - 06/04/26 23:20:57 - 0:04:44 - Score 1.5: Count: 455
INFO - 06/04/26 23:20:57 - 0:04:44 - Score 1.6666666666666665: Count: 66
INFO - 06/04/26 23:20:57 - 0:04:44 - Score 1.8333333333333335: Count: 1
INFO - 06/04/26 23:20:57 - 0:04:44 - Score 2.0: Count: 933
INFO - 06/04/26 23:20:57 - 0:04:44 - Score 2.2: Count: 1474
INFO - 06/04/26 23:20:57 - 0:04:44 - Score 2.4: Count: 872
INFO - 06/04/26 23:20:57 - 0:04:44 - Score 2.6: Count: 247
INFO - 06/04/26 23:20:57 - 0:04:44 - Score 2.8: Count: 18
INFO - 06/04/26 23:20:57 - 0:04:44 - Score 3.0: Count: 503
INFO - 06/04/26 23:20:57 - 0:04:44 - Score 3.25: Count: 669
INFO - 06/04/26 23:20:57 - 0:04:44 - Score 3.5: Count: 313
INFO - 06/04/26 23:20:57 - 0:04:44 - Score 3.75: Count: 55
INFO - 06/04/26 23:20:57 - 0:04:44 - Score 4.0: Count: 212
INFO - 06/04/26 23:20:57 - 0:04:44 - Score 4.333333333333333: Count: 207
INFO - 06/04/26 23:20:57 - 0:04:44 - Score 4.666666666666667: Count: 68
INFO - 06/04/26 23:20:57 - 0:04:44 - Score 5.0: Count: 53
INFO - 06/04/26 23:20:57 - 0:04:44 - Score 5.5: Count: 35
INFO - 06/04/26 23:20:57 - 0:04:44 - Score 6.0: Count: 14
INFO - 06/04/26 23:20:57 - 0:04:44 - Score 7.0: Count: 4
INFO - 06/04/26 23:20:57 - 0:04:44 - --------------------------------
INFO - 06/04/26 23:20:57 - 0:04:44 - ==== Starting Epoch 2 =====
INFO - 06/04/26 23:20:57 - 0:04:44 - [Epoch 2 START] CPU: 0.0% | RAM: 560.9MB
INFO - 06/04/26 23:20:57 - 0:04:44 - Encoded train: 8000 examples in 0.02s (7858 cache hits, 142 misses)
INFO - 06/04/26 23:20:57 - 0:04:44 - Encoded test: 100 examples in 0.00s (100 cache hits, 0 misses)
INFO - 06/04/26 23:20:57 - 0:04:44 - Memory allocated: 24.43MB, reserved: 53.12MB
INFO - 06/04/26 23:21:01 - 0:04:47 - step 100 | loss 0.8576 | steps time 3362.10ms
INFO - 06/04/26 23:21:04 - 0:04:51 - step 200 | loss 0.8180 | steps time 3420.05ms
INFO - 06/04/26 23:21:04 - 0:04:51 - step 200 train loss: 0.8412533208727837 test loss: 0.8414514064788818
INFO - 06/04/26 23:21:07 - 0:04:54 - step 300 | loss 0.8633 | steps time 3340.86ms
INFO - 06/04/26 23:21:11 - 0:04:57 - step 400 | loss 0.9000 | steps time 3321.70ms
INFO - 06/04/26 23:21:11 - 0:04:58 - step 400 train loss: 0.8356161704659462 test loss: 0.8298149108886719
INFO - 06/04/26 23:21:14 - 0:05:01 - step 500 | loss 0.8673 | steps time 3373.16ms
INFO - 06/04/26 23:21:18 - 0:05:04 - step 600 | loss 0.8366 | steps time 3345.93ms
INFO - 06/04/26 23:21:18 - 0:05:04 - step 600 train loss: 0.8372555547952651 test loss: 0.865287184715271
INFO - 06/04/26 23:21:21 - 0:05:08 - step 700 | loss 0.8370 | steps time 3419.37ms
INFO - 06/04/26 23:21:24 - 0:05:11 - step 800 | loss 0.8440 | steps time 3364.86ms
INFO - 06/04/26 23:21:25 - 0:05:11 - step 800 train loss: 0.8347776103019714 test loss: 0.837196409702301
INFO - 06/04/26 23:21:25 - 0:05:11 - [Epoch 2 AFTER_TRAIN] CPU: 0.0% | RAM: 658.9MB
INFO - 06/04/26 23:21:25 - 0:05:11 - Sample with temperature 1.4 to 2.0
INFO - 06/04/26 23:21:25 - 0:05:12 - Hasse-Witt percentile filter state: overall_diversity=0.026, overall_saturation=0.001, exact_saturation=0.001
INFO - 06/04/26 23:21:25 - 0:05:12 - 0 / 3968 samples generated, 0 scored
INFO - 06/04/26 23:21:32 - 0:05:19 - Recent generated novelty for Hasse-Witt filter: 1.000
INFO - 06/04/26 23:21:32 - 0:05:19 - Recent generated novelty for Hasse-Witt filter: 1.000
INFO - 06/04/26 23:21:42 - 0:05:28 - 640 / 3968 samples generated, 0 scored
INFO - 06/04/26 23:21:44 - 0:05:31 - Recent generated novelty for Hasse-Witt filter: 1.000
INFO - 06/04/26 23:21:44 - 0:05:31 - Recent generated novelty for Hasse-Witt filter: 1.000
INFO - 06/04/26 23:21:45 - 0:05:32 - Recent generated novelty for Hasse-Witt filter: 1.000
INFO - 06/04/26 23:21:46 - 0:05:32 - Recent generated novelty for Hasse-Witt filter: 1.000
INFO - 06/04/26 23:21:46 - 0:05:32 - Recent generated novelty for Hasse-Witt filter: 1.000
INFO - 06/04/26 23:21:47 - 0:05:34 - Recent generated novelty for Hasse-Witt filter: 1.000
INFO - 06/04/26 23:21:51 - 0:05:38 - 1280 / 3968 samples generated, 15 scored
INFO - 06/04/26 23:21:52 - 0:05:39 - Recent generated novelty for Hasse-Witt filter: 1.000
INFO - 06/04/26 23:21:53 - 0:05:40 - Recent generated novelty for Hasse-Witt filter: 1.000
INFO - 06/04/26 23:22:00 - 0:05:46 - Recent generated novelty for Hasse-Witt filter: 1.000
INFO - 06/04/26 23:22:01 - 0:05:47 - Recent generated novelty for Hasse-Witt filter: 1.000
INFO - 06/04/26 23:22:01 - 0:05:47 - Recent generated novelty for Hasse-Witt filter: 1.000
INFO - 06/04/26 23:22:01 - 0:05:48 - Recent generated novelty for Hasse-Witt filter: 1.000
INFO - 06/04/26 23:22:02 - 0:05:49 - Recent generated novelty for Hasse-Witt filter: 1.000
INFO - 06/04/26 23:22:03 - 0:05:50 - Recent generated novelty for Hasse-Witt filter: 1.000
INFO - 06/04/26 23:22:04 - 0:05:50 - Recent generated novelty for Hasse-Witt filter: 1.000
INFO - 06/04/26 23:22:04 - 0:05:51 - Recent generated novelty for Hasse-Witt filter: 1.000
INFO - 06/04/26 23:22:05 - 0:05:52 - Recent generated novelty for Hasse-Witt filter: 1.000
INFO - 06/04/26 23:22:06 - 0:05:53 - 1920 / 3968 samples generated, 38 scored
INFO - 06/04/26 23:22:06 - 0:05:53 - Recent generated novelty for Hasse-Witt filter: 1.000
INFO - 06/04/26 23:22:06 - 0:05:53 - Recent generated novelty for Hasse-Witt filter: 1.000
INFO - 06/04/26 23:22:08 - 0:05:54 - Recent generated novelty for Hasse-Witt filter: 1.000
INFO - 06/04/26 23:22:08 - 0:05:55 - Recent generated novelty for Hasse-Witt filter: 1.000
INFO - 06/04/26 23:22:09 - 0:05:55 - Recent generated novelty for Hasse-Witt filter: 1.000
INFO - 06/04/26 23:22:09 - 0:05:56 - Recent generated novelty for Hasse-Witt filter: 1.000
INFO - 06/04/26 23:22:09 - 0:05:56 - Recent generated novelty for Hasse-Witt filter: 1.000
INFO - 06/04/26 23:22:10 - 0:05:57 - Recent generated novelty for Hasse-Witt filter: 1.000
INFO - 06/04/26 23:22:11 - 0:05:58 - Recent generated novelty for Hasse-Witt filter: 1.000
INFO - 06/04/26 23:22:12 - 0:05:59 - Recent generated novelty for Hasse-Witt filter: 1.000
INFO - 06/04/26 23:22:13 - 0:06:00 - Recent generated novelty for Hasse-Witt filter: 1.000
INFO - 06/04/26 23:22:14 - 0:06:00 - Recent generated novelty for Hasse-Witt filter: 1.000
INFO - 06/04/26 23:22:14 - 0:06:01 - Recent generated novelty for Hasse-Witt filter: 1.000
INFO - 06/04/26 23:22:15 - 0:06:01 - Recent generated novelty for Hasse-Witt filter: 1.000
INFO - 06/04/26 23:22:15 - 0:06:02 - Recent generated novelty for Hasse-Witt filter: 1.000
INFO - 06/04/26 23:22:15 - 0:06:02 - Recent generated novelty for Hasse-Witt filter: 1.000
INFO - 06/04/26 23:22:15 - 0:06:02 - Recent generated novelty for Hasse-Witt filter: 1.000
INFO - 06/04/26 23:22:16 - 0:06:03 - Recent generated novelty for Hasse-Witt filter: 1.000
INFO - 06/04/26 23:22:17 - 0:06:03 - Recent generated novelty for Hasse-Witt filter: 1.000
INFO - 06/04/26 23:22:18 - 0:06:04 - Recent generated novelty for Hasse-Witt filter: 1.000
INFO - 06/04/26 23:22:18 - 0:06:04 - 2560 / 3968 samples generated, 80 scored
INFO - 06/04/26 23:22:18 - 0:06:05 - Recent generated novelty for Hasse-Witt filter: 1.000
INFO - 06/04/26 23:22:19 - 0:06:06 - Recent generated novelty for Hasse-Witt filter: 1.000
INFO - 06/04/26 23:22:20 - 0:06:07 - Recent generated novelty for Hasse-Witt filter: 1.000
INFO - 06/04/26 23:22:21 - 0:06:08 - Recent generated novelty for Hasse-Witt filter: 1.000
INFO - 06/04/26 23:22:23 - 0:06:09 - Recent generated novelty for Hasse-Witt filter: 1.000
INFO - 06/04/26 23:22:25 - 0:06:12 - Recent generated novelty for Hasse-Witt filter: 1.000
INFO - 06/04/26 23:22:28 - 0:06:14 - Recent generated novelty for Hasse-Witt filter: 1.000
INFO - 06/04/26 23:22:28 - 0:06:15 - Recent generated novelty for Hasse-Witt filter: 1.000
INFO - 06/04/26 23:22:29 - 0:06:16 - Recent generated novelty for Hasse-Witt filter: 1.000
INFO - 06/04/26 23:22:30 - 0:06:17 - Recent generated novelty for Hasse-Witt filter: 1.000
INFO - 06/04/26 23:22:31 - 0:06:18 - 3200 / 3968 samples generated, 104 scored
INFO - 06/04/26 23:22:31 - 0:06:18 - Recent generated novelty for Hasse-Witt filter: 1.000
INFO - 06/04/26 23:22:32 - 0:06:19 - Recent generated novelty for Hasse-Witt filter: 1.000
INFO - 06/04/26 23:22:33 - 0:06:20 - Recent generated novelty for Hasse-Witt filter: 1.000
INFO - 06/04/26 23:22:34 - 0:06:21 - Recent generated novelty for Hasse-Witt filter: 1.000
INFO - 06/04/26 23:22:36 - 0:06:23 - Recent generated novelty for Hasse-Witt filter: 1.000
INFO - 06/04/26 23:22:38 - 0:06:24 - Recent generated novelty for Hasse-Witt filter: 1.000
INFO - 06/04/26 23:22:39 - 0:06:25 - Recent generated novelty for Hasse-Witt filter: 1.000
INFO - 06/04/26 23:22:40 - 0:06:26 - Recent generated novelty for Hasse-Witt filter: 1.000
INFO - 06/04/26 23:22:40 - 0:06:27 - Recent generated novelty for Hasse-Witt filter: 1.000
INFO - 06/04/26 23:22:41 - 0:06:28 - Recent generated novelty for Hasse-Witt filter: 1.000
INFO - 06/04/26 23:22:44 - 0:06:30 - 3840 / 3968 samples generated, 126 scored
INFO - 06/04/26 23:22:44 - 0:06:30 - Recent generated novelty for Hasse-Witt filter: 1.000
INFO - 06/04/26 23:22:46 - 0:06:33 - Recent generated novelty for Hasse-Witt filter: 1.000
INFO - 06/04/26 23:22:47 - 0:06:34 - Recent generated novelty for Hasse-Witt filter: 1.000
INFO - 06/04/26 23:22:49 - 0:06:35 - ### Score distribution ###
INFO - 06/04/26 23:22:49 - 0:06:35 - Invalid examples: before local search: 9, after: 0
INFO - 06/04/26 23:22:49 - 0:06:35 - Valid examples: 133
INFO - 06/04/26 23:22:49 - 0:06:35 - Mean score: 3.9422305764411028
INFO - 06/04/26 23:22:49 - 0:06:35 - Median score: 4.0
INFO - 06/04/26 23:22:49 - 0:06:35 - Stdev score: 0.8912985383578691
INFO - 06/04/26 23:22:49 - 0:06:35 - Max score: 7.0
INFO - 06/04/26 23:22:49 - 0:06:35 - Top 1 percentile score: 6.66
INFO - 06/04/26 23:22:49 - 0:06:35 - Distribution of scores:
INFO - 06/04/26 23:22:49 - 0:06:35 - Score 2.2: Count: 1
INFO - 06/04/26 23:22:49 - 0:06:35 - Score 2.4: Count: 6
INFO - 06/04/26 23:22:49 - 0:06:35 - Score 2.6: Count: 3
INFO - 06/04/26 23:22:49 - 0:06:35 - Score 3.0: Count: 13
INFO - 06/04/26 23:22:49 - 0:06:35 - Score 3.25: Count: 20
INFO - 06/04/26 23:22:49 - 0:06:35 - Score 3.5: Count: 13
INFO - 06/04/26 23:22:49 - 0:06:35 - Score 3.75: Count: 3
INFO - 06/04/26 23:22:49 - 0:06:35 - Score 4.0: Count: 19
INFO - 06/04/26 23:22:49 - 0:06:35 - Score 4.333333333333333: Count: 26
INFO - 06/04/26 23:22:49 - 0:06:35 - Score 4.666666666666667: Count: 9
INFO - 06/04/26 23:22:49 - 0:06:35 - Score 5.0: Count: 10
INFO - 06/04/26 23:22:49 - 0:06:35 - Score 5.5: Count: 5
INFO - 06/04/26 23:22:49 - 0:06:35 - Score 6.0: Count: 4
INFO - 06/04/26 23:22:49 - 0:06:35 - Score 7.0: Count: 1
INFO - 06/04/26 23:22:49 - 0:06:35 - --------------------------------
INFO - 06/04/26 23:22:49 - 0:06:35 - [Epoch 2 AFTER_SAMPLE] CPU: 0.0% | RAM: 285.4MB
INFO - 06/04/26 23:22:49 - 0:06:35 - Unique processing: 133 examples left, 0 duplicates
INFO - 06/04/26 23:22:49 - 0:06:35 - ### Score distribution ###
INFO - 06/04/26 23:22:49 - 0:06:35 - Valid examples: 133
INFO - 06/04/26 23:22:49 - 0:06:35 - Mean score: 3.9422305764411028
INFO - 06/04/26 23:22:49 - 0:06:35 - Median score: 4.0
INFO - 06/04/26 23:22:49 - 0:06:35 - Stdev score: 0.8912985383578691
INFO - 06/04/26 23:22:49 - 0:06:35 - Max score: 7.0
INFO - 06/04/26 23:22:49 - 0:06:35 - Top 1 percentile score: 6.66
INFO - 06/04/26 23:22:49 - 0:06:35 - Distribution of scores:
INFO - 06/04/26 23:22:49 - 0:06:35 - Score 2.2: Count: 1
INFO - 06/04/26 23:22:49 - 0:06:35 - Score 2.4: Count: 6
INFO - 06/04/26 23:22:49 - 0:06:35 - Score 2.6: Count: 3
INFO - 06/04/26 23:22:49 - 0:06:35 - Score 3.0: Count: 13
INFO - 06/04/26 23:22:49 - 0:06:35 - Score 3.25: Count: 20
INFO - 06/04/26 23:22:49 - 0:06:35 - Score 3.5: Count: 13
INFO - 06/04/26 23:22:49 - 0:06:35 - Score 3.75: Count: 3
INFO - 06/04/26 23:22:49 - 0:06:35 - Score 4.0: Count: 19
INFO - 06/04/26 23:22:49 - 0:06:35 - Score 4.333333333333333: Count: 26
INFO - 06/04/26 23:22:49 - 0:06:35 - Score 4.666666666666667: Count: 9
INFO - 06/04/26 23:22:49 - 0:06:35 - Score 5.0: Count: 10
INFO - 06/04/26 23:22:49 - 0:06:35 - Score 5.5: Count: 5
INFO - 06/04/26 23:22:49 - 0:06:35 - Score 6.0: Count: 4
INFO - 06/04/26 23:22:49 - 0:06:35 - Score 7.0: Count: 1
INFO - 06/04/26 23:22:49 - 0:06:35 - --------------------------------
INFO - 06/04/26 23:22:49 - 0:06:35 - New train and test generated. Size are train: 133, test 100
INFO - 06/04/26 23:22:49 - 0:06:35 - Unique data computed for original train set: 8000, generated train set: 133
INFO - 06/04/26 23:22:49 - 0:06:35 - Final train and test generated. Size are train: 8000, test 100
INFO - 06/04/26 23:22:49 - 0:06:36 - [Epoch 2 AFTER_UPDATE_DATASETS] CPU: 0.0% | RAM: 340.8MB
INFO - 06/04/26 23:22:49 - 0:06:36 - ### Score distribution ###
INFO - 06/04/26 23:22:49 - 0:06:36 - Valid examples: 8000
INFO - 06/04/26 23:22:49 - 0:06:36 - Mean score: 2.37198125
INFO - 06/04/26 23:22:49 - 0:06:36 - Median score: 2.2
INFO - 06/04/26 23:22:49 - 0:06:36 - Stdev score: 0.9278936926884449
INFO - 06/04/26 23:22:49 - 0:06:36 - Max score: 7.0
INFO - 06/04/26 23:22:49 - 0:06:36 - Top 1 percentile score: 5.0
INFO - 06/04/26 23:22:49 - 0:06:36 - Distribution of scores:
INFO - 06/04/26 23:22:49 - 0:06:36 - Score 1.1666666666666667: Count: 467
INFO - 06/04/26 23:22:49 - 0:06:36 - Score 1.3333333333333333: Count: 1201
INFO - 06/04/26 23:22:49 - 0:06:36 - Score 1.5: Count: 455
INFO - 06/04/26 23:22:49 - 0:06:36 - Score 1.6666666666666665: Count: 66
INFO - 06/04/26 23:22:49 - 0:06:36 - Score 1.8333333333333335: Count: 1
INFO - 06/04/26 23:22:49 - 0:06:36 - Score 2.0: Count: 933
INFO - 06/04/26 23:22:49 - 0:06:36 - Score 2.2: Count: 1475
INFO - 06/04/26 23:22:49 - 0:06:36 - Score 2.4: Count: 878
INFO - 06/04/26 23:22:49 - 0:06:36 - Score 2.6: Count: 250
INFO - 06/04/26 23:22:49 - 0:06:36 - Score 2.8: Count: 18
INFO - 06/04/26 23:22:49 - 0:06:36 - Score 3.0: Count: 516
INFO - 06/04/26 23:22:49 - 0:06:36 - Score 3.25: Count: 689
INFO - 06/04/26 23:22:49 - 0:06:36 - Score 3.5: Count: 326
INFO - 06/04/26 23:22:49 - 0:06:36 - Score 3.75: Count: 58
INFO - 06/04/26 23:22:49 - 0:06:36 - Score 4.0: Count: 231
INFO - 06/04/26 23:22:49 - 0:06:36 - Score 4.333333333333333: Count: 233
INFO - 06/04/26 23:22:49 - 0:06:36 - Score 4.666666666666667: Count: 77
INFO - 06/04/26 23:22:49 - 0:06:36 - Score 5.0: Count: 63
INFO - 06/04/26 23:22:49 - 0:06:36 - Score 5.5: Count: 40
INFO - 06/04/26 23:22:49 - 0:06:36 - Score 6.0: Count: 18
INFO - 06/04/26 23:22:49 - 0:06:36 - Score 7.0: Count: 5
INFO - 06/04/26 23:22:49 - 0:06:36 - --------------------------------
INFO - 06/04/26 23:22:49 - 0:06:36 - ==== Starting Epoch 3 =====
INFO - 06/04/26 23:22:49 - 0:06:36 - [Epoch 3 START] CPU: 0.0% | RAM: 421.8MB
INFO - 06/04/26 23:22:49 - 0:06:36 - Encoded train: 8000 examples in 0.02s (7874 cache hits, 126 misses)
INFO - 06/04/26 23:22:49 - 0:06:36 - Encoded test: 100 examples in 0.00s (100 cache hits, 0 misses)
INFO - 06/04/26 23:22:49 - 0:06:36 - Memory allocated: 24.42MB, reserved: 47.12MB
INFO - 06/04/26 23:22:53 - 0:06:39 - step 100 | loss 0.8065 | steps time 3409.06ms
INFO - 06/04/26 23:22:56 - 0:06:43 - step 200 | loss 0.9081 | steps time 3305.94ms
INFO - 06/04/26 23:22:56 - 0:06:43 - step 200 train loss: 0.8314968094229698 test loss: 0.8320968151092529
INFO - 06/04/26 23:22:59 - 0:06:46 - step 300 | loss 0.7932 | steps time 3295.88ms
INFO - 06/04/26 23:23:03 - 0:06:49 - step 400 | loss 0.8363 | steps time 3313.80ms
INFO - 06/04/26 23:23:03 - 0:06:49 - step 400 train loss: 0.8305975031852723 test loss: 0.8263211846351624
INFO - 06/04/26 23:23:06 - 0:06:53 - step 500 | loss 0.7887 | steps time 3309.06ms
INFO - 06/04/26 23:23:09 - 0:06:56 - step 600 | loss 0.8276 | steps time 3363.16ms
INFO - 06/04/26 23:23:10 - 0:06:56 - step 600 train loss: 0.83294890999794 test loss: 0.8343158960342407
INFO - 06/04/26 23:23:13 - 0:06:59 - step 700 | loss 0.8546 | steps time 3282.94ms
INFO - 06/04/26 23:23:16 - 0:07:03 - step 800 | loss 0.7816 | steps time 3303.83ms
INFO - 06/04/26 23:23:16 - 0:07:03 - step 800 train loss: 0.8261113464832306 test loss: 0.8243229389190674
INFO - 06/04/26 23:23:16 - 0:07:03 - [Epoch 3 AFTER_TRAIN] CPU: 0.0% | RAM: 523.3MB
INFO - 06/04/26 23:23:16 - 0:07:03 - Sample with temperature 1.4 to 2.0
INFO - 06/04/26 23:23:17 - 0:07:03 - Hasse-Witt percentile filter state: overall_diversity=0.026, overall_saturation=0.001, exact_saturation=0.001
INFO - 06/04/26 23:23:17 - 0:07:03 - 0 / 3968 samples generated, 0 scored
INFO - 06/04/26 23:23:23 - 0:07:10 - Recent generated novelty for Hasse-Witt filter: 1.000
INFO - 06/04/26 23:23:29 - 0:07:15 - 640 / 3968 samples generated, 0 scored
INFO - 06/04/26 23:23:36 - 0:07:23 - Recent generated novelty for Hasse-Witt filter: 1.000
INFO - 06/04/26 23:23:38 - 0:07:24 - Recent generated novelty for Hasse-Witt filter: 1.000
INFO - 06/04/26 23:23:39 - 0:07:25 - Recent generated novelty for Hasse-Witt filter: 1.000
INFO - 06/04/26 23:23:39 - 0:07:26 - Recent generated novelty for Hasse-Witt filter: 1.000
INFO - 06/04/26 23:23:40 - 0:07:27 - Recent generated novelty for Hasse-Witt filter: 1.000
INFO - 06/04/26 23:23:41 - 0:07:27 - Recent generated novelty for Hasse-Witt filter: 1.000
INFO - 06/04/26 23:23:41 - 0:07:28 - Recent generated novelty for Hasse-Witt filter: 1.000
INFO - 06/04/26 23:23:41 - 0:07:28 - Recent generated novelty for Hasse-Witt filter: 1.000
INFO - 06/04/26 23:23:41 - 0:07:28 - Recent generated novelty for Hasse-Witt filter: 1.000
INFO - 06/04/26 23:23:42 - 0:07:29 - Recent generated novelty for Hasse-Witt filter: 1.000
INFO - 06/04/26 23:23:43 - 0:07:29 - Recent generated novelty for Hasse-Witt filter: 1.000
INFO - 06/04/26 23:23:43 - 0:07:29 - Recent generated novelty for Hasse-Witt filter: 1.000
INFO - 06/04/26 23:23:44 - 0:07:30 - Recent generated novelty for Hasse-Witt filter: 1.000
INFO - 06/04/26 23:23:44 - 0:07:31 - Recent generated novelty for Hasse-Witt filter: 1.000
INFO - 06/04/26 23:23:46 - 0:07:32 - Recent generated novelty for Hasse-Witt filter: 1.000
INFO - 06/04/26 23:23:47 - 0:07:33 - Recent generated novelty for Hasse-Witt filter: 1.000
INFO - 06/04/26 23:23:47 - 0:07:33 - 1280 / 3968 samples generated, 38 scored
INFO - 06/04/26 23:23:47 - 0:07:34 - Recent generated novelty for Hasse-Witt filter: 1.000
INFO - 06/04/26 23:23:48 - 0:07:35 - Recent generated novelty for Hasse-Witt filter: 1.000
INFO - 06/04/26 23:23:49 - 0:07:36 - Recent generated novelty for Hasse-Witt filter: 1.000
INFO - 06/04/26 23:23:50 - 0:07:37 - Recent generated novelty for Hasse-Witt filter: 1.000
INFO - 06/04/26 23:23:50 - 0:07:37 - Recent generated novelty for Hasse-Witt filter: 1.000
INFO - 06/04/26 23:23:51 - 0:07:38 - Recent generated novelty for Hasse-Witt filter: 1.000
INFO - 06/04/26 23:23:52 - 0:07:39 - Recent generated novelty for Hasse-Witt filter: 1.000
INFO - 06/04/26 23:23:53 - 0:07:40 - Recent generated novelty for Hasse-Witt filter: 1.000
INFO - 06/04/26 23:23:55 - 0:07:41 - Recent generated novelty for Hasse-Witt filter: 1.000
INFO - 06/04/26 23:23:57 - 0:07:43 - Recent generated novelty for Hasse-Witt filter: 1.000
INFO - 06/04/26 23:23:58 - 0:07:44 - Recent generated novelty for Hasse-Witt filter: 1.000
INFO - 06/04/26 23:23:59 - 0:07:46 - Recent generated novelty for Hasse-Witt filter: 1.000
INFO - 06/04/26 23:24:01 - 0:07:48 - 1920 / 3968 samples generated, 68 scored
INFO - 06/04/26 23:24:01 - 0:07:48 - Recent generated novelty for Hasse-Witt filter: 1.000
INFO - 06/04/26 23:24:02 - 0:07:49 - Recent generated novelty for Hasse-Witt filter: 1.000
INFO - 06/04/26 23:24:04 - 0:07:51 - Recent generated novelty for Hasse-Witt filter: 1.000
INFO - 06/04/26 23:24:06 - 0:07:53 - Recent generated novelty for Hasse-Witt filter: 1.000
INFO - 06/04/26 23:24:08 - 0:07:54 - Recent generated novelty for Hasse-Witt filter: 1.000
INFO - 06/04/26 23:24:09 - 0:07:56 - Recent generated novelty for Hasse-Witt filter: 1.000
INFO - 06/04/26 23:24:10 - 0:07:57 - Recent generated novelty for Hasse-Witt filter: 1.000
INFO - 06/04/26 23:24:12 - 0:07:59 - Recent generated novelty for Hasse-Witt filter: 1.000
INFO - 06/04/26 23:24:14 - 0:08:01 - Recent generated novelty for Hasse-Witt filter: 1.000
INFO - 06/04/26 23:24:15 - 0:08:02 - Recent generated novelty for Hasse-Witt filter: 1.000
INFO - 06/04/26 23:24:16 - 0:08:03 - 2560 / 3968 samples generated, 96 scored
INFO - 06/04/26 23:24:16 - 0:08:03 - Recent generated novelty for Hasse-Witt filter: 1.000
INFO - 06/04/26 23:24:18 - 0:08:04 - Recent generated novelty for Hasse-Witt filter: 1.000
INFO - 06/04/26 23:24:19 - 0:08:05 - Recent generated novelty for Hasse-Witt filter: 1.000
INFO - 06/04/26 23:24:19 - 0:08:06 - Recent generated novelty for Hasse-Witt filter: 1.000
INFO - 06/04/26 23:24:20 - 0:08:06 - Recent generated novelty for Hasse-Witt filter: 1.000
INFO - 06/04/26 23:24:21 - 0:08:08 - Recent generated novelty for Hasse-Witt filter: 1.000
INFO - 06/04/26 23:24:22 - 0:08:09 - Recent generated novelty for Hasse-Witt filter: 1.000
INFO - 06/04/26 23:24:24 - 0:08:11 - Recent generated novelty for Hasse-Witt filter: 1.000
INFO - 06/04/26 23:24:25 - 0:08:12 - Recent generated novelty for Hasse-Witt filter: 1.000
INFO - 06/04/26 23:24:27 - 0:08:14 - Recent generated novelty for Hasse-Witt filter: 1.000
INFO - 06/04/26 23:24:27 - 0:08:14 - 3200 / 3968 samples generated, 124 scored
INFO - 06/04/26 23:24:28 - 0:08:15 - Recent generated novelty for Hasse-Witt filter: 1.000
INFO - 06/04/26 23:24:29 - 0:08:16 - Recent generated novelty for Hasse-Witt filter: 1.000
INFO - 06/04/26 23:24:31 - 0:08:18 - Recent generated novelty for Hasse-Witt filter: 1.000
INFO - 06/04/26 23:24:32 - 0:08:19 - Recent generated novelty for Hasse-Witt filter: 1.000
INFO - 06/04/26 23:24:34 - 0:08:20 - Recent generated novelty for Hasse-Witt filter: 1.000
INFO - 06/04/26 23:24:34 - 0:08:21 - Recent generated novelty for Hasse-Witt filter: 1.000
INFO - 06/04/26 23:24:36 - 0:08:22 - Recent generated novelty for Hasse-Witt filter: 1.000
INFO - 06/04/26 23:24:37 - 0:08:23 - Recent generated novelty for Hasse-Witt filter: 1.000
INFO - 06/04/26 23:24:39 - 0:08:26 - Recent generated novelty for Hasse-Witt filter: 1.000
INFO - 06/04/26 23:24:41 - 0:08:28 - Recent generated novelty for Hasse-Witt filter: 1.000
INFO - 06/04/26 23:24:43 - 0:08:30 - 3840 / 3968 samples generated, 153 scored
INFO - 06/04/26 23:24:43 - 0:08:30 - Recent generated novelty for Hasse-Witt filter: 1.000
INFO - 06/04/26 23:24:45 - 0:08:32 - Recent generated novelty for Hasse-Witt filter: 1.000
INFO - 06/04/26 23:24:47 - 0:08:34 - Recent generated novelty for Hasse-Witt filter: 1.000
INFO - 06/04/26 23:24:49 - 0:08:35 - ### Score distribution ###
INFO - 06/04/26 23:24:49 - 0:08:35 - Invalid examples: before local search: 8, after: 0
INFO - 06/04/26 23:24:49 - 0:08:35 - Valid examples: 161
INFO - 06/04/26 23:24:49 - 0:08:35 - Mean score: 3.9599378881987577
INFO - 06/04/26 23:24:49 - 0:08:35 - Median score: 4.0
INFO - 06/04/26 23:24:49 - 0:08:35 - Stdev score: 0.870548954527615
INFO - 06/04/26 23:24:49 - 0:08:35 - Max score: 7.0
INFO - 06/04/26 23:24:49 - 0:08:35 - Top 1 percentile score: 7.0
INFO - 06/04/26 23:24:49 - 0:08:35 - Distribution of scores:
INFO - 06/04/26 23:24:49 - 0:08:35 - Score 2.2: Count: 1
INFO - 06/04/26 23:24:49 - 0:08:35 - Score 2.4: Count: 10
INFO - 06/04/26 23:24:49 - 0:08:35 - Score 2.6: Count: 1
INFO - 06/04/26 23:24:49 - 0:08:35 - Score 3.0: Count: 6
INFO - 06/04/26 23:24:49 - 0:08:35 - Score 3.25: Count: 23
INFO - 06/04/26 23:24:49 - 0:08:35 - Score 3.5: Count: 23
INFO - 06/04/26 23:24:49 - 0:08:35 - Score 3.75: Count: 8
INFO - 06/04/26 23:24:49 - 0:08:35 - Score 4.0: Count: 24
INFO - 06/04/26 23:24:49 - 0:08:35 - Score 4.333333333333333: Count: 32
INFO - 06/04/26 23:24:49 - 0:08:35 - Score 4.666666666666667: Count: 14
INFO - 06/04/26 23:24:49 - 0:08:35 - Score 5.0: Count: 10
INFO - 06/04/26 23:24:49 - 0:08:35 - Score 5.5: Count: 3
INFO - 06/04/26 23:24:49 - 0:08:35 - Score 6.0: Count: 3
INFO - 06/04/26 23:24:49 - 0:08:35 - Score 7.0: Count: 3
INFO - 06/04/26 23:24:49 - 0:08:35 - --------------------------------
INFO - 06/04/26 23:24:49 - 0:08:35 - [Epoch 3 AFTER_SAMPLE] CPU: 0.0% | RAM: 351.7MB
INFO - 06/04/26 23:24:49 - 0:08:36 - Unique processing: 161 examples left, 0 duplicates
INFO - 06/04/26 23:24:49 - 0:08:36 - ### Score distribution ###
INFO - 06/04/26 23:24:49 - 0:08:36 - Valid examples: 161
INFO - 06/04/26 23:24:49 - 0:08:36 - Mean score: 3.9599378881987577
INFO - 06/04/26 23:24:49 - 0:08:36 - Median score: 4.0
INFO - 06/04/26 23:24:49 - 0:08:36 - Stdev score: 0.870548954527615
INFO - 06/04/26 23:24:49 - 0:08:36 - Max score: 7.0
INFO - 06/04/26 23:24:49 - 0:08:36 - Top 1 percentile score: 7.0
INFO - 06/04/26 23:24:49 - 0:08:36 - Distribution of scores:
INFO - 06/04/26 23:24:49 - 0:08:36 - Score 2.2: Count: 1
INFO - 06/04/26 23:24:49 - 0:08:36 - Score 2.4: Count: 10
INFO - 06/04/26 23:24:49 - 0:08:36 - Score 2.6: Count: 1
INFO - 06/04/26 23:24:49 - 0:08:36 - Score 3.0: Count: 6
INFO - 06/04/26 23:24:49 - 0:08:36 - Score 3.25: Count: 23
INFO - 06/04/26 23:24:49 - 0:08:36 - Score 3.5: Count: 23
INFO - 06/04/26 23:24:49 - 0:08:36 - Score 3.75: Count: 8
INFO - 06/04/26 23:24:49 - 0:08:36 - Score 4.0: Count: 24
INFO - 06/04/26 23:24:49 - 0:08:36 - Score 4.333333333333333: Count: 32
INFO - 06/04/26 23:24:49 - 0:08:36 - Score 4.666666666666667: Count: 14
INFO - 06/04/26 23:24:49 - 0:08:36 - Score 5.0: Count: 10
INFO - 06/04/26 23:24:49 - 0:08:36 - Score 5.5: Count: 3
INFO - 06/04/26 23:24:49 - 0:08:36 - Score 6.0: Count: 3
INFO - 06/04/26 23:24:49 - 0:08:36 - Score 7.0: Count: 3
INFO - 06/04/26 23:24:49 - 0:08:36 - --------------------------------
INFO - 06/04/26 23:24:49 - 0:08:36 - New train and test generated. Size are train: 161, test 100
INFO - 06/04/26 23:24:49 - 0:08:36 - Unique data computed for original train set: 8000, generated train set: 161
INFO - 06/04/26 23:24:49 - 0:08:36 - Final train and test generated. Size are train: 8000, test 100
INFO - 06/04/26 23:24:49 - 0:08:36 - [Epoch 3 AFTER_UPDATE_DATASETS] CPU: 0.0% | RAM: 404.3MB
INFO - 06/04/26 23:24:49 - 0:08:36 - ### Score distribution ###
INFO - 06/04/26 23:24:49 - 0:08:36 - Valid examples: 8000
INFO - 06/04/26 23:24:49 - 0:08:36 - Mean score: 2.4281958333333336
INFO - 06/04/26 23:24:49 - 0:08:36 - Median score: 2.2
INFO - 06/04/26 23:24:49 - 0:08:36 - Stdev score: 0.9457790375064716
INFO - 06/04/26 23:24:49 - 0:08:36 - Max score: 7.0
INFO - 06/04/26 23:24:49 - 0:08:36 - Top 1 percentile score: 5.0
INFO - 06/04/26 23:24:49 - 0:08:36 - Distribution of scores:
INFO - 06/04/26 23:24:49 - 0:08:36 - Score 1.1666666666666667: Count: 306
INFO - 06/04/26 23:24:49 - 0:08:36 - Score 1.3333333333333333: Count: 1201
INFO - 06/04/26 23:24:49 - 0:08:36 - Score 1.5: Count: 455
INFO - 06/04/26 23:24:49 - 0:08:36 - Score 1.6666666666666665: Count: 66
INFO - 06/04/26 23:24:49 - 0:08:36 - Score 1.8333333333333335: Count: 1
INFO - 06/04/26 23:24:49 - 0:08:36 - Score 2.0: Count: 933
INFO - 06/04/26 23:24:49 - 0:08:36 - Score 2.2: Count: 1476
INFO - 06/04/26 23:24:49 - 0:08:36 - Score 2.4: Count: 888
INFO - 06/04/26 23:24:49 - 0:08:36 - Score 2.6: Count: 251
INFO - 06/04/26 23:24:49 - 0:08:36 - Score 2.8: Count: 18
INFO - 06/04/26 23:24:49 - 0:08:36 - Score 3.0: Count: 522
INFO - 06/04/26 23:24:49 - 0:08:36 - Score 3.25: Count: 712
INFO - 06/04/26 23:24:49 - 0:08:36 - Score 3.5: Count: 349
INFO - 06/04/26 23:24:49 - 0:08:36 - Score 3.75: Count: 66
INFO - 06/04/26 23:24:49 - 0:08:36 - Score 4.0: Count: 255
INFO - 06/04/26 23:24:49 - 0:08:36 - Score 4.333333333333333: Count: 265
INFO - 06/04/26 23:24:49 - 0:08:36 - Score 4.666666666666667: Count: 91
INFO - 06/04/26 23:24:49 - 0:08:36 - Score 5.0: Count: 73
INFO - 06/04/26 23:24:49 - 0:08:36 - Score 5.5: Count: 43
INFO - 06/04/26 23:24:49 - 0:08:36 - Score 6.0: Count: 21
INFO - 06/04/26 23:24:49 - 0:08:36 - Score 7.0: Count: 8
INFO - 06/04/26 23:24:49 - 0:08:36 - --------------------------------
INFO - 06/04/26 23:24:49 - 0:08:36 - ==== Starting Epoch 4 =====
INFO - 06/04/26 23:24:49 - 0:08:36 - [Epoch 4 START] CPU: 0.0% | RAM: 481.5MB
INFO - 06/04/26 23:24:49 - 0:08:36 - Encoded train: 8000 examples in 0.02s (7844 cache hits, 156 misses)
INFO - 06/04/26 23:24:49 - 0:08:36 - Encoded test: 100 examples in 0.00s (100 cache hits, 0 misses)
INFO - 06/04/26 23:24:49 - 0:08:36 - Memory allocated: 24.40MB, reserved: 55.12MB
INFO - 06/04/26 23:24:53 - 0:08:40 - step 100 | loss 0.8280 | steps time 3445.55ms
INFO - 06/04/26 23:24:57 - 0:08:43 - step 200 | loss 0.8145 | steps time 3858.27ms
INFO - 06/04/26 23:24:57 - 0:08:44 - step 200 train loss: 0.8286921802163124 test loss: 0.8326032757759094
INFO - 06/04/26 23:25:00 - 0:08:47 - step 300 | loss 0.7950 | steps time 3386.17ms
INFO - 06/04/26 23:25:04 - 0:08:50 - step 400 | loss 0.8097 | steps time 3400.99ms
INFO - 06/04/26 23:25:04 - 0:08:50 - step 400 train loss: 0.830680501461029 test loss: 0.8376393914222717
INFO - 06/04/26 23:25:07 - 0:08:54 - step 500 | loss 0.8506 | steps time 3417.07ms
INFO - 06/04/26 23:25:11 - 0:08:58 - step 600 | loss 0.8173 | steps time 3662.16ms
INFO - 06/04/26 23:25:11 - 0:08:58 - step 600 train loss: 0.8308642560243606 test loss: 0.819082498550415
INFO - 06/04/26 23:25:14 - 0:09:01 - step 700 | loss 0.8153 | steps time 3485.64ms
INFO - 06/04/26 23:25:18 - 0:09:05 - step 800 | loss 0.8470 | steps time 3461.58ms
INFO - 06/04/26 23:25:18 - 0:09:05 - step 800 train loss: 0.8305343303084374 test loss: 0.824802041053772
INFO - 06/04/26 23:25:18 - 0:09:05 - [Epoch 4 AFTER_TRAIN] CPU: 0.0% | RAM: 631.9MB
INFO - 06/04/26 23:25:18 - 0:09:05 - Sample with temperature 1.4 to 2.0
INFO - 06/04/26 23:25:18 - 0:09:05 - Hasse-Witt percentile filter state: overall_diversity=0.026, overall_saturation=0.002, exact_saturation=0.001
INFO - 06/04/26 23:25:18 - 0:09:05 - 0 / 3968 samples generated, 0 scored
INFO - 06/04/26 23:25:25 - 0:09:12 - Recent generated novelty for Hasse-Witt filter: 1.000
INFO - 06/04/26 23:25:25 - 0:09:12 - Recent generated novelty for Hasse-Witt filter: 1.000
INFO - 06/04/26 23:25:30 - 0:09:17 - 640 / 3968 samples generated, 0 scored
INFO - 06/04/26 23:25:38 - 0:09:25 - Recent generated novelty for Hasse-Witt filter: 1.000
INFO - 06/04/26 23:25:40 - 0:09:27 - Recent generated novelty for Hasse-Witt filter: 1.000
INFO - 06/04/26 23:25:40 - 0:09:27 - Recent generated novelty for Hasse-Witt filter: 1.000
INFO - 06/04/26 23:25:41 - 0:09:28 - Recent generated novelty for Hasse-Witt filter: 1.000
INFO - 06/04/26 23:25:42 - 0:09:29 - Recent generated novelty for Hasse-Witt filter: 1.000
INFO - 06/04/26 23:25:43 - 0:09:30 - Recent generated novelty for Hasse-Witt filter: 1.000
INFO - 06/04/26 23:25:43 - 0:09:30 - 1280 / 3968 samples generated, 25 scored
INFO - 06/04/26 23:25:44 - 0:09:31 - Recent generated novelty for Hasse-Witt filter: 1.000
INFO - 06/04/26 23:25:44 - 0:09:31 - Recent generated novelty for Hasse-Witt filter: 1.000
INFO - 06/04/26 23:25:45 - 0:09:32 - Recent generated novelty for Hasse-Witt filter: 1.000
INFO - 06/04/26 23:25:45 - 0:09:32 - Recent generated novelty for Hasse-Witt filter: 1.000
INFO - 06/04/26 23:25:46 - 0:09:32 - Recent generated novelty for Hasse-Witt filter: 1.000
INFO - 06/04/26 23:25:46 - 0:09:33 - Recent generated novelty for Hasse-Witt filter: 1.000
INFO - 06/04/26 23:25:47 - 0:09:34 - Recent generated novelty for Hasse-Witt filter: 1.000
INFO - 06/04/26 23:25:48 - 0:09:34 - Recent generated novelty for Hasse-Witt filter: 1.000
INFO - 06/04/26 23:25:49 - 0:09:35 - Recent generated novelty for Hasse-Witt filter: 1.000
INFO - 06/04/26 23:25:49 - 0:09:35 - Recent generated novelty for Hasse-Witt filter: 1.000
INFO - 06/04/26 23:25:49 - 0:09:36 - Recent generated novelty for Hasse-Witt filter: 1.000
INFO - 06/04/26 23:25:50 - 0:09:37 - Recent generated novelty for Hasse-Witt filter: 1.000
INFO - 06/04/26 23:25:51 - 0:09:38 - Recent generated novelty for Hasse-Witt filter: 1.000
INFO - 06/04/26 23:25:51 - 0:09:38 - Recent generated novelty for Hasse-Witt filter: 1.000
INFO - 06/04/26 23:25:52 - 0:09:39 - Recent generated novelty for Hasse-Witt filter: 1.000
INFO - 06/04/26 23:25:53 - 0:09:39 - Recent generated novelty for Hasse-Witt filter: 1.000
INFO - 06/04/26 23:25:54 - 0:09:40 - Recent generated novelty for Hasse-Witt filter: 1.000
INFO - 06/04/26 23:25:54 - 0:09:41 - 1920 / 3968 samples generated, 58 scored
INFO - 06/04/26 23:25:55 - 0:09:41 - Recent generated novelty for Hasse-Witt filter: 1.000
INFO - 06/04/26 23:25:55 - 0:09:41 - Recent generated novelty for Hasse-Witt filter: 1.000
INFO - 06/04/26 23:25:55 - 0:09:41 - Recent generated novelty for Hasse-Witt filter: 1.000
INFO - 06/04/26 23:25:55 - 0:09:42 - Recent generated novelty for Hasse-Witt filter: 1.000
INFO - 06/04/26 23:25:57 - 0:09:44 - Recent generated novelty for Hasse-Witt filter: 1.000
INFO - 06/04/26 23:25:58 - 0:09:44 - Recent generated novelty for Hasse-Witt filter: 1.000
INFO - 06/04/26 23:25:59 - 0:09:45 - Recent generated novelty for Hasse-Witt filter: 1.000
INFO - 06/04/26 23:25:59 - 0:09:46 - Recent generated novelty for Hasse-Witt filter: 1.000
INFO - 06/04/26 23:26:01 - 0:09:47 - Recent generated novelty for Hasse-Witt filter: 1.000
INFO - 06/04/26 23:26:02 - 0:09:48 - Recent generated novelty for Hasse-Witt filter: 1.000
INFO - 06/04/26 23:26:02 - 0:09:49 - Recent generated novelty for Hasse-Witt filter: 1.000
INFO - 06/04/26 23:26:03 - 0:09:50 - Recent generated novelty for Hasse-Witt filter: 1.000
INFO - 06/04/26 23:26:04 - 0:09:51 - Recent generated novelty for Hasse-Witt filter: 1.000
INFO - 06/04/26 23:26:05 - 0:09:52 - Recent generated novelty for Hasse-Witt filter: 1.000
INFO - 06/04/26 23:26:06 - 0:09:52 - 2560 / 3968 samples generated, 95 scored
INFO - 06/04/26 23:26:06 - 0:09:53 - Recent generated novelty for Hasse-Witt filter: 1.000
INFO - 06/04/26 23:26:07 - 0:09:54 - Recent generated novelty for Hasse-Witt filter: 1.000
INFO - 06/04/26 23:26:08 - 0:09:55 - Recent generated novelty for Hasse-Witt filter: 1.000
INFO - 06/04/26 23:26:09 - 0:09:56 - Recent generated novelty for Hasse-Witt filter: 1.000
INFO - 06/04/26 23:26:10 - 0:09:57 - Recent generated novelty for Hasse-Witt filter: 1.000
INFO - 06/04/26 23:26:12 - 0:09:59 - Recent generated novelty for Hasse-Witt filter: 1.000
INFO - 06/04/26 23:26:13 - 0:10:00 - Recent generated novelty for Hasse-Witt filter: 1.000
INFO - 06/04/26 23:26:14 - 0:10:00 - Recent generated novelty for Hasse-Witt filter: 1.000
INFO - 06/04/26 23:26:15 - 0:10:02 - Recent generated novelty for Hasse-Witt filter: 1.000
INFO - 06/04/26 23:26:17 - 0:10:04 - Recent generated novelty for Hasse-Witt filter: 1.000
INFO - 06/04/26 23:26:19 - 0:10:06 - 3200 / 3968 samples generated, 123 scored
INFO - 06/04/26 23:26:19 - 0:10:06 - Recent generated novelty for Hasse-Witt filter: 1.000
INFO - 06/04/26 23:26:20 - 0:10:07 - Recent generated novelty for Hasse-Witt filter: 1.000
INFO - 06/04/26 23:26:21 - 0:10:08 - Recent generated novelty for Hasse-Witt filter: 1.000
INFO - 06/04/26 23:26:22 - 0:10:09 - Recent generated novelty for Hasse-Witt filter: 1.000
INFO - 06/04/26 23:26:23 - 0:10:10 - Recent generated novelty for Hasse-Witt filter: 1.000
INFO - 06/04/26 23:26:25 - 0:10:11 - Recent generated novelty for Hasse-Witt filter: 1.000
INFO - 06/04/26 23:26:26 - 0:10:13 - Recent generated novelty for Hasse-Witt filter: 1.000
INFO - 06/04/26 23:26:27 - 0:10:14 - Recent generated novelty for Hasse-Witt filter: 1.000
INFO - 06/04/26 23:26:28 - 0:10:14 - Recent generated novelty for Hasse-Witt filter: 1.000
INFO - 06/04/26 23:26:30 - 0:10:16 - Recent generated novelty for Hasse-Witt filter: 1.000
INFO - 06/04/26 23:26:30 - 0:10:17 - 3840 / 3968 samples generated, 144 scored
INFO - 06/04/26 23:26:30 - 0:10:17 - Recent generated novelty for Hasse-Witt filter: 1.000
INFO - 06/04/26 23:26:31 - 0:10:18 - Recent generated novelty for Hasse-Witt filter: 1.000
INFO - 06/04/26 23:26:32 - 0:10:19 - Recent generated novelty for Hasse-Witt filter: 1.000
INFO - 06/04/26 23:26:34 - 0:10:21 - ### Score distribution ###
INFO - 06/04/26 23:26:34 - 0:10:21 - Invalid examples: before local search: 8, after: 0
INFO - 06/04/26 23:26:34 - 0:10:21 - Valid examples: 155
INFO - 06/04/26 23:26:34 - 0:10:21 - Mean score: 3.8633333333333333
INFO - 06/04/26 23:26:34 - 0:10:21 - Median score: 3.5
INFO - 06/04/26 23:26:34 - 0:10:21 - Stdev score: 0.8186022649062658
INFO - 06/04/26 23:26:34 - 0:10:21 - Max score: 7.0
INFO - 06/04/26 23:26:34 - 0:10:21 - Top 1 percentile score: 6.44
INFO - 06/04/26 23:26:34 - 0:10:21 - Distribution of scores:
INFO - 06/04/26 23:26:34 - 0:10:21 - Score 2.0: Count: 1
INFO - 06/04/26 23:26:34 - 0:10:21 - Score 2.2: Count: 1
INFO - 06/04/26 23:26:34 - 0:10:21 - Score 2.4: Count: 5
INFO - 06/04/26 23:26:34 - 0:10:21 - Score 2.6: Count: 2
INFO - 06/04/26 23:26:34 - 0:10:21 - Score 3.0: Count: 7
INFO - 06/04/26 23:26:34 - 0:10:21 - Score 3.25: Count: 36
INFO - 06/04/26 23:26:34 - 0:10:21 - Score 3.5: Count: 26
INFO - 06/04/26 23:26:34 - 0:10:21 - Score 3.75: Count: 3
INFO - 06/04/26 23:26:34 - 0:10:21 - Score 4.0: Count: 19
INFO - 06/04/26 23:26:34 - 0:10:21 - Score 4.333333333333333: Count: 27
INFO - 06/04/26 23:26:34 - 0:10:21 - Score 4.666666666666667: Count: 10
INFO - 06/04/26 23:26:34 - 0:10:21 - Score 5.0: Count: 8
INFO - 06/04/26 23:26:34 - 0:10:21 - Score 5.5: Count: 7
INFO - 06/04/26 23:26:34 - 0:10:21 - Score 6.0: Count: 2
INFO - 06/04/26 23:26:34 - 0:10:21 - Score 7.0: Count: 1
INFO - 06/04/26 23:26:34 - 0:10:21 - --------------------------------
INFO - 06/04/26 23:26:34 - 0:10:21 - [Epoch 4 AFTER_SAMPLE] CPU: 0.0% | RAM: 360.7MB
INFO - 06/04/26 23:26:34 - 0:10:21 - Unique processing: 155 examples left, 0 duplicates
INFO - 06/04/26 23:26:34 - 0:10:21 - ### Score distribution ###
INFO - 06/04/26 23:26:34 - 0:10:21 - Valid examples: 155
INFO - 06/04/26 23:26:34 - 0:10:21 - Mean score: 3.8633333333333333
INFO - 06/04/26 23:26:34 - 0:10:21 - Median score: 3.5
INFO - 06/04/26 23:26:34 - 0:10:21 - Stdev score: 0.8186022649062658
INFO - 06/04/26 23:26:34 - 0:10:21 - Max score: 7.0
INFO - 06/04/26 23:26:34 - 0:10:21 - Top 1 percentile score: 6.44
INFO - 06/04/26 23:26:34 - 0:10:21 - Distribution of scores:
INFO - 06/04/26 23:26:34 - 0:10:21 - Score 2.0: Count: 1
INFO - 06/04/26 23:26:34 - 0:10:21 - Score 2.2: Count: 1
INFO - 06/04/26 23:26:34 - 0:10:21 - Score 2.4: Count: 5
INFO - 06/04/26 23:26:34 - 0:10:21 - Score 2.6: Count: 2
INFO - 06/04/26 23:26:34 - 0:10:21 - Score 3.0: Count: 7
INFO - 06/04/26 23:26:34 - 0:10:21 - Score 3.25: Count: 36
INFO - 06/04/26 23:26:34 - 0:10:21 - Score 3.5: Count: 26
INFO - 06/04/26 23:26:34 - 0:10:21 - Score 3.75: Count: 3
INFO - 06/04/26 23:26:34 - 0:10:21 - Score 4.0: Count: 19
INFO - 06/04/26 23:26:34 - 0:10:21 - Score 4.333333333333333: Count: 27
INFO - 06/04/26 23:26:34 - 0:10:21 - Score 4.666666666666667: Count: 10
INFO - 06/04/26 23:26:34 - 0:10:21 - Score 5.0: Count: 8
INFO - 06/04/26 23:26:34 - 0:10:21 - Score 5.5: Count: 7
INFO - 06/04/26 23:26:34 - 0:10:21 - Score 6.0: Count: 2
INFO - 06/04/26 23:26:34 - 0:10:21 - Score 7.0: Count: 1
INFO - 06/04/26 23:26:34 - 0:10:21 - --------------------------------
INFO - 06/04/26 23:26:34 - 0:10:21 - New train and test generated. Size are train: 155, test 100
INFO - 06/04/26 23:26:34 - 0:10:21 - Unique data computed for original train set: 8000, generated train set: 155
INFO - 06/04/26 23:26:34 - 0:10:21 - Final train and test generated. Size are train: 8000, test 100
INFO - 06/04/26 23:26:34 - 0:10:21 - [Epoch 4 AFTER_UPDATE_DATASETS] CPU: 0.0% | RAM: 413.1MB
INFO - 06/04/26 23:26:34 - 0:10:21 - ### Score distribution ###
INFO - 06/04/26 23:26:34 - 0:10:21 - Valid examples: 8000
INFO - 06/04/26 23:26:34 - 0:10:21 - Mean score: 2.48044375
INFO - 06/04/26 23:26:34 - 0:10:21 - Median score: 2.2
INFO - 06/04/26 23:26:34 - 0:10:21 - Stdev score: 0.9558979198586459
INFO - 06/04/26 23:26:34 - 0:10:21 - Max score: 7.0
INFO - 06/04/26 23:26:34 - 0:10:21 - Top 1 percentile score: 5.5
INFO - 06/04/26 23:26:34 - 0:10:21 - Distribution of scores:
INFO - 06/04/26 23:26:34 - 0:10:21 - Score 1.1666666666666667: Count: 151
INFO - 06/04/26 23:26:34 - 0:10:21 - Score 1.3333333333333333: Count: 1201
INFO - 06/04/26 23:26:34 - 0:10:21 - Score 1.5: Count: 455
INFO - 06/04/26 23:26:34 - 0:10:21 - Score 1.6666666666666665: Count: 66
INFO - 06/04/26 23:26:34 - 0:10:21 - Score 1.8333333333333335: Count: 1
INFO - 06/04/26 23:26:34 - 0:10:21 - Score 2.0: Count: 934
INFO - 06/04/26 23:26:34 - 0:10:21 - Score 2.2: Count: 1477
INFO - 06/04/26 23:26:34 - 0:10:21 - Score 2.4: Count: 893
INFO - 06/04/26 23:26:34 - 0:10:21 - Score 2.6: Count: 253
INFO - 06/04/26 23:26:34 - 0:10:21 - Score 2.8: Count: 18
INFO - 06/04/26 23:26:34 - 0:10:21 - Score 3.0: Count: 529
INFO - 06/04/26 23:26:34 - 0:10:21 - Score 3.25: Count: 748
INFO - 06/04/26 23:26:34 - 0:10:21 - Score 3.5: Count: 375
INFO - 06/04/26 23:26:34 - 0:10:21 - Score 3.75: Count: 69
INFO - 06/04/26 23:26:34 - 0:10:21 - Score 4.0: Count: 274
INFO - 06/04/26 23:26:34 - 0:10:21 - Score 4.333333333333333: Count: 292
INFO - 06/04/26 23:26:34 - 0:10:21 - Score 4.666666666666667: Count: 101
INFO - 06/04/26 23:26:34 - 0:10:21 - Score 5.0: Count: 81
INFO - 06/04/26 23:26:34 - 0:10:21 - Score 5.5: Count: 50
INFO - 06/04/26 23:26:34 - 0:10:21 - Score 6.0: Count: 23
INFO - 06/04/26 23:26:34 - 0:10:21 - Score 7.0: Count: 9
INFO - 06/04/26 23:26:34 - 0:10:21 - --------------------------------
INFO - 06/04/26 23:26:34 - 0:10:21 - ==== Starting Epoch 5 =====
INFO - 06/04/26 23:26:35 - 0:10:21 - [Epoch 5 START] CPU: 0.0% | RAM: 490.8MB
INFO - 06/04/26 23:26:35 - 0:10:21 - Encoded train: 8000 examples in 0.02s (7853 cache hits, 147 misses)
INFO - 06/04/26 23:26:35 - 0:10:21 - Encoded test: 100 examples in 0.00s (100 cache hits, 0 misses)
INFO - 06/04/26 23:26:35 - 0:10:21 - Memory allocated: 24.41MB, reserved: 55.42MB
INFO - 06/04/26 23:26:39 - 0:10:26 - step 100 | loss 0.8026 | steps time 4523.27ms
INFO - 06/04/26 23:26:43 - 0:10:29 - step 200 | loss 0.8346 | steps time 3528.46ms
INFO - 06/04/26 23:26:43 - 0:10:30 - step 200 train loss: 0.828355867266655 test loss: 0.8302332162857056
INFO - 06/04/26 23:26:47 - 0:10:33 - step 300 | loss 0.7883 | steps time 3771.80ms
INFO - 06/04/26 23:26:50 - 0:10:37 - step 400 | loss 0.8358 | steps time 3800.87ms
INFO - 06/04/26 23:26:51 - 0:10:37 - step 400 train loss: 0.8251828107237816 test loss: 0.822553813457489
INFO - 06/04/26 23:26:54 - 0:10:41 - step 500 | loss 0.8107 | steps time 3489.73ms
INFO - 06/04/26 23:26:58 - 0:10:44 - step 600 | loss 0.8059 | steps time 3486.43ms
INFO - 06/04/26 23:26:58 - 0:10:44 - step 600 train loss: 0.8285501965880394 test loss: 0.8259561657905579
INFO - 06/04/26 23:27:01 - 0:10:48 - step 700 | loss 0.7918 | steps time 3492.42ms
INFO - 06/04/26 23:27:05 - 0:10:51 - step 800 | loss 0.8112 | steps time 3651.58ms
INFO - 06/04/26 23:27:05 - 0:10:52 - step 800 train loss: 0.8254694685339927 test loss: 0.8265764117240906
INFO - 06/04/26 23:27:05 - 0:10:52 - [Epoch 5 AFTER_TRAIN] CPU: 0.0% | RAM: 647.8MB
INFO - 06/04/26 23:27:05 - 0:10:52 - Sample with temperature 1.4 to 2.0
INFO - 06/04/26 23:27:05 - 0:10:52 - Hasse-Witt percentile filter state: overall_diversity=0.026, overall_saturation=0.002, exact_saturation=0.001
INFO - 06/04/26 23:27:05 - 0:10:52 - 0 / 3968 samples generated, 0 scored
INFO - 06/04/26 23:27:14 - 0:11:00 - Recent generated novelty for Hasse-Witt filter: 1.000
INFO - 06/04/26 23:27:14 - 0:11:00 - Recent generated novelty for Hasse-Witt filter: 1.000
INFO - 06/04/26 23:27:19 - 0:11:06 - Recent generated novelty for Hasse-Witt filter: 1.000
INFO - 06/04/26 23:27:21 - 0:11:08 - 640 / 3968 samples generated, 1 scored
INFO - 06/04/26 23:27:37 - 0:11:24 - Recent generated novelty for Hasse-Witt filter: 1.000
INFO - 06/04/26 23:27:40 - 0:11:27 - 1280 / 3968 samples generated, 5 scored
INFO - 06/04/26 23:27:43 - 0:11:30 - Recent generated novelty for Hasse-Witt filter: 1.000
INFO - 06/04/26 23:27:44 - 0:11:30 - Recent generated novelty for Hasse-Witt filter: 1.000
INFO - 06/04/26 23:27:45 - 0:11:31 - Recent generated novelty for Hasse-Witt filter: 1.000
INFO - 06/04/26 23:27:45 - 0:11:32 - Recent generated novelty for Hasse-Witt filter: 1.000
INFO - 06/04/26 23:27:46 - 0:11:33 - Recent generated novelty for Hasse-Witt filter: 1.000
INFO - 06/04/26 23:27:46 - 0:11:33 - Recent generated novelty for Hasse-Witt filter: 1.000
INFO - 06/04/26 23:27:47 - 0:11:34 - Recent generated novelty for Hasse-Witt filter: 1.000
INFO - 06/04/26 23:27:48 - 0:11:34 - Recent generated novelty for Hasse-Witt filter: 1.000
INFO - 06/04/26 23:27:49 - 0:11:35 - Recent generated novelty for Hasse-Witt filter: 1.000
INFO - 06/04/26 23:27:49 - 0:11:36 - Recent generated novelty for Hasse-Witt filter: 1.000
INFO - 06/04/26 23:27:50 - 0:11:37 - Recent generated novelty for Hasse-Witt filter: 1.000
INFO - 06/04/26 23:27:51 - 0:11:38 - Recent generated novelty for Hasse-Witt filter: 1.000
INFO - 06/04/26 23:27:52 - 0:11:38 - 1920 / 3968 samples generated, 35 scored
INFO - 06/04/26 23:27:52 - 0:11:39 - Recent generated novelty for Hasse-Witt filter: 1.000
INFO - 06/04/26 23:27:55 - 0:11:41 - Recent generated novelty for Hasse-Witt filter: 1.000
INFO - 06/04/26 23:27:56 - 0:11:43 - Recent generated novelty for Hasse-Witt filter: 1.000
INFO - 06/04/26 23:27:57 - 0:11:43 - Recent generated novelty for Hasse-Witt filter: 1.000
INFO - 06/04/26 23:27:57 - 0:11:43 - Recent generated novelty for Hasse-Witt filter: 1.000
INFO - 06/04/26 23:27:57 - 0:11:44 - Recent generated novelty for Hasse-Witt filter: 1.000
INFO - 06/04/26 23:27:58 - 0:11:45 - Recent generated novelty for Hasse-Witt filter: 1.000
INFO - 06/04/26 23:28:00 - 0:11:46 - Recent generated novelty for Hasse-Witt filter: 1.000
INFO - 06/04/26 23:28:02 - 0:11:49 - Recent generated novelty for Hasse-Witt filter: 1.000
INFO - 06/04/26 23:28:03 - 0:11:50 - Recent generated novelty for Hasse-Witt filter: 1.000
INFO - 06/04/26 23:28:04 - 0:11:51 - Recent generated novelty for Hasse-Witt filter: 1.000
INFO - 06/04/26 23:28:05 - 0:11:51 - Recent generated novelty for Hasse-Witt filter: 1.000
INFO - 06/04/26 23:28:06 - 0:11:52 - Recent generated novelty for Hasse-Witt filter: 1.000
INFO - 06/04/26 23:28:07 - 0:11:54 - Recent generated novelty for Hasse-Witt filter: 1.000
INFO - 06/04/26 23:28:08 - 0:11:55 - Recent generated novelty for Hasse-Witt filter: 1.000
INFO - 06/04/26 23:28:10 - 0:11:57 - Recent generated novelty for Hasse-Witt filter: 1.000
INFO - 06/04/26 23:28:10 - 0:11:57 - 2560 / 3968 samples generated, 92 scored
INFO - 06/04/26 23:28:11 - 0:11:57 - Recent generated novelty for Hasse-Witt filter: 1.000
INFO - 06/04/26 23:28:11 - 0:11:57 - Recent generated novelty for Hasse-Witt filter: 1.000
INFO - 06/04/26 23:28:12 - 0:11:58 - Recent generated novelty for Hasse-Witt filter: 1.000
INFO - 06/04/26 23:28:13 - 0:12:00 - Recent generated novelty for Hasse-Witt filter: 1.000
INFO - 06/04/26 23:28:15 - 0:12:01 - Recent generated novelty for Hasse-Witt filter: 1.000
INFO - 06/04/26 23:28:16 - 0:12:03 - Recent generated novelty for Hasse-Witt filter: 1.000
INFO - 06/04/26 23:28:17 - 0:12:04 - Recent generated novelty for Hasse-Witt filter: 1.000
INFO - 06/04/26 23:28:17 - 0:12:04 - Recent generated novelty for Hasse-Witt filter: 1.000
INFO - 06/04/26 23:28:18 - 0:12:05 - Recent generated novelty for Hasse-Witt filter: 1.000
INFO - 06/04/26 23:28:20 - 0:12:07 - Recent generated novelty for Hasse-Witt filter: 1.000
INFO - 06/04/26 23:28:21 - 0:12:07 - Recent generated novelty for Hasse-Witt filter: 1.000
INFO - 06/04/26 23:28:21 - 0:12:08 - Recent generated novelty for Hasse-Witt filter: 1.000
INFO - 06/04/26 23:28:22 - 0:12:09 - Recent generated novelty for Hasse-Witt filter: 1.000
INFO - 06/04/26 23:28:24 - 0:12:11 - Recent generated novelty for Hasse-Witt filter: 1.000
INFO - 06/04/26 23:28:26 - 0:12:12 - Recent generated novelty for Hasse-Witt filter: 1.000
INFO - 06/04/26 23:28:26 - 0:12:13 - 3200 / 3968 samples generated, 143 scored
INFO - 06/04/26 23:28:27 - 0:12:13 - Recent generated novelty for Hasse-Witt filter: 1.000
INFO - 06/04/26 23:28:27 - 0:12:14 - Recent generated novelty for Hasse-Witt filter: 1.000
INFO - 06/04/26 23:28:27 - 0:12:14 - Recent generated novelty for Hasse-Witt filter: 1.000
INFO - 06/04/26 23:28:28 - 0:12:15 - Recent generated novelty for Hasse-Witt filter: 1.000
INFO - 06/04/26 23:28:29 - 0:12:15 - Recent generated novelty for Hasse-Witt filter: 1.000
INFO - 06/04/26 23:28:31 - 0:12:17 - Recent generated novelty for Hasse-Witt filter: 1.000
INFO - 06/04/26 23:28:32 - 0:12:18 - Recent generated novelty for Hasse-Witt filter: 1.000
INFO - 06/04/26 23:28:33 - 0:12:20 - Recent generated novelty for Hasse-Witt filter: 1.000
INFO - 06/04/26 23:28:34 - 0:12:21 - Recent generated novelty for Hasse-Witt filter: 1.000
INFO - 06/04/26 23:28:36 - 0:12:23 - Recent generated novelty for Hasse-Witt filter: 1.000
INFO - 06/04/26 23:28:39 - 0:12:25 - Recent generated novelty for Hasse-Witt filter: 1.000
INFO - 06/04/26 23:28:40 - 0:12:27 - Recent generated novelty for Hasse-Witt filter: 1.000
INFO - 06/04/26 23:28:42 - 0:12:29 - 3840 / 3968 samples generated, 183 scored
INFO - 06/04/26 23:28:42 - 0:12:29 - Recent generated novelty for Hasse-Witt filter: 1.000
INFO - 06/04/26 23:28:43 - 0:12:30 - Recent generated novelty for Hasse-Witt filter: 1.000
INFO - 06/04/26 23:28:45 - 0:12:32 - Recent generated novelty for Hasse-Witt filter: 1.000
INFO - 06/04/26 23:28:46 - 0:12:32 - ### Score distribution ###
INFO - 06/04/26 23:28:46 - 0:12:32 - Invalid examples: before local search: 15, after: 0
INFO - 06/04/26 23:28:46 - 0:12:32 - Valid examples: 187
INFO - 06/04/26 23:28:46 - 0:12:32 - Mean score: 3.930035650623886
INFO - 06/04/26 23:28:46 - 0:12:32 - Median score: 4.0
INFO - 06/04/26 23:28:46 - 0:12:32 - Stdev score: 0.8594454457555556
INFO - 06/04/26 23:28:46 - 0:12:32 - Max score: 7.0
INFO - 06/04/26 23:28:46 - 0:12:32 - Top 1 percentile score: 6.12
INFO - 06/04/26 23:28:46 - 0:12:32 - Distribution of scores:
INFO - 06/04/26 23:28:46 - 0:12:32 - Score 2.2: Count: 3
INFO - 06/04/26 23:28:46 - 0:12:32 - Score 2.4: Count: 11
INFO - 06/04/26 23:28:46 - 0:12:32 - Score 3.0: Count: 8
INFO - 06/04/26 23:28:46 - 0:12:32 - Score 3.25: Count: 34
INFO - 06/04/26 23:28:46 - 0:12:32 - Score 3.5: Count: 24
INFO - 06/04/26 23:28:46 - 0:12:32 - Score 3.75: Count: 7
INFO - 06/04/26 23:28:46 - 0:12:32 - Score 4.0: Count: 23
INFO - 06/04/26 23:28:46 - 0:12:32 - Score 4.333333333333333: Count: 39
INFO - 06/04/26 23:28:46 - 0:12:32 - Score 4.666666666666667: Count: 13
INFO - 06/04/26 23:28:46 - 0:12:32 - Score 5.0: Count: 12
INFO - 06/04/26 23:28:46 - 0:12:32 - Score 5.5: Count: 7
INFO - 06/04/26 23:28:46 - 0:12:32 - Score 6.0: Count: 5
INFO - 06/04/26 23:28:46 - 0:12:32 - Score 7.0: Count: 1
INFO - 06/04/26 23:28:46 - 0:12:32 - --------------------------------
INFO - 06/04/26 23:28:46 - 0:12:33 - [Epoch 5 AFTER_SAMPLE] CPU: 0.0% | RAM: 356.3MB
INFO - 06/04/26 23:28:46 - 0:12:33 - Unique processing: 187 examples left, 0 duplicates
INFO - 06/04/26 23:28:46 - 0:12:33 - ### Score distribution ###
INFO - 06/04/26 23:28:46 - 0:12:33 - Valid examples: 187
INFO - 06/04/26 23:28:46 - 0:12:33 - Mean score: 3.930035650623886
INFO - 06/04/26 23:28:46 - 0:12:33 - Median score: 4.0
INFO - 06/04/26 23:28:46 - 0:12:33 - Stdev score: 0.8594454457555556
INFO - 06/04/26 23:28:46 - 0:12:33 - Max score: 7.0
INFO - 06/04/26 23:28:46 - 0:12:33 - Top 1 percentile score: 6.12
INFO - 06/04/26 23:28:46 - 0:12:33 - Distribution of scores:
INFO - 06/04/26 23:28:46 - 0:12:33 - Score 2.2: Count: 3
INFO - 06/04/26 23:28:46 - 0:12:33 - Score 2.4: Count: 11
INFO - 06/04/26 23:28:46 - 0:12:33 - Score 3.0: Count: 8
INFO - 06/04/26 23:28:46 - 0:12:33 - Score 3.25: Count: 34
INFO - 06/04/26 23:28:46 - 0:12:33 - Score 3.5: Count: 24
INFO - 06/04/26 23:28:46 - 0:12:33 - Score 3.75: Count: 7
INFO - 06/04/26 23:28:46 - 0:12:33 - Score 4.0: Count: 23
INFO - 06/04/26 23:28:46 - 0:12:33 - Score 4.333333333333333: Count: 39
INFO - 06/04/26 23:28:46 - 0:12:33 - Score 4.666666666666667: Count: 13
INFO - 06/04/26 23:28:46 - 0:12:33 - Score 5.0: Count: 12
INFO - 06/04/26 23:28:46 - 0:12:33 - Score 5.5: Count: 7
INFO - 06/04/26 23:28:46 - 0:12:33 - Score 6.0: Count: 5
INFO - 06/04/26 23:28:46 - 0:12:33 - Score 7.0: Count: 1
INFO - 06/04/26 23:28:46 - 0:12:33 - --------------------------------
INFO - 06/04/26 23:28:46 - 0:12:33 - New train and test generated. Size are train: 187, test 100
INFO - 06/04/26 23:28:46 - 0:12:33 - Unique data computed for original train set: 8000, generated train set: 187
INFO - 06/04/26 23:28:46 - 0:12:33 - Final train and test generated. Size are train: 8000, test 100
INFO - 06/04/26 23:28:46 - 0:12:33 - [Epoch 5 AFTER_UPDATE_DATASETS] CPU: 0.0% | RAM: 410.2MB
INFO - 06/04/26 23:28:46 - 0:12:33 - ### Score distribution ###
INFO - 06/04/26 23:28:46 - 0:12:33 - Valid examples: 8000
INFO - 06/04/26 23:28:46 - 0:12:33 - Mean score: 2.5442875
INFO - 06/04/26 23:28:46 - 0:12:33 - Median score: 2.2
INFO - 06/04/26 23:28:46 - 0:12:33 - Stdev score: 0.9682250555252387
INFO - 06/04/26 23:28:46 - 0:12:33 - Max score: 7.0
INFO - 06/04/26 23:28:46 - 0:12:33 - Top 1 percentile score: 5.5
INFO - 06/04/26 23:28:46 - 0:12:33 - Distribution of scores:
INFO - 06/04/26 23:28:46 - 0:12:33 - Score 1.3333333333333333: Count: 1165
INFO - 06/04/26 23:28:46 - 0:12:33 - Score 1.5: Count: 455
INFO - 06/04/26 23:28:46 - 0:12:33 - Score 1.6666666666666665: Count: 66
INFO - 06/04/26 23:28:46 - 0:12:33 - Score 1.8333333333333335: Count: 1
INFO - 06/04/26 23:28:46 - 0:12:33 - Score 2.0: Count: 934
INFO - 06/04/26 23:28:46 - 0:12:33 - Score 2.2: Count: 1480
INFO - 06/04/26 23:28:46 - 0:12:33 - Score 2.4: Count: 904
INFO - 06/04/26 23:28:46 - 0:12:33 - Score 2.6: Count: 253
INFO - 06/04/26 23:28:46 - 0:12:33 - Score 2.8: Count: 18
INFO - 06/04/26 23:28:46 - 0:12:33 - Score 3.0: Count: 537
INFO - 06/04/26 23:28:46 - 0:12:33 - Score 3.25: Count: 782
INFO - 06/04/26 23:28:46 - 0:12:33 - Score 3.5: Count: 399
INFO - 06/04/26 23:28:46 - 0:12:33 - Score 3.75: Count: 76
INFO - 06/04/26 23:28:46 - 0:12:33 - Score 4.0: Count: 297
INFO - 06/04/26 23:28:46 - 0:12:33 - Score 4.333333333333333: Count: 331
INFO - 06/04/26 23:28:46 - 0:12:33 - Score 4.666666666666667: Count: 114
INFO - 06/04/26 23:28:46 - 0:12:33 - Score 5.0: Count: 93
INFO - 06/04/26 23:28:46 - 0:12:33 - Score 5.5: Count: 57
INFO - 06/04/26 23:28:46 - 0:12:33 - Score 6.0: Count: 28
INFO - 06/04/26 23:28:46 - 0:12:33 - Score 7.0: Count: 10
INFO - 06/04/26 23:28:46 - 0:12:33 - --------------------------------
INFO - 06/04/26 23:28:46 - 0:12:33 - ==== Starting Epoch 6 =====
INFO - 06/04/26 23:28:46 - 0:12:33 - [Epoch 6 START] CPU: 0.0% | RAM: 488.7MB
INFO - 06/04/26 23:28:46 - 0:12:33 - Encoded train: 8000 examples in 0.02s (7823 cache hits, 177 misses)
INFO - 06/04/26 23:28:46 - 0:12:33 - Encoded test: 100 examples in 0.00s (100 cache hits, 0 misses)
INFO - 06/04/26 23:28:47 - 0:12:33 - Memory allocated: 24.38MB, reserved: 55.42MB
INFO - 06/04/26 23:28:50 - 0:12:37 - step 100 | loss 0.7991 | steps time 3425.15ms
INFO - 06/04/26 23:28:53 - 0:12:40 - step 200 | loss 0.8258 | steps time 3306.84ms
INFO - 06/04/26 23:28:53 - 0:12:40 - step 200 train loss: 0.8244950956106186 test loss: 0.8234494924545288
INFO - 06/04/26 23:28:57 - 0:12:43 - step 300 | loss 0.8274 | steps time 3273.55ms
INFO - 06/04/26 23:29:00 - 0:12:47 - step 400 | loss 0.8271 | steps time 3274.48ms
INFO - 06/04/26 23:29:00 - 0:12:47 - step 400 train loss: 0.82583306401968 test loss: 0.8277501463890076
INFO - 06/04/26 23:29:03 - 0:12:50 - step 500 | loss 0.8135 | steps time 3305.06ms
INFO - 06/04/26 23:29:07 - 0:12:53 - step 600 | loss 0.7997 | steps time 3270.89ms
INFO - 06/04/26 23:29:07 - 0:12:53 - step 600 train loss: 0.8220867502689362 test loss: 0.8321419358253479
INFO - 06/04/26 23:29:10 - 0:12:57 - step 700 | loss 0.8624 | steps time 3260.89ms
INFO - 06/04/26 23:29:13 - 0:13:00 - step 800 | loss 0.8135 | steps time 3265.88ms
INFO - 06/04/26 23:29:13 - 0:13:00 - step 800 train loss: 0.824347537457943 test loss: 0.8240921497344971
INFO - 06/04/26 23:29:13 - 0:13:00 - [Epoch 6 AFTER_TRAIN] CPU: 0.0% | RAM: 593.9MB
INFO - 06/04/26 23:29:14 - 0:13:00 - Sample with temperature 1.4 to 2.0
INFO - 06/04/26 23:29:14 - 0:13:00 - Hasse-Witt percentile filter state: overall_diversity=0.026, overall_saturation=0.002, exact_saturation=0.001
INFO - 06/04/26 23:29:14 - 0:13:00 - 0 / 3968 samples generated, 0 scored
INFO - 06/04/26 23:29:20 - 0:13:07 - Recent generated novelty for Hasse-Witt filter: 1.000
INFO - 06/04/26 23:29:22 - 0:13:09 - 640 / 3968 samples generated, 0 scored
INFO - 06/04/26 23:29:26 - 0:13:12 - Recent generated novelty for Hasse-Witt filter: 1.000
INFO - 06/04/26 23:29:26 - 0:13:12 - Recent generated novelty for Hasse-Witt filter: 1.000
INFO - 06/04/26 23:29:30 - 0:13:17 - 1280 / 3968 samples generated, 3 scored
INFO - 06/04/26 23:29:32 - 0:13:18 - Recent generated novelty for Hasse-Witt filter: 1.000
INFO - 06/04/26 23:29:37 - 0:13:24 - Recent generated novelty for Hasse-Witt filter: 1.000
INFO - 06/04/26 23:29:40 - 0:13:27 - 1920 / 3968 samples generated, 9 scored
INFO - 06/04/26 23:29:44 - 0:13:30 - Recent generated novelty for Hasse-Witt filter: 1.000
INFO - 06/04/26 23:29:49 - 0:13:35 - 2560 / 3968 samples generated, 9 scored
INFO - 06/04/26 23:29:54 - 0:13:40 - Recent generated novelty for Hasse-Witt filter: 1.000
INFO - 06/04/26 23:29:59 - 0:13:46 - Recent generated novelty for Hasse-Witt filter: 1.000
INFO - 06/04/26 23:30:00 - 0:13:47 - 3200 / 3968 samples generated, 15 scored
INFO - 06/04/26 23:30:01 - 0:13:47 - Recent generated novelty for Hasse-Witt filter: 1.000
INFO - 06/04/26 23:30:01 - 0:13:48 - Recent generated novelty for Hasse-Witt filter: 1.000
INFO - 06/04/26 23:30:02 - 0:13:49 - Recent generated novelty for Hasse-Witt filter: 1.000
INFO - 06/04/26 23:30:03 - 0:13:50 - Recent generated novelty for Hasse-Witt filter: 1.000
INFO - 06/04/26 23:30:04 - 0:13:51 - Recent generated novelty for Hasse-Witt filter: 1.000
INFO - 06/04/26 23:30:05 - 0:13:51 - Recent generated novelty for Hasse-Witt filter: 1.000
INFO - 06/04/26 23:30:07 - 0:13:53 - Recent generated novelty for Hasse-Witt filter: 1.000
INFO - 06/04/26 23:30:07 - 0:13:54 - Recent generated novelty for Hasse-Witt filter: 1.000
INFO - 06/04/26 23:30:09 - 0:13:55 - Recent generated novelty for Hasse-Witt filter: 1.000
INFO - 06/04/26 23:30:09 - 0:13:56 - Recent generated novelty for Hasse-Witt filter: 1.000
INFO - 06/04/26 23:30:10 - 0:13:57 - Recent generated novelty for Hasse-Witt filter: 1.000
INFO - 06/04/26 23:30:11 - 0:13:57 - 3840 / 3968 samples generated, 55 scored
INFO - 06/04/26 23:30:11 - 0:13:58 - Recent generated novelty for Hasse-Witt filter: 1.000
INFO - 06/04/26 23:30:12 - 0:13:59 - Recent generated novelty for Hasse-Witt filter: 1.000
INFO - 06/04/26 23:30:13 - 0:14:00 - Recent generated novelty for Hasse-Witt filter: 1.000
INFO - 06/04/26 23:30:13 - 0:14:00 - Recent generated novelty for Hasse-Witt filter: 1.000
INFO - 06/04/26 23:30:14 - 0:14:00 - Recent generated novelty for Hasse-Witt filter: 1.000
INFO - 06/04/26 23:30:14 - 0:14:01 - Recent generated novelty for Hasse-Witt filter: 1.000
INFO - 06/04/26 23:30:15 - 0:14:02 - Recent generated novelty for Hasse-Witt filter: 1.000
INFO - 06/04/26 23:30:16 - 0:14:02 - Recent generated novelty for Hasse-Witt filter: 1.000
INFO - 06/04/26 23:30:16 - 0:14:02 - Recent generated novelty for Hasse-Witt filter: 1.000
INFO - 06/04/26 23:30:16 - 0:14:03 - Recent generated novelty for Hasse-Witt filter: 1.000
INFO - 06/04/26 23:30:17 - 0:14:04 - Recent generated novelty for Hasse-Witt filter: 1.000
INFO - 06/04/26 23:30:17 - 0:14:04 - Recent generated novelty for Hasse-Witt filter: 1.000
INFO - 06/04/26 23:30:18 - 0:14:04 - Recent generated novelty for Hasse-Witt filter: 1.000
INFO - 06/04/26 23:30:19 - 0:14:06 - Recent generated novelty for Hasse-Witt filter: 1.000
INFO - 06/04/26 23:30:19 - 0:14:06 - Recent generated novelty for Hasse-Witt filter: 1.000
INFO - 06/04/26 23:30:20 - 0:14:06 - Recent generated novelty for Hasse-Witt filter: 1.000
INFO - 06/04/26 23:30:21 - 0:14:07 - Recent generated novelty for Hasse-Witt filter: 1.000
INFO - 06/04/26 23:30:21 - 0:14:08 - Recent generated novelty for Hasse-Witt filter: 1.000
INFO - 06/04/26 23:30:22 - 0:14:09 - Recent generated novelty for Hasse-Witt filter: 1.000
INFO - 06/04/26 23:30:23 - 0:14:10 - Recent generated novelty for Hasse-Witt filter: 1.000
INFO - 06/04/26 23:30:24 - 0:14:11 - Recent generated novelty for Hasse-Witt filter: 1.000
INFO - 06/04/26 23:30:25 - 0:14:11 - Recent generated novelty for Hasse-Witt filter: 1.000
INFO - 06/04/26 23:30:25 - 0:14:12 - Recent generated novelty for Hasse-Witt filter: 1.000
INFO - 06/04/26 23:30:26 - 0:14:13 - Recent generated novelty for Hasse-Witt filter: 1.000
INFO - 06/04/26 23:30:27 - 0:14:13 - Recent generated novelty for Hasse-Witt filter: 1.000
INFO - 06/04/26 23:30:27 - 0:14:14 - Recent generated novelty for Hasse-Witt filter: 1.000
INFO - 06/04/26 23:30:28 - 0:14:15 - Recent generated novelty for Hasse-Witt filter: 1.000
INFO - 06/04/26 23:30:29 - 0:14:16 - Recent generated novelty for Hasse-Witt filter: 1.000
INFO - 06/04/26 23:30:30 - 0:14:16 - Recent generated novelty for Hasse-Witt filter: 1.000
INFO - 06/04/26 23:30:31 - 0:14:18 - Recent generated novelty for Hasse-Witt filter: 1.000
INFO - 06/04/26 23:30:32 - 0:14:19 - Recent generated novelty for Hasse-Witt filter: 1.000
INFO - 06/04/26 23:30:33 - 0:14:19 - Recent generated novelty for Hasse-Witt filter: 1.000
INFO - 06/04/26 23:30:34 - 0:14:20 - Recent generated novelty for Hasse-Witt filter: 1.000
INFO - 06/04/26 23:30:34 - 0:14:21 - Recent generated novelty for Hasse-Witt filter: 1.000
INFO - 06/04/26 23:30:36 - 0:14:23 - Recent generated novelty for Hasse-Witt filter: 1.000
INFO - 06/04/26 23:30:37 - 0:14:24 - Recent generated novelty for Hasse-Witt filter: 1.000
INFO - 06/04/26 23:30:38 - 0:14:25 - Recent generated novelty for Hasse-Witt filter: 1.000
INFO - 06/04/26 23:30:39 - 0:14:26 - Recent generated novelty for Hasse-Witt filter: 1.000
INFO - 06/04/26 23:30:40 - 0:14:26 - Recent generated novelty for Hasse-Witt filter: 1.000
INFO - 06/04/26 23:30:42 - 0:14:28 - Recent generated novelty for Hasse-Witt filter: 1.000
INFO - 06/04/26 23:30:42 - 0:14:29 - Recent generated novelty for Hasse-Witt filter: 1.000
INFO - 06/04/26 23:30:43 - 0:14:30 - Recent generated novelty for Hasse-Witt filter: 1.000
INFO - 06/04/26 23:30:43 - 0:14:30 - Recent generated novelty for Hasse-Witt filter: 1.000
INFO - 06/04/26 23:30:45 - 0:14:31 - ### Score distribution ###
INFO - 06/04/26 23:30:45 - 0:14:31 - Invalid examples: before local search: 13, after: 0
INFO - 06/04/26 23:30:45 - 0:14:31 - Valid examples: 170
INFO - 06/04/26 23:30:45 - 0:14:31 - Mean score: 3.992156862745098
INFO - 06/04/26 23:30:45 - 0:14:31 - Median score: 4.0
INFO - 06/04/26 23:30:45 - 0:14:31 - Stdev score: 0.8548545990429555
INFO - 06/04/26 23:30:45 - 0:14:31 - Max score: 7.0
INFO - 06/04/26 23:30:45 - 0:14:31 - Top 1 percentile score: 7.0
INFO - 06/04/26 23:30:45 - 0:14:31 - Distribution of scores:
INFO - 06/04/26 23:30:45 - 0:14:31 - Score 2.2: Count: 2
INFO - 06/04/26 23:30:45 - 0:14:31 - Score 2.4: Count: 4
INFO - 06/04/26 23:30:45 - 0:14:31 - Score 3.0: Count: 10
INFO - 06/04/26 23:30:45 - 0:14:31 - Score 3.25: Count: 30
INFO - 06/04/26 23:30:45 - 0:14:31 - Score 3.5: Count: 22
INFO - 06/04/26 23:30:45 - 0:14:31 - Score 3.75: Count: 8
INFO - 06/04/26 23:30:45 - 0:14:31 - Score 4.0: Count: 26
INFO - 06/04/26 23:30:45 - 0:14:31 - Score 4.333333333333333: Count: 37
INFO - 06/04/26 23:30:45 - 0:14:31 - Score 4.666666666666667: Count: 8
INFO - 06/04/26 23:30:45 - 0:14:31 - Score 5.0: Count: 9
INFO - 06/04/26 23:30:45 - 0:14:31 - Score 5.5: Count: 5
INFO - 06/04/26 23:30:45 - 0:14:31 - Score 6.0: Count: 7
INFO - 06/04/26 23:30:45 - 0:14:31 - Score 7.0: Count: 2
INFO - 06/04/26 23:30:45 - 0:14:31 - --------------------------------
INFO - 06/04/26 23:30:45 - 0:14:32 - [Epoch 6 AFTER_SAMPLE] CPU: 0.0% | RAM: 250.3MB
INFO - 06/04/26 23:30:45 - 0:14:32 - Unique processing: 170 examples left, 0 duplicates
INFO - 06/04/26 23:30:45 - 0:14:32 - ### Score distribution ###
INFO - 06/04/26 23:30:45 - 0:14:32 - Valid examples: 170
INFO - 06/04/26 23:30:45 - 0:14:32 - Mean score: 3.992156862745098
INFO - 06/04/26 23:30:45 - 0:14:32 - Median score: 4.0
INFO - 06/04/26 23:30:45 - 0:14:32 - Stdev score: 0.8548545990429555
INFO - 06/04/26 23:30:45 - 0:14:32 - Max score: 7.0
INFO - 06/04/26 23:30:45 - 0:14:32 - Top 1 percentile score: 7.0
INFO - 06/04/26 23:30:45 - 0:14:32 - Distribution of scores:
INFO - 06/04/26 23:30:45 - 0:14:32 - Score 2.2: Count: 2
INFO - 06/04/26 23:30:45 - 0:14:32 - Score 2.4: Count: 4
INFO - 06/04/26 23:30:45 - 0:14:32 - Score 3.0: Count: 10
INFO - 06/04/26 23:30:45 - 0:14:32 - Score 3.25: Count: 30
INFO - 06/04/26 23:30:45 - 0:14:32 - Score 3.5: Count: 22
INFO - 06/04/26 23:30:45 - 0:14:32 - Score 3.75: Count: 8
INFO - 06/04/26 23:30:45 - 0:14:32 - Score 4.0: Count: 26
INFO - 06/04/26 23:30:45 - 0:14:32 - Score 4.333333333333333: Count: 37
INFO - 06/04/26 23:30:45 - 0:14:32 - Score 4.666666666666667: Count: 8
INFO - 06/04/26 23:30:45 - 0:14:32 - Score 5.0: Count: 9
INFO - 06/04/26 23:30:45 - 0:14:32 - Score 5.5: Count: 5
INFO - 06/04/26 23:30:45 - 0:14:32 - Score 6.0: Count: 7
INFO - 06/04/26 23:30:45 - 0:14:32 - Score 7.0: Count: 2
INFO - 06/04/26 23:30:45 - 0:14:32 - --------------------------------
INFO - 06/04/26 23:30:45 - 0:14:32 - New train and test generated. Size are train: 170, test 100
INFO - 06/04/26 23:30:45 - 0:14:32 - Unique data computed for original train set: 8000, generated train set: 170
INFO - 06/04/26 23:30:45 - 0:14:32 - Final train and test generated. Size are train: 8000, test 100
INFO - 06/04/26 23:30:45 - 0:14:32 - [Epoch 6 AFTER_UPDATE_DATASETS] CPU: 0.0% | RAM: 302.3MB
INFO - 06/04/26 23:30:45 - 0:14:32 - ### Score distribution ###
INFO - 06/04/26 23:30:45 - 0:14:32 - Valid examples: 8000
INFO - 06/04/26 23:30:45 - 0:14:32 - Mean score: 2.6007875
INFO - 06/04/26 23:30:45 - 0:14:32 - Median score: 2.4
INFO - 06/04/26 23:30:45 - 0:14:32 - Stdev score: 0.9813735640205137
INFO - 06/04/26 23:30:45 - 0:14:32 - Max score: 7.0
INFO - 06/04/26 23:30:45 - 0:14:32 - Top 1 percentile score: 5.5
INFO - 06/04/26 23:30:45 - 0:14:32 - Distribution of scores:
INFO - 06/04/26 23:30:45 - 0:14:32 - Score 1.3333333333333333: Count: 995
INFO - 06/04/26 23:30:45 - 0:14:32 - Score 1.5: Count: 455
INFO - 06/04/26 23:30:45 - 0:14:32 - Score 1.6666666666666665: Count: 66
INFO - 06/04/26 23:30:45 - 0:14:32 - Score 1.8333333333333335: Count: 1
INFO - 06/04/26 23:30:45 - 0:14:32 - Score 2.0: Count: 934
INFO - 06/04/26 23:30:45 - 0:14:32 - Score 2.2: Count: 1482
INFO - 06/04/26 23:30:45 - 0:14:32 - Score 2.4: Count: 908
INFO - 06/04/26 23:30:45 - 0:14:32 - Score 2.6: Count: 253
INFO - 06/04/26 23:30:45 - 0:14:32 - Score 2.8: Count: 18
INFO - 06/04/26 23:30:45 - 0:14:32 - Score 3.0: Count: 547
INFO - 06/04/26 23:30:45 - 0:14:32 - Score 3.25: Count: 812
INFO - 06/04/26 23:30:45 - 0:14:32 - Score 3.5: Count: 421
INFO - 06/04/26 23:30:45 - 0:14:32 - Score 3.75: Count: 84
INFO - 06/04/26 23:30:45 - 0:14:32 - Score 4.0: Count: 323
INFO - 06/04/26 23:30:45 - 0:14:32 - Score 4.333333333333333: Count: 368
INFO - 06/04/26 23:30:45 - 0:14:32 - Score 4.666666666666667: Count: 122
INFO - 06/04/26 23:30:45 - 0:14:32 - Score 5.0: Count: 102
INFO - 06/04/26 23:30:45 - 0:14:32 - Score 5.5: Count: 62
INFO - 06/04/26 23:30:45 - 0:14:32 - Score 6.0: Count: 35
INFO - 06/04/26 23:30:45 - 0:14:32 - Score 7.0: Count: 12
INFO - 06/04/26 23:30:45 - 0:14:32 - --------------------------------
INFO - 06/04/26 23:30:45 - 0:14:32 - ==== Starting Epoch 7 =====
INFO - 06/04/26 23:30:45 - 0:14:32 - [Epoch 7 START] CPU: 0.0% | RAM: 380.4MB
INFO - 06/04/26 23:30:45 - 0:14:32 - Encoded train: 8000 examples in 0.02s (7836 cache hits, 164 misses)
INFO - 06/04/26 23:30:45 - 0:14:32 - Encoded test: 100 examples in 0.00s (100 cache hits, 0 misses)
INFO - 06/04/26 23:30:46 - 0:14:32 - Memory allocated: 24.40MB, reserved: 53.42MB
INFO - 06/04/26 23:30:49 - 0:14:36 - step 100 | loss 0.8326 | steps time 3420.56ms
INFO - 06/04/26 23:30:52 - 0:14:39 - step 200 | loss 0.8450 | steps time 3329.74ms
INFO - 06/04/26 23:30:52 - 0:14:39 - step 200 train loss: 0.8210819640755653 test loss: 0.8425710797309875
INFO - 06/04/26 23:30:56 - 0:14:42 - step 300 | loss 0.8268 | steps time 3286.02ms
INFO - 06/04/26 23:30:59 - 0:14:46 - step 400 | loss 0.8266 | steps time 3302.87ms
INFO - 06/04/26 23:30:59 - 0:14:46 - step 400 train loss: 0.82280124604702 test loss: 0.8378917574882507
INFO - 06/04/26 23:31:02 - 0:14:49 - step 500 | loss 0.8478 | steps time 3284.06ms
INFO - 06/04/26 23:31:06 - 0:14:52 - step 600 | loss 0.8438 | steps time 3330.83ms
INFO - 06/04/26 23:31:06 - 0:14:52 - step 600 train loss: 0.8217032116651535 test loss: 0.853006899356842
INFO - 06/04/26 23:31:09 - 0:14:56 - step 700 | loss 0.8221 | steps time 3312.68ms
INFO - 06/04/26 23:31:13 - 0:14:59 - step 800 | loss 0.8308 | steps time 3419.65ms
INFO - 06/04/26 23:31:13 - 0:14:59 - step 800 train loss: 0.8215713647007942 test loss: 0.8295010924339294
INFO - 06/04/26 23:31:13 - 0:14:59 - [Epoch 7 AFTER_TRAIN] CPU: 0.0% | RAM: 484.5MB
INFO - 06/04/26 23:31:13 - 0:15:00 - Sample with temperature 1.4 to 2.0
INFO - 06/04/26 23:31:13 - 0:15:00 - Hasse-Witt percentile filter state: overall_diversity=0.026, overall_saturation=0.003, exact_saturation=0.002
INFO - 06/04/26 23:31:13 - 0:15:00 - 0 / 3968 samples generated, 0 scored
INFO - 06/04/26 23:31:21 - 0:15:08 - Recent generated novelty for Hasse-Witt filter: 1.000
INFO - 06/04/26 23:31:26 - 0:15:13 - 640 / 3968 samples generated, 0 scored
INFO - 06/04/26 23:31:34 - 0:15:21 - Recent generated novelty for Hasse-Witt filter: 1.000
INFO - 06/04/26 23:31:35 - 0:15:22 - Recent generated novelty for Hasse-Witt filter: 1.000
INFO - 06/04/26 23:31:36 - 0:15:22 - Recent generated novelty for Hasse-Witt filter: 1.000
INFO - 06/04/26 23:31:37 - 0:15:23 - Recent generated novelty for Hasse-Witt filter: 1.000
INFO - 06/04/26 23:31:37 - 0:15:24 - Recent generated novelty for Hasse-Witt filter: 1.000
INFO - 06/04/26 23:31:38 - 0:15:24 - Recent generated novelty for Hasse-Witt filter: 1.000
INFO - 06/04/26 23:31:39 - 0:15:25 - Recent generated novelty for Hasse-Witt filter: 1.000
INFO - 06/04/26 23:31:39 - 0:15:26 - Recent generated novelty for Hasse-Witt filter: 1.000
INFO - 06/04/26 23:31:40 - 0:15:27 - Recent generated novelty for Hasse-Witt filter: 1.000
INFO - 06/04/26 23:31:41 - 0:15:28 - Recent generated novelty for Hasse-Witt filter: 1.000
INFO - 06/04/26 23:31:42 - 0:15:28 - Recent generated novelty for Hasse-Witt filter: 1.000
INFO - 06/04/26 23:31:42 - 0:15:29 - Recent generated novelty for Hasse-Witt filter: 1.000
INFO - 06/04/26 23:31:43 - 0:15:29 - 1280 / 3968 samples generated, 27 scored
INFO - 06/04/26 23:31:44 - 0:15:30 - Recent generated novelty for Hasse-Witt filter: 1.000
INFO - 06/04/26 23:31:44 - 0:15:31 - Recent generated novelty for Hasse-Witt filter: 1.000
INFO - 06/04/26 23:31:45 - 0:15:32 - Recent generated novelty for Hasse-Witt filter: 1.000
INFO - 06/04/26 23:31:46 - 0:15:32 - Recent generated novelty for Hasse-Witt filter: 1.000
INFO - 06/04/26 23:31:46 - 0:15:33 - Recent generated novelty for Hasse-Witt filter: 1.000
INFO - 06/04/26 23:31:47 - 0:15:33 - Recent generated novelty for Hasse-Witt filter: 1.000
INFO - 06/04/26 23:31:48 - 0:15:35 - Recent generated novelty for Hasse-Witt filter: 1.000
INFO - 06/04/26 23:31:49 - 0:15:36 - Recent generated novelty for Hasse-Witt filter: 1.000
INFO - 06/04/26 23:31:50 - 0:15:37 - Recent generated novelty for Hasse-Witt filter: 1.000
INFO - 06/04/26 23:31:50 - 0:15:37 - Recent generated novelty for Hasse-Witt filter: 1.000
INFO - 06/04/26 23:31:51 - 0:15:38 - Recent generated novelty for Hasse-Witt filter: 1.000
INFO - 06/04/26 23:31:52 - 0:15:38 - Recent generated novelty for Hasse-Witt filter: 1.000
INFO - 06/04/26 23:31:53 - 0:15:39 - Recent generated novelty for Hasse-Witt filter: 1.000
INFO - 06/04/26 23:31:53 - 0:15:40 - 1920 / 3968 samples generated, 60 scored
INFO - 06/04/26 23:31:53 - 0:15:40 - Recent generated novelty for Hasse-Witt filter: 1.000
INFO - 06/04/26 23:31:53 - 0:15:40 - Recent generated novelty for Hasse-Witt filter: 1.000
INFO - 06/04/26 23:31:55 - 0:15:41 - Recent generated novelty for Hasse-Witt filter: 1.000
INFO - 06/04/26 23:31:55 - 0:15:41 - Recent generated novelty for Hasse-Witt filter: 1.000
INFO - 06/04/26 23:31:56 - 0:15:43 - Recent generated novelty for Hasse-Witt filter: 1.000
INFO - 06/04/26 23:31:57 - 0:15:43 - Recent generated novelty for Hasse-Witt filter: 1.000
INFO - 06/04/26 23:31:58 - 0:15:45 - Recent generated novelty for Hasse-Witt filter: 1.000
INFO - 06/04/26 23:31:59 - 0:15:45 - Recent generated novelty for Hasse-Witt filter: 1.000
INFO - 06/04/26 23:32:00 - 0:15:46 - Recent generated novelty for Hasse-Witt filter: 1.000
INFO - 06/04/26 23:32:01 - 0:15:47 - Recent generated novelty for Hasse-Witt filter: 1.000
INFO - 06/04/26 23:32:01 - 0:15:48 - Recent generated novelty for Hasse-Witt filter: 1.000
INFO - 06/04/26 23:32:02 - 0:15:49 - 2560 / 3968 samples generated, 91 scored
INFO - 06/04/26 23:32:02 - 0:15:49 - Recent generated novelty for Hasse-Witt filter: 1.000
INFO - 06/04/26 23:32:03 - 0:15:50 - Recent generated novelty for Hasse-Witt filter: 1.000
INFO - 06/04/26 23:32:04 - 0:15:50 - Recent generated novelty for Hasse-Witt filter: 1.000
INFO - 06/04/26 23:32:04 - 0:15:51 - Recent generated novelty for Hasse-Witt filter: 1.000
INFO - 06/04/26 23:32:05 - 0:15:52 - Recent generated novelty for Hasse-Witt filter: 1.000
INFO - 06/04/26 23:32:06 - 0:15:53 - Recent generated novelty for Hasse-Witt filter: 1.000
INFO - 06/04/26 23:32:08 - 0:15:55 - Recent generated novelty for Hasse-Witt filter: 1.000
INFO - 06/04/26 23:32:10 - 0:15:57 - Recent generated novelty for Hasse-Witt filter: 1.000
INFO - 06/04/26 23:32:12 - 0:15:58 - Recent generated novelty for Hasse-Witt filter: 1.000
INFO - 06/04/26 23:32:13 - 0:16:00 - Recent generated novelty for Hasse-Witt filter: 1.000
INFO - 06/04/26 23:32:14 - 0:16:01 - Recent generated novelty for Hasse-Witt filter: 1.000
INFO - 06/04/26 23:32:15 - 0:16:01 - Recent generated novelty for Hasse-Witt filter: 1.000
INFO - 06/04/26 23:32:15 - 0:16:02 - 3200 / 3968 samples generated, 124 scored
INFO - 06/04/26 23:32:15 - 0:16:02 - Recent generated novelty for Hasse-Witt filter: 1.000
INFO - 06/04/26 23:32:16 - 0:16:03 - Recent generated novelty for Hasse-Witt filter: 1.000
INFO - 06/04/26 23:32:17 - 0:16:04 - Recent generated novelty for Hasse-Witt filter: 1.000
INFO - 06/04/26 23:32:18 - 0:16:05 - Recent generated novelty for Hasse-Witt filter: 1.000
INFO - 06/04/26 23:32:19 - 0:16:06 - Recent generated novelty for Hasse-Witt filter: 1.000
INFO - 06/04/26 23:32:20 - 0:16:07 - Recent generated novelty for Hasse-Witt filter: 1.000
INFO - 06/04/26 23:32:22 - 0:16:08 - Recent generated novelty for Hasse-Witt filter: 1.000
INFO - 06/04/26 23:32:24 - 0:16:10 - Recent generated novelty for Hasse-Witt filter: 1.000
INFO - 06/04/26 23:32:24 - 0:16:11 - Recent generated novelty for Hasse-Witt filter: 1.000
INFO - 06/04/26 23:32:25 - 0:16:12 - Recent generated novelty for Hasse-Witt filter: 1.000
INFO - 06/04/26 23:32:27 - 0:16:14 - 3840 / 3968 samples generated, 170 scored
INFO - 06/04/26 23:32:27 - 0:16:14 - Recent generated novelty for Hasse-Witt filter: 1.000
INFO - 06/04/26 23:32:28 - 0:16:15 - Recent generated novelty for Hasse-Witt filter: 1.000
INFO - 06/04/26 23:32:30 - 0:16:17 - Recent generated novelty for Hasse-Witt filter: 1.000
INFO - 06/04/26 23:32:32 - 0:16:18 - ### Score distribution ###
INFO - 06/04/26 23:32:32 - 0:16:18 - Invalid examples: before local search: 11, after: 0
INFO - 06/04/26 23:32:32 - 0:16:18 - Valid examples: 181
INFO - 06/04/26 23:32:32 - 0:16:18 - Mean score: 4.011233885819522
INFO - 06/04/26 23:32:32 - 0:16:18 - Median score: 4.0
INFO - 06/04/26 23:32:32 - 0:16:18 - Stdev score: 0.8013046537241251
INFO - 06/04/26 23:32:32 - 0:16:18 - Max score: 7.0
INFO - 06/04/26 23:32:32 - 0:16:18 - Top 1 percentile score: 6.18
INFO - 06/04/26 23:32:32 - 0:16:18 - Distribution of scores:
INFO - 06/04/26 23:32:32 - 0:16:18 - Score 2.2: Count: 2
INFO - 06/04/26 23:32:32 - 0:16:18 - Score 2.4: Count: 2
INFO - 06/04/26 23:32:32 - 0:16:18 - Score 2.6: Count: 2
INFO - 06/04/26 23:32:32 - 0:16:18 - Score 2.8: Count: 1
INFO - 06/04/26 23:32:32 - 0:16:18 - Score 3.0: Count: 8
INFO - 06/04/26 23:32:32 - 0:16:18 - Score 3.25: Count: 27
INFO - 06/04/26 23:32:32 - 0:16:18 - Score 3.5: Count: 26
INFO - 06/04/26 23:32:32 - 0:16:18 - Score 3.75: Count: 9
INFO - 06/04/26 23:32:32 - 0:16:18 - Score 4.0: Count: 31
INFO - 06/04/26 23:32:32 - 0:16:18 - Score 4.333333333333333: Count: 36
INFO - 06/04/26 23:32:32 - 0:16:18 - Score 4.666666666666667: Count: 11
INFO - 06/04/26 23:32:32 - 0:16:18 - Score 5.0: Count: 13
INFO - 06/04/26 23:32:32 - 0:16:18 - Score 5.5: Count: 6
INFO - 06/04/26 23:32:32 - 0:16:18 - Score 6.0: Count: 6
INFO - 06/04/26 23:32:32 - 0:16:18 - Score 7.0: Count: 1
INFO - 06/04/26 23:32:32 - 0:16:18 - --------------------------------
INFO - 06/04/26 23:32:32 - 0:16:18 - [Epoch 7 AFTER_SAMPLE] CPU: 0.0% | RAM: 352.5MB
INFO - 06/04/26 23:32:32 - 0:16:18 - Unique processing: 181 examples left, 0 duplicates
INFO - 06/04/26 23:32:32 - 0:16:18 - ### Score distribution ###
INFO - 06/04/26 23:32:32 - 0:16:18 - Valid examples: 181
INFO - 06/04/26 23:32:32 - 0:16:18 - Mean score: 4.011233885819522
INFO - 06/04/26 23:32:32 - 0:16:18 - Median score: 4.0
INFO - 06/04/26 23:32:32 - 0:16:18 - Stdev score: 0.8013046537241251
INFO - 06/04/26 23:32:32 - 0:16:18 - Max score: 7.0
INFO - 06/04/26 23:32:32 - 0:16:18 - Top 1 percentile score: 6.18
INFO - 06/04/26 23:32:32 - 0:16:18 - Distribution of scores:
INFO - 06/04/26 23:32:32 - 0:16:18 - Score 2.2: Count: 2
INFO - 06/04/26 23:32:32 - 0:16:18 - Score 2.4: Count: 2
INFO - 06/04/26 23:32:32 - 0:16:18 - Score 2.6: Count: 2
INFO - 06/04/26 23:32:32 - 0:16:18 - Score 2.8: Count: 1
INFO - 06/04/26 23:32:32 - 0:16:18 - Score 3.0: Count: 8
INFO - 06/04/26 23:32:32 - 0:16:18 - Score 3.25: Count: 27
INFO - 06/04/26 23:32:32 - 0:16:18 - Score 3.5: Count: 26
INFO - 06/04/26 23:32:32 - 0:16:18 - Score 3.75: Count: 9
INFO - 06/04/26 23:32:32 - 0:16:18 - Score 4.0: Count: 31
INFO - 06/04/26 23:32:32 - 0:16:18 - Score 4.333333333333333: Count: 36
INFO - 06/04/26 23:32:32 - 0:16:18 - Score 4.666666666666667: Count: 11
INFO - 06/04/26 23:32:32 - 0:16:18 - Score 5.0: Count: 13
INFO - 06/04/26 23:32:32 - 0:16:18 - Score 5.5: Count: 6
INFO - 06/04/26 23:32:32 - 0:16:18 - Score 6.0: Count: 6
INFO - 06/04/26 23:32:32 - 0:16:18 - Score 7.0: Count: 1
INFO - 06/04/26 23:32:32 - 0:16:18 - --------------------------------
INFO - 06/04/26 23:32:32 - 0:16:18 - New train and test generated. Size are train: 181, test 100
INFO - 06/04/26 23:32:32 - 0:16:18 - Unique data computed for original train set: 8000, generated train set: 180
INFO - 06/04/26 23:32:32 - 0:16:18 - Final train and test generated. Size are train: 8000, test 100
INFO - 06/04/26 23:32:32 - 0:16:19 - [Epoch 7 AFTER_UPDATE_DATASETS] CPU: 0.0% | RAM: 402.6MB
INFO - 06/04/26 23:32:32 - 0:16:19 - ### Score distribution ###
INFO - 06/04/26 23:32:32 - 0:16:19 - Valid examples: 8000
INFO - 06/04/26 23:32:32 - 0:16:19 - Mean score: 2.6611041666666666
INFO - 06/04/26 23:32:32 - 0:16:19 - Median score: 2.4
INFO - 06/04/26 23:32:32 - 0:16:19 - Stdev score: 0.9912964731786967
INFO - 06/04/26 23:32:32 - 0:16:19 - Max score: 7.0
INFO - 06/04/26 23:32:32 - 0:16:19 - Top 1 percentile score: 5.5
INFO - 06/04/26 23:32:32 - 0:16:19 - Distribution of scores:
INFO - 06/04/26 23:32:32 - 0:16:19 - Score 1.3333333333333333: Count: 815
INFO - 06/04/26 23:32:32 - 0:16:19 - Score 1.5: Count: 455
INFO - 06/04/26 23:32:32 - 0:16:19 - Score 1.6666666666666665: Count: 66
INFO - 06/04/26 23:32:32 - 0:16:19 - Score 1.8333333333333335: Count: 1
INFO - 06/04/26 23:32:32 - 0:16:19 - Score 2.0: Count: 934
INFO - 06/04/26 23:32:32 - 0:16:19 - Score 2.2: Count: 1484
INFO - 06/04/26 23:32:32 - 0:16:19 - Score 2.4: Count: 910
INFO - 06/04/26 23:32:32 - 0:16:19 - Score 2.6: Count: 255
INFO - 06/04/26 23:32:32 - 0:16:19 - Score 2.8: Count: 19
INFO - 06/04/26 23:32:32 - 0:16:19 - Score 3.0: Count: 555
INFO - 06/04/26 23:32:32 - 0:16:19 - Score 3.25: Count: 839
INFO - 06/04/26 23:32:32 - 0:16:19 - Score 3.5: Count: 446
INFO - 06/04/26 23:32:32 - 0:16:19 - Score 3.75: Count: 93
INFO - 06/04/26 23:32:32 - 0:16:19 - Score 4.0: Count: 354
INFO - 06/04/26 23:32:32 - 0:16:19 - Score 4.333333333333333: Count: 404
INFO - 06/04/26 23:32:32 - 0:16:19 - Score 4.666666666666667: Count: 133
INFO - 06/04/26 23:32:32 - 0:16:19 - Score 5.0: Count: 115
INFO - 06/04/26 23:32:32 - 0:16:19 - Score 5.5: Count: 68
INFO - 06/04/26 23:32:32 - 0:16:19 - Score 6.0: Count: 41
INFO - 06/04/26 23:32:32 - 0:16:19 - Score 7.0: Count: 13
INFO - 06/04/26 23:32:32 - 0:16:19 - --------------------------------
INFO - 06/04/26 23:32:32 - 0:16:19 - ==== Starting Epoch 8 =====
INFO - 06/04/26 23:32:32 - 0:16:19 - [Epoch 8 START] CPU: 0.0% | RAM: 479.8MB
INFO - 06/04/26 23:32:32 - 0:16:19 - Encoded train: 8000 examples in 0.02s (7829 cache hits, 171 misses)
INFO - 06/04/26 23:32:32 - 0:16:19 - Encoded test: 100 examples in 0.00s (100 cache hits, 0 misses)
INFO - 06/04/26 23:32:32 - 0:16:19 - Memory allocated: 24.38MB, reserved: 55.42MB
INFO - 06/04/26 23:32:36 - 0:16:22 - step 100 | loss 0.8203 | steps time 3372.20ms
INFO - 06/04/26 23:32:39 - 0:16:26 - step 200 | loss 0.7836 | steps time 3272.33ms
INFO - 06/04/26 23:32:39 - 0:16:26 - step 200 train loss: 0.8220249480009079 test loss: 0.8452507257461548
INFO - 06/04/26 23:32:42 - 0:16:29 - step 300 | loss 0.8196 | steps time 3259.66ms
INFO - 06/04/26 23:32:46 - 0:16:32 - step 400 | loss 0.8233 | steps time 3288.57ms
INFO - 06/04/26 23:32:46 - 0:16:32 - step 400 train loss: 0.8240141561627388 test loss: 0.8301774859428406
INFO - 06/04/26 23:32:49 - 0:16:36 - step 500 | loss 0.8164 | steps time 3324.88ms
INFO - 06/04/26 23:32:52 - 0:16:39 - step 600 | loss 0.8068 | steps time 3311.91ms
INFO - 06/04/26 23:32:52 - 0:16:39 - step 600 train loss: 0.8216809365153313 test loss: 0.8268495798110962
INFO - 06/04/26 23:32:56 - 0:16:43 - step 700 | loss 0.7831 | steps time 3391.87ms
INFO - 06/04/26 23:32:59 - 0:16:46 - step 800 | loss 0.8690 | steps time 3325.91ms
INFO - 06/04/26 23:32:59 - 0:16:46 - step 800 train loss: 0.8224260801076889 test loss: 0.822800874710083
INFO - 06/04/26 23:32:59 - 0:16:46 - [Epoch 8 AFTER_TRAIN] CPU: 0.0% | RAM: 594.7MB
INFO - 06/04/26 23:33:00 - 0:16:46 - Sample with temperature 1.4 to 2.0
INFO - 06/04/26 23:33:00 - 0:16:46 - Hasse-Witt percentile filter state: overall_diversity=0.028, overall_saturation=0.003, exact_saturation=0.002
INFO - 06/04/26 23:33:00 - 0:16:46 - 0 / 3968 samples generated, 0 scored
INFO - 06/04/26 23:33:07 - 0:16:53 - Recent generated novelty for Hasse-Witt filter: 1.000
INFO - 06/04/26 23:33:20 - 0:17:07 - 640 / 3968 samples generated, 0 scored
INFO - 06/04/26 23:33:20 - 0:17:07 - Recent generated novelty for Hasse-Witt filter: 1.000
INFO - 06/04/26 23:33:21 - 0:17:07 - Recent generated novelty for Hasse-Witt filter: 1.000
INFO - 06/04/26 23:33:23 - 0:17:09 - Recent generated novelty for Hasse-Witt filter: 1.000
INFO - 06/04/26 23:33:23 - 0:17:10 - Recent generated novelty for Hasse-Witt filter: 1.000
INFO - 06/04/26 23:33:24 - 0:17:11 - Recent generated novelty for Hasse-Witt filter: 1.000
INFO - 06/04/26 23:33:25 - 0:17:12 - Recent generated novelty for Hasse-Witt filter: 1.000
INFO - 06/04/26 23:33:25 - 0:17:12 - Recent generated novelty for Hasse-Witt filter: 1.000
INFO - 06/04/26 23:33:26 - 0:17:13 - Recent generated novelty for Hasse-Witt filter: 1.000
INFO - 06/04/26 23:33:27 - 0:17:14 - Recent generated novelty for Hasse-Witt filter: 1.000
INFO - 06/04/26 23:33:27 - 0:17:14 - Recent generated novelty for Hasse-Witt filter: 1.000
INFO - 06/04/26 23:33:28 - 0:17:15 - Recent generated novelty for Hasse-Witt filter: 1.000
INFO - 06/04/26 23:33:29 - 0:17:16 - Recent generated novelty for Hasse-Witt filter: 1.000
INFO - 06/04/26 23:33:30 - 0:17:16 - Recent generated novelty for Hasse-Witt filter: 1.000
INFO - 06/04/26 23:33:31 - 0:17:17 - Recent generated novelty for Hasse-Witt filter: 1.000
INFO - 06/04/26 23:33:31 - 0:17:18 - Recent generated novelty for Hasse-Witt filter: 1.000
INFO - 06/04/26 23:33:32 - 0:17:19 - Recent generated novelty for Hasse-Witt filter: 1.000
INFO - 06/04/26 23:33:33 - 0:17:20 - Recent generated novelty for Hasse-Witt filter: 1.000
INFO - 06/04/26 23:33:35 - 0:17:22 - Recent generated novelty for Hasse-Witt filter: 1.000
INFO - 06/04/26 23:33:36 - 0:17:23 - 1280 / 3968 samples generated, 53 scored
INFO - 06/04/26 23:33:36 - 0:17:23 - Recent generated novelty for Hasse-Witt filter: 1.000
INFO - 06/04/26 23:33:38 - 0:17:25 - Recent generated novelty for Hasse-Witt filter: 1.000
INFO - 06/04/26 23:33:39 - 0:17:25 - Recent generated novelty for Hasse-Witt filter: 1.000
INFO - 06/04/26 23:33:41 - 0:17:27 - Recent generated novelty for Hasse-Witt filter: 1.000
INFO - 06/04/26 23:33:43 - 0:17:29 - Recent generated novelty for Hasse-Witt filter: 1.000
INFO - 06/04/26 23:33:44 - 0:17:31 - Recent generated novelty for Hasse-Witt filter: 1.000
INFO - 06/04/26 23:33:45 - 0:17:32 - Recent generated novelty for Hasse-Witt filter: 1.000
INFO - 06/04/26 23:33:47 - 0:17:33 - Recent generated novelty for Hasse-Witt filter: 1.000
INFO - 06/04/26 23:33:49 - 0:17:35 - Recent generated novelty for Hasse-Witt filter: 1.000
INFO - 06/04/26 23:33:50 - 0:17:37 - Recent generated novelty for Hasse-Witt filter: 1.000
INFO - 06/04/26 23:33:52 - 0:17:38 - 1920 / 3968 samples generated, 76 scored
INFO - 06/04/26 23:33:52 - 0:17:38 - Recent generated novelty for Hasse-Witt filter: 1.000
INFO - 06/04/26 23:33:54 - 0:17:40 - Recent generated novelty for Hasse-Witt filter: 1.000
INFO - 06/04/26 23:33:55 - 0:17:42 - Recent generated novelty for Hasse-Witt filter: 1.000
INFO - 06/04/26 23:33:56 - 0:17:42 - Recent generated novelty for Hasse-Witt filter: 1.000
INFO - 06/04/26 23:33:56 - 0:17:43 - Recent generated novelty for Hasse-Witt filter: 1.000
INFO - 06/04/26 23:33:57 - 0:17:44 - Recent generated novelty for Hasse-Witt filter: 1.000
INFO - 06/04/26 23:33:58 - 0:17:44 - Recent generated novelty for Hasse-Witt filter: 1.000
INFO - 06/04/26 23:33:58 - 0:17:45 - Recent generated novelty for Hasse-Witt filter: 1.000
INFO - 06/04/26 23:34:00 - 0:17:47 - Recent generated novelty for Hasse-Witt filter: 1.000
INFO - 06/04/26 23:34:02 - 0:17:49 - Recent generated novelty for Hasse-Witt filter: 1.000
INFO - 06/04/26 23:34:04 - 0:17:50 - 2560 / 3968 samples generated, 104 scored
INFO - 06/04/26 23:34:04 - 0:17:50 - Recent generated novelty for Hasse-Witt filter: 1.000
INFO - 06/04/26 23:34:05 - 0:17:52 - Recent generated novelty for Hasse-Witt filter: 1.000
INFO - 06/04/26 23:34:06 - 0:17:53 - Recent generated novelty for Hasse-Witt filter: 1.000
INFO - 06/04/26 23:34:08 - 0:17:55 - Recent generated novelty for Hasse-Witt filter: 1.000
INFO - 06/04/26 23:34:10 - 0:17:57 - Recent generated novelty for Hasse-Witt filter: 1.000
INFO - 06/04/26 23:34:11 - 0:17:57 - Recent generated novelty for Hasse-Witt filter: 1.000
INFO - 06/04/26 23:34:12 - 0:17:59 - Recent generated novelty for Hasse-Witt filter: 1.000
INFO - 06/04/26 23:34:14 - 0:18:01 - Recent generated novelty for Hasse-Witt filter: 1.000
INFO - 06/04/26 23:34:16 - 0:18:03 - Recent generated novelty for Hasse-Witt filter: 1.000
INFO - 06/04/26 23:34:18 - 0:18:05 - Recent generated novelty for Hasse-Witt filter: 1.000
INFO - 06/04/26 23:34:20 - 0:18:07 - 3200 / 3968 samples generated, 135 scored
INFO - 06/04/26 23:34:20 - 0:18:07 - Recent generated novelty for Hasse-Witt filter: 1.000
INFO - 06/04/26 23:34:21 - 0:18:08 - Recent generated novelty for Hasse-Witt filter: 1.000
INFO - 06/04/26 23:34:23 - 0:18:10 - Recent generated novelty for Hasse-Witt filter: 1.000
INFO - 06/04/26 23:34:25 - 0:18:11 - Recent generated novelty for Hasse-Witt filter: 1.000
INFO - 06/04/26 23:34:27 - 0:18:13 - Recent generated novelty for Hasse-Witt filter: 1.000
INFO - 06/04/26 23:34:28 - 0:18:14 - Recent generated novelty for Hasse-Witt filter: 1.000
INFO - 06/04/26 23:34:29 - 0:18:16 - Recent generated novelty for Hasse-Witt filter: 1.000
INFO - 06/04/26 23:34:31 - 0:18:18 - Recent generated novelty for Hasse-Witt filter: 1.000
INFO - 06/04/26 23:34:33 - 0:18:19 - Recent generated novelty for Hasse-Witt filter: 1.000
INFO - 06/04/26 23:34:35 - 0:18:21 - Recent generated novelty for Hasse-Witt filter: 1.000
INFO - 06/04/26 23:34:36 - 0:18:22 - 3840 / 3968 samples generated, 162 scored
INFO - 06/04/26 23:34:36 - 0:18:22 - Recent generated novelty for Hasse-Witt filter: 1.000
INFO - 06/04/26 23:34:38 - 0:18:24 - Recent generated novelty for Hasse-Witt filter: 1.000
INFO - 06/04/26 23:34:40 - 0:18:26 - Recent generated novelty for Hasse-Witt filter: 1.000
INFO - 06/04/26 23:34:41 - 0:18:28 - ### Score distribution ###
INFO - 06/04/26 23:34:41 - 0:18:28 - Invalid examples: before local search: 11, after: 0
INFO - 06/04/26 23:34:41 - 0:18:28 - Valid examples: 168
INFO - 06/04/26 23:34:41 - 0:18:28 - Mean score: 3.9047619047619047
INFO - 06/04/26 23:34:41 - 0:18:28 - Median score: 4.0
INFO - 06/04/26 23:34:41 - 0:18:28 - Stdev score: 0.7920789300700326
INFO - 06/04/26 23:34:41 - 0:18:28 - Max score: 6.0
INFO - 06/04/26 23:34:41 - 0:18:28 - Top 1 percentile score: 6.0
INFO - 06/04/26 23:34:41 - 0:18:28 - Distribution of scores:
INFO - 06/04/26 23:34:41 - 0:18:28 - Score 2.2: Count: 2
INFO - 06/04/26 23:34:41 - 0:18:28 - Score 2.4: Count: 4
INFO - 06/04/26 23:34:41 - 0:18:28 - Score 2.6: Count: 5
INFO - 06/04/26 23:34:41 - 0:18:28 - Score 3.0: Count: 11
INFO - 06/04/26 23:34:41 - 0:18:28 - Score 3.25: Count: 28
INFO - 06/04/26 23:34:41 - 0:18:28 - Score 3.5: Count: 22
INFO - 06/04/26 23:34:41 - 0:18:28 - Score 3.75: Count: 4
INFO - 06/04/26 23:34:41 - 0:18:28 - Score 4.0: Count: 25
INFO - 06/04/26 23:34:41 - 0:18:28 - Score 4.333333333333333: Count: 41
INFO - 06/04/26 23:34:41 - 0:18:28 - Score 4.666666666666667: Count: 5
INFO - 06/04/26 23:34:41 - 0:18:28 - Score 5.0: Count: 11
INFO - 06/04/26 23:34:41 - 0:18:28 - Score 5.5: Count: 6
INFO - 06/04/26 23:34:41 - 0:18:28 - Score 6.0: Count: 4
INFO - 06/04/26 23:34:41 - 0:18:28 - --------------------------------
INFO - 06/04/26 23:34:41 - 0:18:28 - [Epoch 8 AFTER_SAMPLE] CPU: 0.0% | RAM: 354.1MB
INFO - 06/04/26 23:34:41 - 0:18:28 - Unique processing: 168 examples left, 0 duplicates
INFO - 06/04/26 23:34:41 - 0:18:28 - ### Score distribution ###
INFO - 06/04/26 23:34:41 - 0:18:28 - Valid examples: 168
INFO - 06/04/26 23:34:41 - 0:18:28 - Mean score: 3.9047619047619047
INFO - 06/04/26 23:34:41 - 0:18:28 - Median score: 4.0
INFO - 06/04/26 23:34:41 - 0:18:28 - Stdev score: 0.7920789300700326
INFO - 06/04/26 23:34:41 - 0:18:28 - Max score: 6.0
INFO - 06/04/26 23:34:41 - 0:18:28 - Top 1 percentile score: 6.0
INFO - 06/04/26 23:34:41 - 0:18:28 - Distribution of scores:
INFO - 06/04/26 23:34:41 - 0:18:28 - Score 2.2: Count: 2
INFO - 06/04/26 23:34:41 - 0:18:28 - Score 2.4: Count: 4
INFO - 06/04/26 23:34:41 - 0:18:28 - Score 2.6: Count: 5
INFO - 06/04/26 23:34:41 - 0:18:28 - Score 3.0: Count: 11
INFO - 06/04/26 23:34:41 - 0:18:28 - Score 3.25: Count: 28
INFO - 06/04/26 23:34:41 - 0:18:28 - Score 3.5: Count: 22
INFO - 06/04/26 23:34:41 - 0:18:28 - Score 3.75: Count: 4
INFO - 06/04/26 23:34:41 - 0:18:28 - Score 4.0: Count: 25
INFO - 06/04/26 23:34:41 - 0:18:28 - Score 4.333333333333333: Count: 41
INFO - 06/04/26 23:34:41 - 0:18:28 - Score 4.666666666666667: Count: 5
INFO - 06/04/26 23:34:41 - 0:18:28 - Score 5.0: Count: 11
INFO - 06/04/26 23:34:41 - 0:18:28 - Score 5.5: Count: 6
INFO - 06/04/26 23:34:41 - 0:18:28 - Score 6.0: Count: 4
INFO - 06/04/26 23:34:41 - 0:18:28 - --------------------------------
INFO - 06/04/26 23:34:41 - 0:18:28 - New train and test generated. Size are train: 168, test 100
INFO - 06/04/26 23:34:41 - 0:18:28 - Unique data computed for original train set: 8000, generated train set: 167
INFO - 06/04/26 23:34:41 - 0:18:28 - Final train and test generated. Size are train: 8000, test 100
INFO - 06/04/26 23:34:41 - 0:18:28 - [Epoch 8 AFTER_UPDATE_DATASETS] CPU: 0.0% | RAM: 407.2MB
INFO - 06/04/26 23:34:42 - 0:18:28 - ### Score distribution ###
INFO - 06/04/26 23:34:42 - 0:18:28 - Valid examples: 8000
INFO - 06/04/26 23:34:42 - 0:18:28 - Mean score: 2.714729166666667
INFO - 06/04/26 23:34:42 - 0:18:28 - Median score: 2.4
INFO - 06/04/26 23:34:42 - 0:18:28 - Stdev score: 0.9940921576697188
INFO - 06/04/26 23:34:42 - 0:18:28 - Max score: 7.0
INFO - 06/04/26 23:34:42 - 0:18:28 - Top 1 percentile score: 5.5
INFO - 06/04/26 23:34:42 - 0:18:28 - Distribution of scores:
INFO - 06/04/26 23:34:42 - 0:18:28 - Score 1.3333333333333333: Count: 648
INFO - 06/04/26 23:34:42 - 0:18:28 - Score 1.5: Count: 455
INFO - 06/04/26 23:34:42 - 0:18:28 - Score 1.6666666666666665: Count: 66
INFO - 06/04/26 23:34:42 - 0:18:28 - Score 1.8333333333333335: Count: 1
INFO - 06/04/26 23:34:42 - 0:18:28 - Score 2.0: Count: 934
INFO - 06/04/26 23:34:42 - 0:18:28 - Score 2.2: Count: 1486
INFO - 06/04/26 23:34:42 - 0:18:28 - Score 2.4: Count: 914
INFO - 06/04/26 23:34:42 - 0:18:28 - Score 2.6: Count: 260
INFO - 06/04/26 23:34:42 - 0:18:28 - Score 2.8: Count: 19
INFO - 06/04/26 23:34:42 - 0:18:28 - Score 3.0: Count: 566
INFO - 06/04/26 23:34:42 - 0:18:28 - Score 3.25: Count: 867
INFO - 06/04/26 23:34:42 - 0:18:28 - Score 3.5: Count: 468
INFO - 06/04/26 23:34:42 - 0:18:28 - Score 3.75: Count: 97
INFO - 06/04/26 23:34:42 - 0:18:28 - Score 4.0: Count: 379
INFO - 06/04/26 23:34:42 - 0:18:28 - Score 4.333333333333333: Count: 444
INFO - 06/04/26 23:34:42 - 0:18:28 - Score 4.666666666666667: Count: 138
INFO - 06/04/26 23:34:42 - 0:18:28 - Score 5.0: Count: 126
INFO - 06/04/26 23:34:42 - 0:18:28 - Score 5.5: Count: 74
INFO - 06/04/26 23:34:42 - 0:18:28 - Score 6.0: Count: 45
INFO - 06/04/26 23:34:42 - 0:18:28 - Score 7.0: Count: 13
INFO - 06/04/26 23:34:42 - 0:18:28 - --------------------------------
INFO - 06/04/26 23:34:42 - 0:18:28 - ==== Starting Epoch 9 =====
INFO - 06/04/26 23:34:42 - 0:18:28 - [Epoch 9 START] CPU: 0.0% | RAM: 485.4MB
INFO - 06/04/26 23:34:42 - 0:18:28 - Encoded train: 8000 examples in 0.02s (7846 cache hits, 154 misses)
INFO - 06/04/26 23:34:42 - 0:18:28 - Encoded test: 100 examples in 0.00s (100 cache hits, 0 misses)
INFO - 06/04/26 23:34:42 - 0:18:28 - Memory allocated: 24.38MB, reserved: 55.42MB
INFO - 06/04/26 23:34:45 - 0:18:32 - step 100 | loss 0.9924 | steps time 3518.76ms
INFO - 06/04/26 23:34:49 - 0:18:35 - step 200 | loss 0.8348 | steps time 3269.04ms
INFO - 06/04/26 23:34:49 - 0:18:35 - step 200 train loss: 0.823664952814579 test loss: 0.8319523334503174
INFO - 06/04/26 23:34:52 - 0:18:39 - step 300 | loss 0.8365 | steps time 3316.13ms
INFO - 06/04/26 23:34:56 - 0:18:43 - step 400 | loss 0.8057 | steps time 4332.94ms
INFO - 06/04/26 23:34:56 - 0:18:43 - step 400 train loss: 0.8216679763793945 test loss: 0.8270955681800842
INFO - 06/04/26 23:35:00 - 0:18:47 - step 500 | loss 0.8338 | steps time 3658.69ms
INFO - 06/04/26 23:35:04 - 0:18:50 - step 600 | loss 0.8443 | steps time 3667.29ms
INFO - 06/04/26 23:35:04 - 0:18:50 - step 600 train loss: 0.8210773798823356 test loss: 0.8219503164291382
INFO - 06/04/26 23:35:08 - 0:18:54 - step 700 | loss 0.7890 | steps time 3876.39ms
INFO - 06/04/26 23:35:11 - 0:18:58 - step 800 | loss 0.8201 | steps time 3728.59ms
INFO - 06/04/26 23:35:12 - 0:18:58 - step 800 train loss: 0.8222308960556984 test loss: 0.826302170753479
INFO - 06/04/26 23:35:12 - 0:18:58 - [Epoch 9 AFTER_TRAIN] CPU: 0.0% | RAM: 605.7MB
INFO - 06/04/26 23:35:12 - 0:18:58 - Sample with temperature 1.4 to 2.0
INFO - 06/04/26 23:35:12 - 0:18:58 - Hasse-Witt percentile filter state: overall_diversity=0.028, overall_saturation=0.004, exact_saturation=0.002
INFO - 06/04/26 23:35:12 - 0:18:58 - 0 / 3968 samples generated, 0 scored
INFO - 06/04/26 23:35:22 - 0:19:08 - Recent generated novelty for Hasse-Witt filter: 1.000
INFO - 06/04/26 23:35:27 - 0:19:14 - Recent generated novelty for Hasse-Witt filter: 1.000
INFO - 06/04/26 23:35:28 - 0:19:14 - Recent generated novelty for Hasse-Witt filter: 1.000
INFO - 06/04/26 23:35:34 - 0:19:20 - Recent generated novelty for Hasse-Witt filter: 1.000
INFO - 06/04/26 23:35:34 - 0:19:21 - 640 / 3968 samples generated, 5 scored
INFO - 06/04/26 23:35:38 - 0:19:25 - Recent generated novelty for Hasse-Witt filter: 1.000
INFO - 06/04/26 23:35:44 - 0:19:31 - Recent generated novelty for Hasse-Witt filter: 1.000
INFO - 06/04/26 23:35:51 - 0:19:38 - 1280 / 3968 samples generated, 9 scored
INFO - 06/04/26 23:35:54 - 0:19:40 - Recent generated novelty for Hasse-Witt filter: 1.000
INFO - 06/04/26 23:35:54 - 0:19:41 - Recent generated novelty for Hasse-Witt filter: 1.000
INFO - 06/04/26 23:35:54 - 0:19:41 - Recent generated novelty for Hasse-Witt filter: 1.000
INFO - 06/04/26 23:35:55 - 0:19:42 - Recent generated novelty for Hasse-Witt filter: 1.000
INFO - 06/04/26 23:35:56 - 0:19:43 - Recent generated novelty for Hasse-Witt filter: 1.000
INFO - 06/04/26 23:35:57 - 0:19:43 - Recent generated novelty for Hasse-Witt filter: 1.000
INFO - 06/04/26 23:35:57 - 0:19:44 - Recent generated novelty for Hasse-Witt filter: 1.000
INFO - 06/04/26 23:35:58 - 0:19:44 - Recent generated novelty for Hasse-Witt filter: 1.000
INFO - 06/04/26 23:35:58 - 0:19:45 - Recent generated novelty for Hasse-Witt filter: 1.000
INFO - 06/04/26 23:35:58 - 0:19:45 - Recent generated novelty for Hasse-Witt filter: 1.000
INFO - 06/04/26 23:35:59 - 0:19:46 - Recent generated novelty for Hasse-Witt filter: 1.000
INFO - 06/04/26 23:36:00 - 0:19:46 - Recent generated novelty for Hasse-Witt filter: 1.000
INFO - 06/04/26 23:36:00 - 0:19:47 - Recent generated novelty for Hasse-Witt filter: 1.000
INFO - 06/04/26 23:36:01 - 0:19:48 - Recent generated novelty for Hasse-Witt filter: 1.000
INFO - 06/04/26 23:36:02 - 0:19:48 - Recent generated novelty for Hasse-Witt filter: 1.000
INFO - 06/04/26 23:36:03 - 0:19:49 - Recent generated novelty for Hasse-Witt filter: 1.000
INFO - 06/04/26 23:36:03 - 0:19:50 - Recent generated novelty for Hasse-Witt filter: 1.000
INFO - 06/04/26 23:36:04 - 0:19:51 - Recent generated novelty for Hasse-Witt filter: 1.000
INFO - 06/04/26 23:36:05 - 0:19:51 - Recent generated novelty for Hasse-Witt filter: 1.000
INFO - 06/04/26 23:36:05 - 0:19:51 - 1920 / 3968 samples generated, 85 scored
INFO - 06/04/26 23:36:05 - 0:19:52 - Recent generated novelty for Hasse-Witt filter: 1.000
INFO - 06/04/26 23:36:05 - 0:19:52 - Recent generated novelty for Hasse-Witt filter: 1.000
INFO - 06/04/26 23:36:06 - 0:19:52 - Recent generated novelty for Hasse-Witt filter: 1.000
INFO - 06/04/26 23:36:06 - 0:19:53 - Recent generated novelty for Hasse-Witt filter: 1.000
INFO - 06/04/26 23:36:07 - 0:19:53 - Recent generated novelty for Hasse-Witt filter: 1.000
INFO - 06/04/26 23:36:07 - 0:19:54 - Recent generated novelty for Hasse-Witt filter: 1.000
INFO - 06/04/26 23:36:08 - 0:19:55 - Recent generated novelty for Hasse-Witt filter: 1.000
INFO - 06/04/26 23:36:09 - 0:19:55 - Recent generated novelty for Hasse-Witt filter: 1.000
INFO - 06/04/26 23:36:11 - 0:19:57 - Recent generated novelty for Hasse-Witt filter: 1.000
INFO - 06/04/26 23:36:12 - 0:19:59 - Recent generated novelty for Hasse-Witt filter: 1.000
INFO - 06/04/26 23:36:13 - 0:20:00 - Recent generated novelty for Hasse-Witt filter: 1.000
INFO - 06/04/26 23:36:15 - 0:20:01 - Recent generated novelty for Hasse-Witt filter: 1.000
INFO - 06/04/26 23:36:16 - 0:20:03 - Recent generated novelty for Hasse-Witt filter: 1.000
INFO - 06/04/26 23:36:18 - 0:20:05 - Recent generated novelty for Hasse-Witt filter: 1.000
INFO - 06/04/26 23:36:20 - 0:20:07 - 2560 / 3968 samples generated, 130 scored
INFO - 06/04/26 23:36:20 - 0:20:07 - Recent generated novelty for Hasse-Witt filter: 1.000
INFO - 06/04/26 23:36:22 - 0:20:09 - Recent generated novelty for Hasse-Witt filter: 1.000
INFO - 06/04/26 23:36:24 - 0:20:10 - Recent generated novelty for Hasse-Witt filter: 1.000
INFO - 06/04/26 23:36:26 - 0:20:12 - Recent generated novelty for Hasse-Witt filter: 1.000
INFO - 06/04/26 23:36:28 - 0:20:14 - Recent generated novelty for Hasse-Witt filter: 1.000
INFO - 06/04/26 23:36:29 - 0:20:16 - Recent generated novelty for Hasse-Witt filter: 1.000
INFO - 06/04/26 23:36:31 - 0:20:18 - Recent generated novelty for Hasse-Witt filter: 1.000
INFO - 06/04/26 23:36:33 - 0:20:20 - Recent generated novelty for Hasse-Witt filter: 1.000
INFO - 06/04/26 23:36:35 - 0:20:21 - Recent generated novelty for Hasse-Witt filter: 1.000
INFO - 06/04/26 23:36:37 - 0:20:23 - Recent generated novelty for Hasse-Witt filter: 1.000
INFO - 06/04/26 23:36:40 - 0:20:27 - 3200 / 3968 samples generated, 155 scored
INFO - 06/04/26 23:36:40 - 0:20:27 - Recent generated novelty for Hasse-Witt filter: 1.000
INFO - 06/04/26 23:36:41 - 0:20:28 - Recent generated novelty for Hasse-Witt filter: 1.000
INFO - 06/04/26 23:36:43 - 0:20:30 - Recent generated novelty for Hasse-Witt filter: 1.000
INFO - 06/04/26 23:36:45 - 0:20:32 - Recent generated novelty for Hasse-Witt filter: 1.000
INFO - 06/04/26 23:36:48 - 0:20:35 - Recent generated novelty for Hasse-Witt filter: 1.000
INFO - 06/04/26 23:36:49 - 0:20:36 - Recent generated novelty for Hasse-Witt filter: 1.000
INFO - 06/04/26 23:36:50 - 0:20:36 - Recent generated novelty for Hasse-Witt filter: 1.000
INFO - 06/04/26 23:36:51 - 0:20:38 - Recent generated novelty for Hasse-Witt filter: 1.000
INFO - 06/04/26 23:36:53 - 0:20:39 - Recent generated novelty for Hasse-Witt filter: 1.000
INFO - 06/04/26 23:36:56 - 0:20:43 - Recent generated novelty for Hasse-Witt filter: 1.000
INFO - 06/04/26 23:36:58 - 0:20:45 - 3840 / 3968 samples generated, 186 scored
INFO - 06/04/26 23:36:58 - 0:20:45 - Recent generated novelty for Hasse-Witt filter: 1.000
INFO - 06/04/26 23:37:00 - 0:20:47 - Recent generated novelty for Hasse-Witt filter: 1.000
INFO - 06/04/26 23:37:01 - 0:20:48 - Recent generated novelty for Hasse-Witt filter: 1.000
INFO - 06/04/26 23:37:02 - 0:20:49 - ### Score distribution ###
INFO - 06/04/26 23:37:02 - 0:20:49 - Invalid examples: before local search: 112, after: 0
INFO - 06/04/26 23:37:02 - 0:20:49 - Valid examples: 201
INFO - 06/04/26 23:37:02 - 0:20:49 - Mean score: 3.9691542288557216
INFO - 06/04/26 23:37:02 - 0:20:49 - Median score: 4.0
INFO - 06/04/26 23:37:02 - 0:20:49 - Stdev score: 0.8782175148086888
INFO - 06/04/26 23:37:02 - 0:20:49 - Max score: 7.0
INFO - 06/04/26 23:37:02 - 0:20:49 - Top 1 percentile score: 6.98
INFO - 06/04/26 23:37:02 - 0:20:49 - Distribution of scores:
INFO - 06/04/26 23:37:02 - 0:20:49 - Score 2.2: Count: 2
INFO - 06/04/26 23:37:02 - 0:20:49 - Score 2.4: Count: 6
INFO - 06/04/26 23:37:02 - 0:20:49 - Score 2.6: Count: 7
INFO - 06/04/26 23:37:02 - 0:20:49 - Score 2.8: Count: 1
INFO - 06/04/26 23:37:02 - 0:20:49 - Score 3.0: Count: 7
INFO - 06/04/26 23:37:02 - 0:20:49 - Score 3.25: Count: 31
INFO - 06/04/26 23:37:02 - 0:20:49 - Score 3.5: Count: 31
INFO - 06/04/26 23:37:02 - 0:20:49 - Score 3.75: Count: 5
INFO - 06/04/26 23:37:02 - 0:20:49 - Score 4.0: Count: 36
INFO - 06/04/26 23:37:02 - 0:20:49 - Score 4.333333333333333: Count: 29
INFO - 06/04/26 23:37:02 - 0:20:49 - Score 4.666666666666667: Count: 14
INFO - 06/04/26 23:37:02 - 0:20:49 - Score 5.0: Count: 15
INFO - 06/04/26 23:37:02 - 0:20:49 - Score 5.5: Count: 10
INFO - 06/04/26 23:37:02 - 0:20:49 - Score 6.0: Count: 5
INFO - 06/04/26 23:37:02 - 0:20:49 - Score 7.0: Count: 2
INFO - 06/04/26 23:37:02 - 0:20:49 - --------------------------------
INFO - 06/04/26 23:37:02 - 0:20:49 - [Epoch 9 AFTER_SAMPLE] CPU: 0.0% | RAM: 296.0MB
INFO - 06/04/26 23:37:02 - 0:20:49 - Unique processing: 201 examples left, 0 duplicates
INFO - 06/04/26 23:37:02 - 0:20:49 - ### Score distribution ###
INFO - 06/04/26 23:37:02 - 0:20:49 - Valid examples: 201
INFO - 06/04/26 23:37:02 - 0:20:49 - Mean score: 3.9691542288557216
INFO - 06/04/26 23:37:02 - 0:20:49 - Median score: 4.0
INFO - 06/04/26 23:37:02 - 0:20:49 - Stdev score: 0.8782175148086888
INFO - 06/04/26 23:37:02 - 0:20:49 - Max score: 7.0
INFO - 06/04/26 23:37:02 - 0:20:49 - Top 1 percentile score: 6.98
INFO - 06/04/26 23:37:02 - 0:20:49 - Distribution of scores:
INFO - 06/04/26 23:37:02 - 0:20:49 - Score 2.2: Count: 2
INFO - 06/04/26 23:37:02 - 0:20:49 - Score 2.4: Count: 6
INFO - 06/04/26 23:37:02 - 0:20:49 - Score 2.6: Count: 7
INFO - 06/04/26 23:37:02 - 0:20:49 - Score 2.8: Count: 1
INFO - 06/04/26 23:37:02 - 0:20:49 - Score 3.0: Count: 7
INFO - 06/04/26 23:37:02 - 0:20:49 - Score 3.25: Count: 31
INFO - 06/04/26 23:37:02 - 0:20:49 - Score 3.5: Count: 31
INFO - 06/04/26 23:37:02 - 0:20:49 - Score 3.75: Count: 5
INFO - 06/04/26 23:37:02 - 0:20:49 - Score 4.0: Count: 36
INFO - 06/04/26 23:37:02 - 0:20:49 - Score 4.333333333333333: Count: 29
INFO - 06/04/26 23:37:02 - 0:20:49 - Score 4.666666666666667: Count: 14
INFO - 06/04/26 23:37:02 - 0:20:49 - Score 5.0: Count: 15
INFO - 06/04/26 23:37:02 - 0:20:49 - Score 5.5: Count: 10
INFO - 06/04/26 23:37:02 - 0:20:49 - Score 6.0: Count: 5
INFO - 06/04/26 23:37:02 - 0:20:49 - Score 7.0: Count: 2
INFO - 06/04/26 23:37:02 - 0:20:49 - --------------------------------
INFO - 06/04/26 23:37:02 - 0:20:49 - New train and test generated. Size are train: 101, test 100
INFO - 06/04/26 23:37:02 - 0:20:49 - Unique data computed for original train set: 8000, generated train set: 101
INFO - 06/04/26 23:37:02 - 0:20:49 - Final train and test generated. Size are train: 8000, test 100
INFO - 06/04/26 23:37:02 - 0:20:49 - [Epoch 9 AFTER_UPDATE_DATASETS] CPU: 0.0% | RAM: 353.0MB
INFO - 06/04/26 23:37:03 - 0:20:49 - ### Score distribution ###
INFO - 06/04/26 23:37:03 - 0:20:49 - Valid examples: 8000
INFO - 06/04/26 23:37:03 - 0:20:49 - Mean score: 2.7476
INFO - 06/04/26 23:37:03 - 0:20:49 - Median score: 2.4
INFO - 06/04/26 23:37:03 - 0:20:49 - Stdev score: 0.9959093890036155
INFO - 06/04/26 23:37:03 - 0:20:49 - Max score: 7.0
INFO - 06/04/26 23:37:03 - 0:20:49 - Top 1 percentile score: 5.5
INFO - 06/04/26 23:37:03 - 0:20:49 - Distribution of scores:
INFO - 06/04/26 23:37:03 - 0:20:49 - Score 1.3333333333333333: Count: 547
INFO - 06/04/26 23:37:03 - 0:20:49 - Score 1.5: Count: 455
INFO - 06/04/26 23:37:03 - 0:20:49 - Score 1.6666666666666665: Count: 66
INFO - 06/04/26 23:37:03 - 0:20:49 - Score 1.8333333333333335: Count: 1
INFO - 06/04/26 23:37:03 - 0:20:49 - Score 2.0: Count: 934
INFO - 06/04/26 23:37:03 - 0:20:49 - Score 2.2: Count: 1487
INFO - 06/04/26 23:37:03 - 0:20:49 - Score 2.4: Count: 918
INFO - 06/04/26 23:37:03 - 0:20:49 - Score 2.6: Count: 262
INFO - 06/04/26 23:37:03 - 0:20:49 - Score 2.8: Count: 20
INFO - 06/04/26 23:37:03 - 0:20:49 - Score 3.0: Count: 571
INFO - 06/04/26 23:37:03 - 0:20:49 - Score 3.25: Count: 882
INFO - 06/04/26 23:37:03 - 0:20:49 - Score 3.5: Count: 487
INFO - 06/04/26 23:37:03 - 0:20:49 - Score 3.75: Count: 100
INFO - 06/04/26 23:37:03 - 0:20:49 - Score 4.0: Count: 395
INFO - 06/04/26 23:37:03 - 0:20:49 - Score 4.333333333333333: Count: 454
INFO - 06/04/26 23:37:03 - 0:20:49 - Score 4.666666666666667: Count: 147
INFO - 06/04/26 23:37:03 - 0:20:49 - Score 5.0: Count: 133
INFO - 06/04/26 23:37:03 - 0:20:49 - Score 5.5: Count: 80
INFO - 06/04/26 23:37:03 - 0:20:49 - Score 6.0: Count: 47
INFO - 06/04/26 23:37:03 - 0:20:49 - Score 7.0: Count: 14
INFO - 06/04/26 23:37:03 - 0:20:49 - --------------------------------
INFO - 06/04/26 23:37:03 - 0:20:49 - ==== Starting Epoch 10 =====
INFO - 06/04/26 23:37:03 - 0:20:49 - [Epoch 10 START] CPU: 0.0% | RAM: 431.6MB
INFO - 06/04/26 23:37:03 - 0:20:49 - Encoded train: 8000 examples in 0.02s (7903 cache hits, 97 misses)
INFO - 06/04/26 23:37:03 - 0:20:49 - Encoded test: 100 examples in 0.00s (4 cache hits, 96 misses)
INFO - 06/04/26 23:37:03 - 0:20:50 - Memory allocated: 24.42MB, reserved: 55.42MB
INFO - 06/04/26 23:37:06 - 0:20:53 - step 100 | loss 0.8245 | steps time 3565.32ms
INFO - 06/04/26 23:37:10 - 0:20:56 - step 200 | loss 0.8425 | steps time 3259.18ms
INFO - 06/04/26 23:37:10 - 0:20:56 - step 200 train loss: 0.8219876766204834 test loss: 0.8211603164672852
INFO - 06/04/26 23:37:13 - 0:21:00 - step 300 | loss 0.8202 | steps time 3298.62ms
INFO - 06/04/26 23:37:16 - 0:21:03 - step 400 | loss 0.7814 | steps time 3292.89ms
INFO - 06/04/26 23:37:16 - 0:21:03 - step 400 train loss: 0.8178635451197624 test loss: 0.8164597153663635
INFO - 06/04/26 23:37:20 - 0:21:06 - step 500 | loss 0.8065 | steps time 3309.13ms
INFO - 06/04/26 23:37:23 - 0:21:10 - step 600 | loss 0.8161 | steps time 3291.03ms
INFO - 06/04/26 23:37:23 - 0:21:10 - step 600 train loss: 0.8177936941385269 test loss: 0.8192199468612671
INFO - 06/04/26 23:37:27 - 0:21:13 - step 700 | loss 0.8249 | steps time 3372.88ms
INFO - 06/04/26 23:37:30 - 0:21:16 - step 800 | loss 0.8075 | steps time 3253.38ms
INFO - 06/04/26 23:37:30 - 0:21:17 - step 800 train loss: 0.8232690930366516 test loss: 0.8169317245483398
INFO - 06/04/26 23:37:30 - 0:21:17 - [Epoch 10 AFTER_TRAIN] CPU: 0.0% | RAM: 531.8MB
INFO - 06/04/26 23:37:30 - 0:21:17 - Sample with temperature 1.4 to 2.0
INFO - 06/04/26 23:37:30 - 0:21:17 - Hasse-Witt percentile filter state: overall_diversity=0.028, overall_saturation=0.004, exact_saturation=0.002
INFO - 06/04/26 23:37:30 - 0:21:17 - 0 / 3968 samples generated, 0 scored
INFO - 06/04/26 23:37:37 - 0:21:23 - Recent generated novelty for Hasse-Witt filter: 1.000
INFO - 06/04/26 23:37:49 - 0:21:36 - 640 / 3968 samples generated, 0 scored
INFO - 06/04/26 23:37:50 - 0:21:36 - Recent generated novelty for Hasse-Witt filter: 1.000
INFO - 06/04/26 23:37:50 - 0:21:37 - Recent generated novelty for Hasse-Witt filter: 1.000
INFO - 06/04/26 23:37:51 - 0:21:37 - Recent generated novelty for Hasse-Witt filter: 1.000
INFO - 06/04/26 23:37:51 - 0:21:38 - Recent generated novelty for Hasse-Witt filter: 1.000
INFO - 06/04/26 23:37:51 - 0:21:38 - Recent generated novelty for Hasse-Witt filter: 1.000
INFO - 06/04/26 23:37:52 - 0:21:38 - Recent generated novelty for Hasse-Witt filter: 1.000
INFO - 06/04/26 23:37:52 - 0:21:39 - Recent generated novelty for Hasse-Witt filter: 1.000
INFO - 06/04/26 23:37:52 - 0:21:39 - Recent generated novelty for Hasse-Witt filter: 1.000
INFO - 06/04/26 23:37:52 - 0:21:39 - Recent generated novelty for Hasse-Witt filter: 1.000
INFO - 06/04/26 23:37:53 - 0:21:39 - Recent generated novelty for Hasse-Witt filter: 1.000
INFO - 06/04/26 23:37:53 - 0:21:40 - Recent generated novelty for Hasse-Witt filter: 1.000
INFO - 06/04/26 23:37:55 - 0:21:42 - Recent generated novelty for Hasse-Witt filter: 1.000
INFO - 06/04/26 23:37:56 - 0:21:42 - Recent generated novelty for Hasse-Witt filter: 1.000
INFO - 06/04/26 23:37:58 - 0:21:44 - Recent generated novelty for Hasse-Witt filter: 1.000
INFO - 06/04/26 23:37:58 - 0:21:45 - Recent generated novelty for Hasse-Witt filter: 1.000
INFO - 06/04/26 23:38:00 - 0:21:46 - Recent generated novelty for Hasse-Witt filter: 1.000
INFO - 06/04/26 23:38:01 - 0:21:47 - Recent generated novelty for Hasse-Witt filter: 1.000
INFO - 06/04/26 23:38:03 - 0:21:50 - Recent generated novelty for Hasse-Witt filter: 1.000
INFO - 06/04/26 23:38:05 - 0:21:51 - 1280 / 3968 samples generated, 54 scored
INFO - 06/04/26 23:38:05 - 0:21:51 - Recent generated novelty for Hasse-Witt filter: 1.000
INFO - 06/04/26 23:38:07 - 0:21:53 - Recent generated novelty for Hasse-Witt filter: 1.000
INFO - 06/04/26 23:38:09 - 0:21:55 - Recent generated novelty for Hasse-Witt filter: 1.000
INFO - 06/04/26 23:38:10 - 0:21:57 - Recent generated novelty for Hasse-Witt filter: 1.000
INFO - 06/04/26 23:38:12 - 0:21:59 - Recent generated novelty for Hasse-Witt filter: 1.000
INFO - 06/04/26 23:38:13 - 0:22:00 - Recent generated novelty for Hasse-Witt filter: 1.000
INFO - 06/04/26 23:38:14 - 0:22:01 - Recent generated novelty for Hasse-Witt filter: 1.000
INFO - 06/04/26 23:38:15 - 0:22:02 - Recent generated novelty for Hasse-Witt filter: 1.000
INFO - 06/04/26 23:38:16 - 0:22:03 - Recent generated novelty for Hasse-Witt filter: 1.000
INFO - 06/04/26 23:38:18 - 0:22:04 - Recent generated novelty for Hasse-Witt filter: 1.000
INFO - 06/04/26 23:38:20 - 0:22:06 - 1920 / 3968 samples generated, 89 scored
INFO - 06/04/26 23:38:20 - 0:22:06 - Recent generated novelty for Hasse-Witt filter: 1.000
INFO - 06/04/26 23:38:21 - 0:22:08 - Recent generated novelty for Hasse-Witt filter: 1.000
INFO - 06/04/26 23:38:22 - 0:22:09 - Recent generated novelty for Hasse-Witt filter: 1.000
INFO - 06/04/26 23:38:23 - 0:22:10 - Recent generated novelty for Hasse-Witt filter: 1.000
INFO - 06/04/26 23:38:25 - 0:22:12 - Recent generated novelty for Hasse-Witt filter: 1.000
INFO - 06/04/26 23:38:26 - 0:22:12 - Recent generated novelty for Hasse-Witt filter: 1.000
INFO - 06/04/26 23:38:27 - 0:22:14 - Recent generated novelty for Hasse-Witt filter: 1.000
INFO - 06/04/26 23:38:28 - 0:22:15 - Recent generated novelty for Hasse-Witt filter: 1.000
INFO - 06/04/26 23:38:32 - 0:22:18 - Recent generated novelty for Hasse-Witt filter: 1.000
INFO - 06/04/26 23:38:32 - 0:22:19 - Recent generated novelty for Hasse-Witt filter: 1.000
INFO - 06/04/26 23:38:35 - 0:22:21 - 2560 / 3968 samples generated, 113 scored
INFO - 06/04/26 23:38:35 - 0:22:21 - Recent generated novelty for Hasse-Witt filter: 1.000
INFO - 06/04/26 23:38:35 - 0:22:22 - Recent generated novelty for Hasse-Witt filter: 1.000
INFO - 06/04/26 23:38:36 - 0:22:23 - Recent generated novelty for Hasse-Witt filter: 1.000
INFO - 06/04/26 23:38:39 - 0:22:25 - Recent generated novelty for Hasse-Witt filter: 1.000
INFO - 06/04/26 23:38:39 - 0:22:26 - Recent generated novelty for Hasse-Witt filter: 1.000
INFO - 06/04/26 23:38:41 - 0:22:28 - Recent generated novelty for Hasse-Witt filter: 1.000
INFO - 06/04/26 23:38:43 - 0:22:30 - Recent generated novelty for Hasse-Witt filter: 1.000
INFO - 06/04/26 23:38:44 - 0:22:31 - Recent generated novelty for Hasse-Witt filter: 1.000
INFO - 06/04/26 23:38:45 - 0:22:32 - Recent generated novelty for Hasse-Witt filter: 1.000
INFO - 06/04/26 23:38:48 - 0:22:34 - Recent generated novelty for Hasse-Witt filter: 1.000
INFO - 06/04/26 23:38:49 - 0:22:35 - 3200 / 3968 samples generated, 154 scored
INFO - 06/04/26 23:38:49 - 0:22:35 - Recent generated novelty for Hasse-Witt filter: 1.000
INFO - 06/04/26 23:38:52 - 0:22:39 - Recent generated novelty for Hasse-Witt filter: 1.000
INFO - 06/04/26 23:38:54 - 0:22:40 - Recent generated novelty for Hasse-Witt filter: 1.000
INFO - 06/04/26 23:38:54 - 0:22:41 - Recent generated novelty for Hasse-Witt filter: 1.000
INFO - 06/04/26 23:38:56 - 0:22:43 - Recent generated novelty for Hasse-Witt filter: 1.000
INFO - 06/04/26 23:38:58 - 0:22:45 - Recent generated novelty for Hasse-Witt filter: 1.000
INFO - 06/04/26 23:38:59 - 0:22:45 - Recent generated novelty for Hasse-Witt filter: 1.000
INFO - 06/04/26 23:38:59 - 0:22:46 - Recent generated novelty for Hasse-Witt filter: 1.000
INFO - 06/04/26 23:39:00 - 0:22:47 - Recent generated novelty for Hasse-Witt filter: 1.000
INFO - 06/04/26 23:39:02 - 0:22:48 - Recent generated novelty for Hasse-Witt filter: 1.000
INFO - 06/04/26 23:39:03 - 0:22:49 - 3840 / 3968 samples generated, 173 scored
INFO - 06/04/26 23:39:03 - 0:22:49 - Recent generated novelty for Hasse-Witt filter: 1.000
INFO - 06/04/26 23:39:04 - 0:22:51 - Recent generated novelty for Hasse-Witt filter: 1.000
INFO - 06/04/26 23:39:05 - 0:22:52 - Recent generated novelty for Hasse-Witt filter: 1.000
INFO - 06/04/26 23:39:06 - 0:22:53 - ### Score distribution ###
INFO - 06/04/26 23:39:06 - 0:22:53 - Invalid examples: before local search: 145, after: 3
INFO - 06/04/26 23:39:06 - 0:22:53 - Valid examples: 181
INFO - 06/04/26 23:39:06 - 0:22:53 - Mean score: 3.8578795053933175
INFO - 06/04/26 23:39:06 - 0:22:53 - Median score: 4.0
INFO - 06/04/26 23:39:06 - 0:22:53 - Stdev score: 0.9957793374298043
INFO - 06/04/26 23:39:06 - 0:22:53 - Max score: 6.0
INFO - 06/04/26 23:39:06 - 0:22:53 - Top 1 percentile score: 6.0
INFO - 06/04/26 23:39:06 - 0:22:53 - Distribution of scores:
INFO - 06/04/26 23:39:06 - 0:22:53 - Score 0.5714285714285714: Count: 2
INFO - 06/04/26 23:39:06 - 0:22:53 - Score 1.5: Count: 4
INFO - 06/04/26 23:39:06 - 0:22:53 - Score 2.4: Count: 11
INFO - 06/04/26 23:39:06 - 0:22:53 - Score 2.6: Count: 6
INFO - 06/04/26 23:39:06 - 0:22:53 - Score 2.8: Count: 6
INFO - 06/04/26 23:39:06 - 0:22:53 - Score 3.25: Count: 27
INFO - 06/04/26 23:39:06 - 0:22:53 - Score 3.5: Count: 21
INFO - 06/04/26 23:39:06 - 0:22:53 - Score 3.75: Count: 7
INFO - 06/04/26 23:39:06 - 0:22:53 - Score 4.0: Count: 21
INFO - 06/04/26 23:39:06 - 0:22:53 - Score 4.333333333333333: Count: 40
INFO - 06/04/26 23:39:06 - 0:22:53 - Score 4.666666666666667: Count: 9
INFO - 06/04/26 23:39:06 - 0:22:53 - Score 5.0: Count: 11
INFO - 06/04/26 23:39:06 - 0:22:53 - Score 5.5: Count: 11
INFO - 06/04/26 23:39:06 - 0:22:53 - Score 6.0: Count: 5
INFO - 06/04/26 23:39:06 - 0:22:53 - --------------------------------
INFO - 06/04/26 23:39:06 - 0:22:53 - [Epoch 10 AFTER_SAMPLE] CPU: 0.0% | RAM: 271.6MB
INFO - 06/04/26 23:39:06 - 0:22:53 - Unique processing: 181 examples left, 0 duplicates
INFO - 06/04/26 23:39:06 - 0:22:53 - ### Score distribution ###
INFO - 06/04/26 23:39:06 - 0:22:53 - Valid examples: 181
INFO - 06/04/26 23:39:06 - 0:22:53 - Mean score: 3.8578795053933175
INFO - 06/04/26 23:39:06 - 0:22:53 - Median score: 4.0
INFO - 06/04/26 23:39:06 - 0:22:53 - Stdev score: 0.9957793374298043
INFO - 06/04/26 23:39:06 - 0:22:53 - Max score: 6.0
INFO - 06/04/26 23:39:06 - 0:22:53 - Top 1 percentile score: 6.0
INFO - 06/04/26 23:39:06 - 0:22:53 - Distribution of scores:
INFO - 06/04/26 23:39:06 - 0:22:53 - Score 0.5714285714285714: Count: 2
INFO - 06/04/26 23:39:06 - 0:22:53 - Score 1.5: Count: 4
INFO - 06/04/26 23:39:06 - 0:22:53 - Score 2.4: Count: 11
INFO - 06/04/26 23:39:06 - 0:22:53 - Score 2.6: Count: 6
INFO - 06/04/26 23:39:06 - 0:22:53 - Score 2.8: Count: 6
INFO - 06/04/26 23:39:06 - 0:22:53 - Score 3.25: Count: 27
INFO - 06/04/26 23:39:06 - 0:22:53 - Score 3.5: Count: 21
INFO - 06/04/26 23:39:06 - 0:22:53 - Score 3.75: Count: 7
INFO - 06/04/26 23:39:06 - 0:22:53 - Score 4.0: Count: 21
INFO - 06/04/26 23:39:06 - 0:22:53 - Score 4.333333333333333: Count: 40
INFO - 06/04/26 23:39:06 - 0:22:53 - Score 4.666666666666667: Count: 9
INFO - 06/04/26 23:39:06 - 0:22:53 - Score 5.0: Count: 11
INFO - 06/04/26 23:39:06 - 0:22:53 - Score 5.5: Count: 11
INFO - 06/04/26 23:39:06 - 0:22:53 - Score 6.0: Count: 5
INFO - 06/04/26 23:39:06 - 0:22:53 - --------------------------------
INFO - 06/04/26 23:39:06 - 0:22:53 - New train and test generated. Size are train: 181, test 100
INFO - 06/04/26 23:39:06 - 0:22:53 - Unique data computed for original train set: 8000, generated train set: 181
INFO - 06/04/26 23:39:06 - 0:22:53 - Final train and test generated. Size are train: 8000, test 100
INFO - 06/04/26 23:39:06 - 0:22:53 - [Epoch 10 AFTER_UPDATE_DATASETS] CPU: 0.0% | RAM: 328.8MB
INFO - 06/04/26 23:39:07 - 0:22:53 - ### Score distribution ###
INFO - 06/04/26 23:39:07 - 0:22:53 - Valid examples: 8000
INFO - 06/04/26 23:39:07 - 0:22:53 - Mean score: 2.8049083333333336
INFO - 06/04/26 23:39:07 - 0:22:53 - Median score: 2.4
INFO - 06/04/26 23:39:07 - 0:22:53 - Stdev score: 0.9964009590691411
INFO - 06/04/26 23:39:07 - 0:22:53 - Max score: 7.0
INFO - 06/04/26 23:39:07 - 0:22:53 - Top 1 percentile score: 5.5
INFO - 06/04/26 23:39:07 - 0:22:53 - Distribution of scores:
INFO - 06/04/26 23:39:07 - 0:22:53 - Score 1.3333333333333333: Count: 368
INFO - 06/04/26 23:39:07 - 0:22:53 - Score 1.5: Count: 459
INFO - 06/04/26 23:39:07 - 0:22:53 - Score 1.6666666666666665: Count: 66
INFO - 06/04/26 23:39:07 - 0:22:53 - Score 1.8333333333333335: Count: 1
INFO - 06/04/26 23:39:07 - 0:22:53 - Score 2.0: Count: 934
INFO - 06/04/26 23:39:07 - 0:22:53 - Score 2.2: Count: 1487
INFO - 06/04/26 23:39:07 - 0:22:53 - Score 2.4: Count: 929
INFO - 06/04/26 23:39:07 - 0:22:53 - Score 2.6: Count: 268
INFO - 06/04/26 23:39:07 - 0:22:53 - Score 2.8: Count: 26
INFO - 06/04/26 23:39:07 - 0:22:53 - Score 3.0: Count: 571
INFO - 06/04/26 23:39:07 - 0:22:53 - Score 3.25: Count: 909
INFO - 06/04/26 23:39:07 - 0:22:53 - Score 3.5: Count: 508
INFO - 06/04/26 23:39:07 - 0:22:53 - Score 3.75: Count: 107
INFO - 06/04/26 23:39:07 - 0:22:53 - Score 4.0: Count: 416
INFO - 06/04/26 23:39:07 - 0:22:53 - Score 4.333333333333333: Count: 494
INFO - 06/04/26 23:39:07 - 0:22:53 - Score 4.666666666666667: Count: 156
INFO - 06/04/26 23:39:07 - 0:22:53 - Score 5.0: Count: 144
INFO - 06/04/26 23:39:07 - 0:22:53 - Score 5.5: Count: 91
INFO - 06/04/26 23:39:07 - 0:22:53 - Score 6.0: Count: 52
INFO - 06/04/26 23:39:07 - 0:22:53 - Score 7.0: Count: 14
INFO - 06/04/26 23:39:07 - 0:22:53 - --------------------------------
INFO - 06/04/26 23:39:07 - 0:22:53 - ==== Starting Epoch 11 =====
INFO - 06/04/26 23:39:07 - 0:22:53 - [Epoch 11 START] CPU: 0.0% | RAM: 407.5MB
INFO - 06/04/26 23:39:07 - 0:22:53 - Encoded train: 8000 examples in 0.02s (7828 cache hits, 172 misses)
INFO - 06/04/26 23:39:07 - 0:22:53 - Encoded test: 100 examples in 0.00s (100 cache hits, 0 misses)
INFO - 06/04/26 23:39:07 - 0:22:54 - Memory allocated: 24.43MB, reserved: 55.42MB
INFO - 06/04/26 23:39:10 - 0:22:57 - step 100 | loss 0.7995 | steps time 3514.89ms
INFO - 06/04/26 23:39:14 - 0:23:00 - step 200 | loss 0.8389 | steps time 3321.36ms
INFO - 06/04/26 23:39:14 - 0:23:00 - step 200 train loss: 0.8209525373578072 test loss: 0.8318889737129211
INFO - 06/04/26 23:39:17 - 0:23:04 - step 300 | loss 0.8314 | steps time 3281.21ms
INFO - 06/04/26 23:39:20 - 0:23:07 - step 400 | loss 0.7784 | steps time 3318.46ms
INFO - 06/04/26 23:39:21 - 0:23:07 - step 400 train loss: 0.8177097961306572 test loss: 0.8205878734588623
INFO - 06/04/26 23:39:24 - 0:23:10 - step 500 | loss 0.8087 | steps time 3308.13ms
INFO - 06/04/26 23:39:27 - 0:23:14 - step 600 | loss 0.8669 | steps time 3308.65ms
INFO - 06/04/26 23:39:27 - 0:23:14 - step 600 train loss: 0.8180239987373352 test loss: 0.8158441781997681
INFO - 06/04/26 23:39:30 - 0:23:17 - step 700 | loss 0.8189 | steps time 3280.00ms
INFO - 06/04/26 23:39:34 - 0:23:20 - step 800 | loss 0.8427 | steps time 3298.98ms
INFO - 06/04/26 23:39:34 - 0:23:21 - step 800 train loss: 0.8204627737402916 test loss: 0.8066976070404053
INFO - 06/04/26 23:39:34 - 0:23:21 - [Epoch 11 AFTER_TRAIN] CPU: 0.0% | RAM: 526.4MB
INFO - 06/04/26 23:39:34 - 0:23:21 - Sample with temperature 1.4 to 2.0
INFO - 06/04/26 23:39:34 - 0:23:21 - Hasse-Witt percentile filter state: overall_diversity=0.029, overall_saturation=0.004, exact_saturation=0.002
INFO - 06/04/26 23:39:34 - 0:23:21 - 0 / 3968 samples generated, 0 scored
INFO - 06/04/26 23:39:43 - 0:23:29 - Recent generated novelty for Hasse-Witt filter: 1.000
INFO - 06/04/26 23:39:48 - 0:23:34 - Recent generated novelty for Hasse-Witt filter: 1.000
INFO - 06/04/26 23:39:49 - 0:23:36 - Recent generated novelty for Hasse-Witt filter: 1.000
INFO - 06/04/26 23:39:49 - 0:23:36 - 640 / 3968 samples generated, 5 scored
INFO - 06/04/26 23:40:00 - 0:23:46 - Recent generated novelty for Hasse-Witt filter: 1.000
INFO - 06/04/26 23:40:00 - 0:23:47 - Recent generated novelty for Hasse-Witt filter: 1.000
INFO - 06/04/26 23:40:00 - 0:23:47 - Recent generated novelty for Hasse-Witt filter: 1.000
INFO - 06/04/26 23:40:01 - 0:23:48 - Recent generated novelty for Hasse-Witt filter: 1.000
INFO - 06/04/26 23:40:01 - 0:23:48 - Recent generated novelty for Hasse-Witt filter: 1.000
INFO - 06/04/26 23:40:02 - 0:23:49 - Recent generated novelty for Hasse-Witt filter: 1.000
INFO - 06/04/26 23:40:02 - 0:23:49 - Recent generated novelty for Hasse-Witt filter: 1.000
INFO - 06/04/26 23:40:02 - 0:23:49 - Recent generated novelty for Hasse-Witt filter: 1.000
INFO - 06/04/26 23:40:02 - 0:23:49 - Recent generated novelty for Hasse-Witt filter: 1.000
INFO - 06/04/26 23:40:03 - 0:23:49 - Recent generated novelty for Hasse-Witt filter: 1.000
INFO - 06/04/26 23:40:03 - 0:23:50 - Recent generated novelty for Hasse-Witt filter: 1.000
INFO - 06/04/26 23:40:03 - 0:23:50 - Recent generated novelty for Hasse-Witt filter: 1.000
INFO - 06/04/26 23:40:04 - 0:23:51 - Recent generated novelty for Hasse-Witt filter: 1.000
INFO - 06/04/26 23:40:04 - 0:23:51 - Recent generated novelty for Hasse-Witt filter: 1.000
INFO - 06/04/26 23:40:05 - 0:23:51 - Recent generated novelty for Hasse-Witt filter: 1.000
INFO - 06/04/26 23:40:05 - 0:23:52 - Recent generated novelty for Hasse-Witt filter: 1.000
INFO - 06/04/26 23:40:06 - 0:23:52 - 1280 / 3968 samples generated, 63 scored
INFO - 06/04/26 23:40:06 - 0:23:52 - Recent generated novelty for Hasse-Witt filter: 1.000
INFO - 06/04/26 23:40:07 - 0:23:54 - Recent generated novelty for Hasse-Witt filter: 1.000
INFO - 06/04/26 23:40:09 - 0:23:56 - Recent generated novelty for Hasse-Witt filter: 1.000
INFO - 06/04/26 23:40:11 - 0:23:58 - Recent generated novelty for Hasse-Witt filter: 1.000
INFO - 06/04/26 23:40:13 - 0:23:59 - Recent generated novelty for Hasse-Witt filter: 1.000
INFO - 06/04/26 23:40:14 - 0:24:00 - Recent generated novelty for Hasse-Witt filter: 1.000
INFO - 06/04/26 23:40:15 - 0:24:02 - Recent generated novelty for Hasse-Witt filter: 1.000
INFO - 06/04/26 23:40:16 - 0:24:03 - Recent generated novelty for Hasse-Witt filter: 1.000
INFO - 06/04/26 23:40:18 - 0:24:05 - Recent generated novelty for Hasse-Witt filter: 1.000
INFO - 06/04/26 23:40:20 - 0:24:06 - Recent generated novelty for Hasse-Witt filter: 1.000
INFO - 06/04/26 23:40:22 - 0:24:08 - 1920 / 3968 samples generated, 90 scored
INFO - 06/04/26 23:40:22 - 0:24:08 - Recent generated novelty for Hasse-Witt filter: 1.000
INFO - 06/04/26 23:40:22 - 0:24:09 - Recent generated novelty for Hasse-Witt filter: 1.000
INFO - 06/04/26 23:40:24 - 0:24:11 - Recent generated novelty for Hasse-Witt filter: 1.000
INFO - 06/04/26 23:40:25 - 0:24:12 - Recent generated novelty for Hasse-Witt filter: 1.000
INFO - 06/04/26 23:40:27 - 0:24:13 - Recent generated novelty for Hasse-Witt filter: 1.000
INFO - 06/04/26 23:40:27 - 0:24:14 - Recent generated novelty for Hasse-Witt filter: 1.000
INFO - 06/04/26 23:40:28 - 0:24:15 - Recent generated novelty for Hasse-Witt filter: 1.000
INFO - 06/04/26 23:40:30 - 0:24:17 - Recent generated novelty for Hasse-Witt filter: 1.000
INFO - 06/04/26 23:40:32 - 0:24:19 - Recent generated novelty for Hasse-Witt filter: 1.000
INFO - 06/04/26 23:40:34 - 0:24:21 - Recent generated novelty for Hasse-Witt filter: 1.000
INFO - 06/04/26 23:40:35 - 0:24:22 - 2560 / 3968 samples generated, 119 scored
INFO - 06/04/26 23:40:35 - 0:24:22 - Recent generated novelty for Hasse-Witt filter: 1.000
INFO - 06/04/26 23:40:37 - 0:24:24 - Recent generated novelty for Hasse-Witt filter: 1.000
INFO - 06/04/26 23:40:39 - 0:24:25 - Recent generated novelty for Hasse-Witt filter: 1.000
INFO - 06/04/26 23:40:41 - 0:24:27 - Recent generated novelty for Hasse-Witt filter: 1.000
INFO - 06/04/26 23:40:42 - 0:24:28 - Recent generated novelty for Hasse-Witt filter: 1.000
INFO - 06/04/26 23:40:43 - 0:24:30 - Recent generated novelty for Hasse-Witt filter: 1.000
INFO - 06/04/26 23:40:45 - 0:24:31 - Recent generated novelty for Hasse-Witt filter: 1.000
INFO - 06/04/26 23:40:45 - 0:24:32 - Recent generated novelty for Hasse-Witt filter: 1.000
INFO - 06/04/26 23:40:46 - 0:24:33 - Recent generated novelty for Hasse-Witt filter: 1.000
INFO - 06/04/26 23:40:48 - 0:24:35 - Recent generated novelty for Hasse-Witt filter: 1.000
INFO - 06/04/26 23:40:50 - 0:24:36 - 3200 / 3968 samples generated, 141 scored
INFO - 06/04/26 23:40:50 - 0:24:36 - Recent generated novelty for Hasse-Witt filter: 1.000
INFO - 06/04/26 23:40:51 - 0:24:38 - Recent generated novelty for Hasse-Witt filter: 1.000
INFO - 06/04/26 23:40:53 - 0:24:40 - Recent generated novelty for Hasse-Witt filter: 1.000
INFO - 06/04/26 23:40:55 - 0:24:42 - Recent generated novelty for Hasse-Witt filter: 1.000
INFO - 06/04/26 23:40:56 - 0:24:42 - Recent generated novelty for Hasse-Witt filter: 1.000
INFO - 06/04/26 23:40:56 - 0:24:43 - Recent generated novelty for Hasse-Witt filter: 1.000
INFO - 06/04/26 23:40:58 - 0:24:45 - Recent generated novelty for Hasse-Witt filter: 1.000
INFO - 06/04/26 23:40:59 - 0:24:45 - Recent generated novelty for Hasse-Witt filter: 1.000
INFO - 06/04/26 23:40:59 - 0:24:46 - Recent generated novelty for Hasse-Witt filter: 1.000
INFO - 06/04/26 23:41:01 - 0:24:48 - Recent generated novelty for Hasse-Witt filter: 1.000
INFO - 06/04/26 23:41:03 - 0:24:50 - 3840 / 3968 samples generated, 173 scored
INFO - 06/04/26 23:41:03 - 0:24:50 - Recent generated novelty for Hasse-Witt filter: 1.000
INFO - 06/04/26 23:41:04 - 0:24:50 - Recent generated novelty for Hasse-Witt filter: 1.000
INFO - 06/04/26 23:41:04 - 0:24:51 - Recent generated novelty for Hasse-Witt filter: 1.000
INFO - 06/04/26 23:41:05 - 0:24:52 - ### Score distribution ###
INFO - 06/04/26 23:41:05 - 0:24:52 - Invalid examples: before local search: 153, after: 0
INFO - 06/04/26 23:41:05 - 0:24:52 - Valid examples: 181
INFO - 06/04/26 23:41:05 - 0:24:52 - Mean score: 3.9154564588266245
INFO - 06/04/26 23:41:05 - 0:24:52 - Median score: 4.0
INFO - 06/04/26 23:41:05 - 0:24:52 - Stdev score: 1.0213059896963312
INFO - 06/04/26 23:41:05 - 0:24:52 - Max score: 6.0
INFO - 06/04/26 23:41:05 - 0:24:52 - Top 1 percentile score: 6.0
INFO - 06/04/26 23:41:05 - 0:24:52 - Distribution of scores:
INFO - 06/04/26 23:41:05 - 0:24:52 - Score 0.5714285714285714: Count: 3
INFO - 06/04/26 23:41:05 - 0:24:52 - Score 1.5: Count: 2
INFO - 06/04/26 23:41:05 - 0:24:52 - Score 1.6666666666666665: Count: 2
INFO - 06/04/26 23:41:05 - 0:24:52 - Score 2.4: Count: 10
INFO - 06/04/26 23:41:05 - 0:24:52 - Score 2.6: Count: 4
INFO - 06/04/26 23:41:05 - 0:24:52 - Score 3.25: Count: 25
INFO - 06/04/26 23:41:05 - 0:24:52 - Score 3.5: Count: 30
INFO - 06/04/26 23:41:05 - 0:24:52 - Score 3.75: Count: 8
INFO - 06/04/26 23:41:05 - 0:24:52 - Score 4.0: Count: 23
INFO - 06/04/26 23:41:05 - 0:24:52 - Score 4.333333333333333: Count: 31
INFO - 06/04/26 23:41:05 - 0:24:52 - Score 4.666666666666667: Count: 10
INFO - 06/04/26 23:41:05 - 0:24:52 - Score 5.0: Count: 17
INFO - 06/04/26 23:41:05 - 0:24:52 - Score 5.5: Count: 8
INFO - 06/04/26 23:41:05 - 0:24:52 - Score 6.0: Count: 8
INFO - 06/04/26 23:41:05 - 0:24:52 - --------------------------------
INFO - 06/04/26 23:41:05 - 0:24:52 - [Epoch 11 AFTER_SAMPLE] CPU: 0.0% | RAM: 220.0MB
INFO - 06/04/26 23:41:05 - 0:24:52 - Unique processing: 181 examples left, 0 duplicates
INFO - 06/04/26 23:41:05 - 0:24:52 - ### Score distribution ###
INFO - 06/04/26 23:41:05 - 0:24:52 - Valid examples: 181
INFO - 06/04/26 23:41:05 - 0:24:52 - Mean score: 3.9154564588266245
INFO - 06/04/26 23:41:05 - 0:24:52 - Median score: 4.0
INFO - 06/04/26 23:41:05 - 0:24:52 - Stdev score: 1.0213059896963312
INFO - 06/04/26 23:41:05 - 0:24:52 - Max score: 6.0
INFO - 06/04/26 23:41:05 - 0:24:52 - Top 1 percentile score: 6.0
INFO - 06/04/26 23:41:05 - 0:24:52 - Distribution of scores:
INFO - 06/04/26 23:41:05 - 0:24:52 - Score 0.5714285714285714: Count: 3
INFO - 06/04/26 23:41:05 - 0:24:52 - Score 1.5: Count: 2
INFO - 06/04/26 23:41:05 - 0:24:52 - Score 1.6666666666666665: Count: 2
INFO - 06/04/26 23:41:05 - 0:24:52 - Score 2.4: Count: 10
INFO - 06/04/26 23:41:05 - 0:24:52 - Score 2.6: Count: 4
INFO - 06/04/26 23:41:05 - 0:24:52 - Score 3.25: Count: 25
INFO - 06/04/26 23:41:05 - 0:24:52 - Score 3.5: Count: 30
INFO - 06/04/26 23:41:05 - 0:24:52 - Score 3.75: Count: 8
INFO - 06/04/26 23:41:05 - 0:24:52 - Score 4.0: Count: 23
INFO - 06/04/26 23:41:05 - 0:24:52 - Score 4.333333333333333: Count: 31
INFO - 06/04/26 23:41:05 - 0:24:52 - Score 4.666666666666667: Count: 10
INFO - 06/04/26 23:41:05 - 0:24:52 - Score 5.0: Count: 17
INFO - 06/04/26 23:41:05 - 0:24:52 - Score 5.5: Count: 8
INFO - 06/04/26 23:41:05 - 0:24:52 - Score 6.0: Count: 8
INFO - 06/04/26 23:41:05 - 0:24:52 - --------------------------------
INFO - 06/04/26 23:41:05 - 0:24:52 - New train and test generated. Size are train: 181, test 100
INFO - 06/04/26 23:41:05 - 0:24:52 - Unique data computed for original train set: 8000, generated train set: 181
INFO - 06/04/26 23:41:05 - 0:24:52 - Final train and test generated. Size are train: 8000, test 100
INFO - 06/04/26 23:41:06 - 0:24:52 - [Epoch 11 AFTER_UPDATE_DATASETS] CPU: 0.0% | RAM: 277.0MB
INFO - 06/04/26 23:41:06 - 0:24:52 - ### Score distribution ###
INFO - 06/04/26 23:41:06 - 0:24:52 - Valid examples: 8000
INFO - 06/04/26 23:41:06 - 0:24:52 - Mean score: 2.8636145833333333
INFO - 06/04/26 23:41:06 - 0:24:52 - Median score: 2.4
INFO - 06/04/26 23:41:06 - 0:24:52 - Stdev score: 0.9953327053290898
INFO - 06/04/26 23:41:06 - 0:24:52 - Max score: 7.0
INFO - 06/04/26 23:41:06 - 0:24:52 - Top 1 percentile score: 5.5
INFO - 06/04/26 23:41:06 - 0:24:52 - Distribution of scores:
INFO - 06/04/26 23:41:06 - 0:24:52 - Score 1.3333333333333333: Count: 190
INFO - 06/04/26 23:41:06 - 0:24:52 - Score 1.5: Count: 461
INFO - 06/04/26 23:41:06 - 0:24:52 - Score 1.6666666666666665: Count: 68
INFO - 06/04/26 23:41:06 - 0:24:52 - Score 1.8333333333333335: Count: 1
INFO - 06/04/26 23:41:06 - 0:24:52 - Score 2.0: Count: 934
INFO - 06/04/26 23:41:06 - 0:24:52 - Score 2.2: Count: 1487
INFO - 06/04/26 23:41:06 - 0:24:52 - Score 2.4: Count: 939
INFO - 06/04/26 23:41:06 - 0:24:52 - Score 2.6: Count: 272
INFO - 06/04/26 23:41:06 - 0:24:52 - Score 2.8: Count: 26
INFO - 06/04/26 23:41:06 - 0:24:52 - Score 3.0: Count: 571
INFO - 06/04/26 23:41:06 - 0:24:52 - Score 3.25: Count: 934
INFO - 06/04/26 23:41:06 - 0:24:52 - Score 3.5: Count: 538
INFO - 06/04/26 23:41:06 - 0:24:52 - Score 3.75: Count: 115
INFO - 06/04/26 23:41:06 - 0:24:52 - Score 4.0: Count: 439
INFO - 06/04/26 23:41:06 - 0:24:52 - Score 4.333333333333333: Count: 525
INFO - 06/04/26 23:41:06 - 0:24:52 - Score 4.666666666666667: Count: 166
INFO - 06/04/26 23:41:06 - 0:24:52 - Score 5.0: Count: 161
INFO - 06/04/26 23:41:06 - 0:24:52 - Score 5.5: Count: 99
INFO - 06/04/26 23:41:06 - 0:24:52 - Score 6.0: Count: 60
INFO - 06/04/26 23:41:06 - 0:24:52 - Score 7.0: Count: 14
INFO - 06/04/26 23:41:06 - 0:24:52 - --------------------------------
INFO - 06/04/26 23:41:06 - 0:24:52 - ==== Starting Epoch 12 =====
INFO - 06/04/26 23:41:06 - 0:24:53 - [Epoch 12 START] CPU: 0.0% | RAM: 354.8MB
INFO - 06/04/26 23:41:06 - 0:24:53 - Encoded train: 8000 examples in 0.02s (7828 cache hits, 172 misses)
INFO - 06/04/26 23:41:06 - 0:24:53 - Encoded test: 100 examples in 0.00s (100 cache hits, 0 misses)
INFO - 06/04/26 23:41:06 - 0:24:53 - Memory allocated: 24.43MB, reserved: 55.42MB
INFO - 06/04/26 23:41:10 - 0:24:56 - step 100 | loss 0.8174 | steps time 3550.06ms
INFO - 06/04/26 23:41:13 - 0:25:00 - step 200 | loss 0.8908 | steps time 3412.34ms
INFO - 06/04/26 23:41:13 - 0:25:00 - step 200 train loss: 0.8179578021168709 test loss: 0.8188452124595642
INFO - 06/04/26 23:41:17 - 0:25:03 - step 300 | loss 0.7743 | steps time 3492.04ms
INFO - 06/04/26 23:41:21 - 0:25:08 - step 400 | loss 0.8440 | steps time 4558.85ms
INFO - 06/04/26 23:41:21 - 0:25:08 - step 400 train loss: 0.8178130310773849 test loss: 0.8202586770057678
INFO - 06/04/26 23:41:25 - 0:25:12 - step 500 | loss 0.8334 | steps time 3592.26ms
INFO - 06/04/26 23:41:29 - 0:25:15 - step 600 | loss 0.8020 | steps time 3760.29ms
INFO - 06/04/26 23:41:29 - 0:25:15 - step 600 train loss: 0.8186466339230537 test loss: 0.8185417652130127
INFO - 06/04/26 23:41:32 - 0:25:19 - step 700 | loss 0.8255 | steps time 3493.07ms
INFO - 06/04/26 23:41:36 - 0:25:23 - step 800 | loss 0.8210 | steps time 3688.11ms
INFO - 06/04/26 23:41:36 - 0:25:23 - step 800 train loss: 0.8179836747050285 test loss: 0.8140116333961487
INFO - 06/04/26 23:41:36 - 0:25:23 - [Epoch 12 AFTER_TRAIN] CPU: 0.0% | RAM: 401.9MB
INFO - 06/04/26 23:41:36 - 0:25:23 - Sample with temperature 1.4 to 2.0
INFO - 06/04/26 23:41:36 - 0:25:23 - Hasse-Witt percentile filter state: overall_diversity=0.029, overall_saturation=0.005, exact_saturation=0.002
INFO - 06/04/26 23:41:36 - 0:25:23 - 0 / 3968 samples generated, 0 scored
INFO - 06/04/26 23:41:44 - 0:25:30 - Recent generated novelty for Hasse-Witt filter: 1.000
INFO - 06/04/26 23:41:44 - 0:25:30 - Recent generated novelty for Hasse-Witt filter: 1.000
INFO - 06/04/26 23:41:52 - 0:25:39 - 640 / 3968 samples generated, 0 scored
INFO - 06/04/26 23:41:55 - 0:25:42 - Recent generated novelty for Hasse-Witt filter: 1.000
INFO - 06/04/26 23:41:56 - 0:25:43 - Recent generated novelty for Hasse-Witt filter: 1.000
INFO - 06/04/26 23:41:56 - 0:25:43 - Recent generated novelty for Hasse-Witt filter: 1.000
INFO - 06/04/26 23:41:56 - 0:25:43 - Recent generated novelty for Hasse-Witt filter: 1.000
INFO - 06/04/26 23:41:56 - 0:25:43 - Recent generated novelty for Hasse-Witt filter: 1.000
INFO - 06/04/26 23:42:02 - 0:25:49 - Recent generated novelty for Hasse-Witt filter: 1.000
INFO - 06/04/26 23:42:05 - 0:25:52 - 1280 / 3968 samples generated, 11 scored
INFO - 06/04/26 23:42:12 - 0:25:59 - Recent generated novelty for Hasse-Witt filter: 1.000
INFO - 06/04/26 23:42:17 - 0:26:04 - Recent generated novelty for Hasse-Witt filter: 1.000
INFO - 06/04/26 23:42:18 - 0:26:05 - Recent generated novelty for Hasse-Witt filter: 1.000
INFO - 06/04/26 23:42:19 - 0:26:05 - Recent generated novelty for Hasse-Witt filter: 1.000
INFO - 06/04/26 23:42:19 - 0:26:06 - Recent generated novelty for Hasse-Witt filter: 1.000
INFO - 06/04/26 23:42:19 - 0:26:06 - Recent generated novelty for Hasse-Witt filter: 1.000
INFO - 06/04/26 23:42:19 - 0:26:06 - Recent generated novelty for Hasse-Witt filter: 1.000
INFO - 06/04/26 23:42:20 - 0:26:07 - Recent generated novelty for Hasse-Witt filter: 1.000
INFO - 06/04/26 23:42:20 - 0:26:07 - Recent generated novelty for Hasse-Witt filter: 1.000
INFO - 06/04/26 23:42:21 - 0:26:08 - Recent generated novelty for Hasse-Witt filter: 1.000
INFO - 06/04/26 23:42:21 - 0:26:08 - Recent generated novelty for Hasse-Witt filter: 1.000
INFO - 06/04/26 23:42:22 - 0:26:08 - Recent generated novelty for Hasse-Witt filter: 1.000
INFO - 06/04/26 23:42:22 - 0:26:09 - 1920 / 3968 samples generated, 59 scored
INFO - 06/04/26 23:42:22 - 0:26:09 - Recent generated novelty for Hasse-Witt filter: 1.000
INFO - 06/04/26 23:42:23 - 0:26:09 - Recent generated novelty for Hasse-Witt filter: 1.000
INFO - 06/04/26 23:42:23 - 0:26:10 - Recent generated novelty for Hasse-Witt filter: 1.000
INFO - 06/04/26 23:42:23 - 0:26:10 - Recent generated novelty for Hasse-Witt filter: 1.000
INFO - 06/04/26 23:42:24 - 0:26:10 - Recent generated novelty for Hasse-Witt filter: 1.000
INFO - 06/04/26 23:42:24 - 0:26:11 - Recent generated novelty for Hasse-Witt filter: 1.000
INFO - 06/04/26 23:42:24 - 0:26:11 - Recent generated novelty for Hasse-Witt filter: 1.000
INFO - 06/04/26 23:42:24 - 0:26:11 - Recent generated novelty for Hasse-Witt filter: 1.000
INFO - 06/04/26 23:42:25 - 0:26:11 - Recent generated novelty for Hasse-Witt filter: 1.000
INFO - 06/04/26 23:42:25 - 0:26:12 - Recent generated novelty for Hasse-Witt filter: 1.000
INFO - 06/04/26 23:42:25 - 0:26:12 - Recent generated novelty for Hasse-Witt filter: 1.000
INFO - 06/04/26 23:42:26 - 0:26:12 - Recent generated novelty for Hasse-Witt filter: 1.000
INFO - 06/04/26 23:42:26 - 0:26:13 - Recent generated novelty for Hasse-Witt filter: 1.000
INFO - 06/04/26 23:42:27 - 0:26:14 - Recent generated novelty for Hasse-Witt filter: 1.000
INFO - 06/04/26 23:42:28 - 0:26:14 - Recent generated novelty for Hasse-Witt filter: 1.000
INFO - 06/04/26 23:42:29 - 0:26:15 - Recent generated novelty for Hasse-Witt filter: 1.000
INFO - 06/04/26 23:42:29 - 0:26:16 - Recent generated novelty for Hasse-Witt filter: 1.000
INFO - 06/04/26 23:42:31 - 0:26:18 - Recent generated novelty for Hasse-Witt filter: 1.000
INFO - 06/04/26 23:42:32 - 0:26:19 - Recent generated novelty for Hasse-Witt filter: 1.000
INFO - 06/04/26 23:42:33 - 0:26:19 - 2560 / 3968 samples generated, 118 scored
INFO - 06/04/26 23:42:33 - 0:26:19 - Recent generated novelty for Hasse-Witt filter: 1.000
INFO - 06/04/26 23:42:35 - 0:26:22 - Recent generated novelty for Hasse-Witt filter: 1.000
INFO - 06/04/26 23:42:37 - 0:26:24 - Recent generated novelty for Hasse-Witt filter: 1.000
INFO - 06/04/26 23:42:39 - 0:26:26 - Recent generated novelty for Hasse-Witt filter: 1.000
INFO - 06/04/26 23:42:40 - 0:26:26 - Recent generated novelty for Hasse-Witt filter: 1.000
INFO - 06/04/26 23:42:42 - 0:26:29 - Recent generated novelty for Hasse-Witt filter: 1.000
INFO - 06/04/26 23:42:45 - 0:26:31 - Recent generated novelty for Hasse-Witt filter: 1.000
INFO - 06/04/26 23:42:46 - 0:26:33 - Recent generated novelty for Hasse-Witt filter: 1.000
INFO - 06/04/26 23:42:48 - 0:26:35 - Recent generated novelty for Hasse-Witt filter: 1.000
INFO - 06/04/26 23:42:49 - 0:26:36 - Recent generated novelty for Hasse-Witt filter: 1.000
INFO - 06/04/26 23:42:52 - 0:26:38 - 3200 / 3968 samples generated, 163 scored
INFO - 06/04/26 23:42:52 - 0:26:38 - Recent generated novelty for Hasse-Witt filter: 1.000
INFO - 06/04/26 23:42:52 - 0:26:39 - Recent generated novelty for Hasse-Witt filter: 1.000
INFO - 06/04/26 23:42:53 - 0:26:40 - Recent generated novelty for Hasse-Witt filter: 1.000
INFO - 06/04/26 23:42:55 - 0:26:42 - Recent generated novelty for Hasse-Witt filter: 1.000
INFO - 06/04/26 23:42:56 - 0:26:43 - Recent generated novelty for Hasse-Witt filter: 1.000
INFO - 06/04/26 23:42:57 - 0:26:44 - Recent generated novelty for Hasse-Witt filter: 1.000
INFO - 06/04/26 23:42:59 - 0:26:46 - Recent generated novelty for Hasse-Witt filter: 1.000
INFO - 06/04/26 23:43:01 - 0:26:48 - Recent generated novelty for Hasse-Witt filter: 1.000
INFO - 06/04/26 23:43:04 - 0:26:51 - Recent generated novelty for Hasse-Witt filter: 1.000
INFO - 06/04/26 23:43:05 - 0:26:51 - Recent generated novelty for Hasse-Witt filter: 1.000
INFO - 06/04/26 23:43:06 - 0:26:52 - 3840 / 3968 samples generated, 197 scored
INFO - 06/04/26 23:43:06 - 0:26:52 - Recent generated novelty for Hasse-Witt filter: 1.000
INFO - 06/04/26 23:43:08 - 0:26:55 - Recent generated novelty for Hasse-Witt filter: 1.000
INFO - 06/04/26 23:43:09 - 0:26:55 - Recent generated novelty for Hasse-Witt filter: 1.000
INFO - 06/04/26 23:43:10 - 0:26:57 - ### Score distribution ###
INFO - 06/04/26 23:43:10 - 0:26:57 - Invalid examples: before local search: 173, after: 0
INFO - 06/04/26 23:43:10 - 0:26:57 - Valid examples: 208
INFO - 06/04/26 23:43:10 - 0:26:57 - Mean score: 3.965235805860806
INFO - 06/04/26 23:43:10 - 0:26:57 - Median score: 4.0
INFO - 06/04/26 23:43:10 - 0:26:57 - Stdev score: 0.9185756084615795
INFO - 06/04/26 23:43:10 - 0:26:57 - Max score: 7.0
INFO - 06/04/26 23:43:10 - 0:26:57 - Top 1 percentile score: 6.0
INFO - 06/04/26 23:43:10 - 0:26:57 - Distribution of scores:
INFO - 06/04/26 23:43:10 - 0:26:57 - Score 0.5714285714285714: Count: 1
INFO - 06/04/26 23:43:10 - 0:26:57 - Score 0.7142857142857143: Count: 1
INFO - 06/04/26 23:43:10 - 0:26:57 - Score 1.5: Count: 1
INFO - 06/04/26 23:43:10 - 0:26:57 - Score 1.6666666666666665: Count: 1
INFO - 06/04/26 23:43:10 - 0:26:57 - Score 2.4: Count: 8
INFO - 06/04/26 23:43:10 - 0:26:57 - Score 2.6: Count: 6
INFO - 06/04/26 23:43:10 - 0:26:57 - Score 2.8: Count: 2
INFO - 06/04/26 23:43:10 - 0:26:57 - Score 3.25: Count: 29
INFO - 06/04/26 23:43:10 - 0:26:57 - Score 3.5: Count: 38
INFO - 06/04/26 23:43:10 - 0:26:57 - Score 3.75: Count: 6
INFO - 06/04/26 23:43:10 - 0:26:57 - Score 4.0: Count: 26
INFO - 06/04/26 23:43:10 - 0:26:57 - Score 4.333333333333333: Count: 36
INFO - 06/04/26 23:43:10 - 0:26:57 - Score 4.666666666666667: Count: 16
INFO - 06/04/26 23:43:10 - 0:26:57 - Score 5.0: Count: 23
INFO - 06/04/26 23:43:10 - 0:26:57 - Score 5.5: Count: 9
INFO - 06/04/26 23:43:10 - 0:26:57 - Score 6.0: Count: 4
INFO - 06/04/26 23:43:10 - 0:26:57 - Score 7.0: Count: 1
INFO - 06/04/26 23:43:10 - 0:26:57 - --------------------------------
INFO - 06/04/26 23:43:10 - 0:26:57 - [Epoch 12 AFTER_SAMPLE] CPU: 0.0% | RAM: 268.0MB
INFO - 06/04/26 23:43:10 - 0:26:57 - Unique processing: 208 examples left, 0 duplicates
INFO - 06/04/26 23:43:10 - 0:26:57 - ### Score distribution ###
INFO - 06/04/26 23:43:10 - 0:26:57 - Valid examples: 208
INFO - 06/04/26 23:43:10 - 0:26:57 - Mean score: 3.965235805860806
INFO - 06/04/26 23:43:10 - 0:26:57 - Median score: 4.0
INFO - 06/04/26 23:43:10 - 0:26:57 - Stdev score: 0.9185756084615795
INFO - 06/04/26 23:43:10 - 0:26:57 - Max score: 7.0
INFO - 06/04/26 23:43:10 - 0:26:57 - Top 1 percentile score: 6.0
INFO - 06/04/26 23:43:10 - 0:26:57 - Distribution of scores:
INFO - 06/04/26 23:43:10 - 0:26:57 - Score 0.5714285714285714: Count: 1
INFO - 06/04/26 23:43:10 - 0:26:57 - Score 0.7142857142857143: Count: 1
INFO - 06/04/26 23:43:10 - 0:26:57 - Score 1.5: Count: 1
INFO - 06/04/26 23:43:10 - 0:26:57 - Score 1.6666666666666665: Count: 1
INFO - 06/04/26 23:43:10 - 0:26:57 - Score 2.4: Count: 8
INFO - 06/04/26 23:43:10 - 0:26:57 - Score 2.6: Count: 6
INFO - 06/04/26 23:43:10 - 0:26:57 - Score 2.8: Count: 2
INFO - 06/04/26 23:43:10 - 0:26:57 - Score 3.25: Count: 29
INFO - 06/04/26 23:43:10 - 0:26:57 - Score 3.5: Count: 38
INFO - 06/04/26 23:43:10 - 0:26:57 - Score 3.75: Count: 6
INFO - 06/04/26 23:43:10 - 0:26:57 - Score 4.0: Count: 26
INFO - 06/04/26 23:43:10 - 0:26:57 - Score 4.333333333333333: Count: 36
INFO - 06/04/26 23:43:10 - 0:26:57 - Score 4.666666666666667: Count: 16
INFO - 06/04/26 23:43:10 - 0:26:57 - Score 5.0: Count: 23
INFO - 06/04/26 23:43:10 - 0:26:57 - Score 5.5: Count: 9
INFO - 06/04/26 23:43:10 - 0:26:57 - Score 6.0: Count: 4
INFO - 06/04/26 23:43:10 - 0:26:57 - Score 7.0: Count: 1
INFO - 06/04/26 23:43:10 - 0:26:57 - --------------------------------
INFO - 06/04/26 23:43:10 - 0:26:57 - New train and test generated. Size are train: 108, test 100
INFO - 06/04/26 23:43:10 - 0:26:57 - Unique data computed for original train set: 8000, generated train set: 108
INFO - 06/04/26 23:43:10 - 0:26:57 - Final train and test generated. Size are train: 8000, test 100
INFO - 06/04/26 23:43:11 - 0:26:57 - [Epoch 12 AFTER_UPDATE_DATASETS] CPU: 0.0% | RAM: 325.5MB
INFO - 06/04/26 23:43:11 - 0:26:57 - ### Score distribution ###
INFO - 06/04/26 23:43:11 - 0:26:57 - Valid examples: 8000
INFO - 06/04/26 23:43:11 - 0:26:57 - Mean score: 2.89948125
INFO - 06/04/26 23:43:11 - 0:26:57 - Median score: 2.6
INFO - 06/04/26 23:43:11 - 0:26:57 - Stdev score: 0.992062426739075
INFO - 06/04/26 23:43:11 - 0:26:57 - Max score: 7.0
INFO - 06/04/26 23:43:11 - 0:26:57 - Top 1 percentile score: 5.5
INFO - 06/04/26 23:43:11 - 0:26:57 - Distribution of scores:
INFO - 06/04/26 23:43:11 - 0:26:57 - Score 1.3333333333333333: Count: 82
INFO - 06/04/26 23:43:11 - 0:26:57 - Score 1.5: Count: 462
INFO - 06/04/26 23:43:11 - 0:26:57 - Score 1.6666666666666665: Count: 69
INFO - 06/04/26 23:43:11 - 0:26:57 - Score 1.8333333333333335: Count: 1
INFO - 06/04/26 23:43:11 - 0:26:57 - Score 2.0: Count: 934
INFO - 06/04/26 23:43:11 - 0:26:57 - Score 2.2: Count: 1487
INFO - 06/04/26 23:43:11 - 0:26:57 - Score 2.4: Count: 943
INFO - 06/04/26 23:43:11 - 0:26:57 - Score 2.6: Count: 274
INFO - 06/04/26 23:43:11 - 0:26:57 - Score 2.8: Count: 27
INFO - 06/04/26 23:43:11 - 0:26:57 - Score 3.0: Count: 571
INFO - 06/04/26 23:43:11 - 0:26:57 - Score 3.25: Count: 944
INFO - 06/04/26 23:43:11 - 0:26:57 - Score 3.5: Count: 561
INFO - 06/04/26 23:43:11 - 0:26:57 - Score 3.75: Count: 119
INFO - 06/04/26 23:43:11 - 0:26:57 - Score 4.0: Count: 454
INFO - 06/04/26 23:43:11 - 0:26:57 - Score 4.333333333333333: Count: 547
INFO - 06/04/26 23:43:11 - 0:26:57 - Score 4.666666666666667: Count: 174
INFO - 06/04/26 23:43:11 - 0:26:57 - Score 5.0: Count: 171
INFO - 06/04/26 23:43:11 - 0:26:57 - Score 5.5: Count: 104
INFO - 06/04/26 23:43:11 - 0:26:57 - Score 6.0: Count: 62
INFO - 06/04/26 23:43:11 - 0:26:57 - Score 7.0: Count: 14
INFO - 06/04/26 23:43:11 - 0:26:57 - --------------------------------
INFO - 06/04/26 23:43:11 - 0:26:57 - ==== Starting Epoch 13 =====
INFO - 06/04/26 23:43:11 - 0:26:57 - [Epoch 13 START] CPU: 0.0% | RAM: 402.8MB
INFO - 06/04/26 23:43:11 - 0:26:57 - Encoded train: 8000 examples in 0.02s (7894 cache hits, 106 misses)
INFO - 06/04/26 23:43:11 - 0:26:57 - Encoded test: 100 examples in 0.00s (4 cache hits, 96 misses)
INFO - 06/04/26 23:43:11 - 0:26:58 - Memory allocated: 24.38MB, reserved: 55.42MB
INFO - 06/04/26 23:43:15 - 0:27:02 - step 100 | loss 0.8137 | steps time 3961.93ms
INFO - 06/04/26 23:43:20 - 0:27:06 - step 200 | loss 0.7939 | steps time 4609.13ms
INFO - 06/04/26 23:43:20 - 0:27:06 - step 200 train loss: 0.8163645687699318 test loss: 0.8215383887290955
INFO - 06/04/26 23:43:24 - 0:27:10 - step 300 | loss 0.8362 | steps time 3897.54ms
INFO - 06/04/26 23:43:28 - 0:27:14 - step 400 | loss 0.8082 | steps time 4216.77ms
INFO - 06/04/26 23:43:28 - 0:27:15 - step 400 train loss: 0.816889454126358 test loss: 0.8221853375434875
INFO - 06/04/26 23:43:31 - 0:27:18 - step 500 | loss 0.8360 | steps time 3589.06ms
INFO - 06/04/26 23:43:35 - 0:27:22 - step 600 | loss 0.8349 | steps time 3882.52ms
INFO - 06/04/26 23:43:35 - 0:27:22 - step 600 train loss: 0.8178653901815415 test loss: 0.8322232961654663
INFO - 06/04/26 23:43:39 - 0:27:26 - step 700 | loss 0.7814 | steps time 3751.49ms
INFO - 06/04/26 23:43:43 - 0:27:30 - step 800 | loss 0.7911 | steps time 3924.77ms
INFO - 06/04/26 23:43:43 - 0:27:30 - step 800 train loss: 0.8134168347716332 test loss: 0.8276389837265015
INFO - 06/04/26 23:43:43 - 0:27:30 - [Epoch 13 AFTER_TRAIN] CPU: 0.0% | RAM: 455.7MB
INFO - 06/04/26 23:43:44 - 0:27:30 - Sample with temperature 1.4 to 2.0
INFO - 06/04/26 23:43:44 - 0:27:30 - Hasse-Witt percentile filter state: overall_diversity=0.029, overall_saturation=0.005, exact_saturation=0.002
INFO - 06/04/26 23:43:44 - 0:27:30 - 0 / 3968 samples generated, 0 scored
INFO - 06/04/26 23:43:52 - 0:27:38 - Recent generated novelty for Hasse-Witt filter: 1.000
INFO - 06/04/26 23:43:56 - 0:27:42 - 640 / 3968 samples generated, 0 scored
INFO - 06/04/26 23:44:06 - 0:27:53 - Recent generated novelty for Hasse-Witt filter: 1.000
INFO - 06/04/26 23:44:07 - 0:27:53 - Recent generated novelty for Hasse-Witt filter: 1.000
INFO - 06/04/26 23:44:07 - 0:27:54 - Recent generated novelty for Hasse-Witt filter: 1.000
INFO - 06/04/26 23:44:08 - 0:27:55 - Recent generated novelty for Hasse-Witt filter: 1.000
INFO - 06/04/26 23:44:08 - 0:27:55 - Recent generated novelty for Hasse-Witt filter: 1.000
INFO - 06/04/26 23:44:09 - 0:27:55 - Recent generated novelty for Hasse-Witt filter: 1.000
INFO - 06/04/26 23:44:09 - 0:27:56 - Recent generated novelty for Hasse-Witt filter: 1.000
INFO - 06/04/26 23:44:10 - 0:27:56 - Recent generated novelty for Hasse-Witt filter: 1.000
INFO - 06/04/26 23:44:10 - 0:27:57 - Recent generated novelty for Hasse-Witt filter: 1.000
INFO - 06/04/26 23:44:10 - 0:27:57 - Recent generated novelty for Hasse-Witt filter: 1.000
INFO - 06/04/26 23:44:11 - 0:27:57 - Recent generated novelty for Hasse-Witt filter: 1.000
INFO - 06/04/26 23:44:11 - 0:27:58 - Recent generated novelty for Hasse-Witt filter: 1.000
INFO - 06/04/26 23:44:12 - 0:27:58 - Recent generated novelty for Hasse-Witt filter: 1.000
INFO - 06/04/26 23:44:12 - 0:27:59 - Recent generated novelty for Hasse-Witt filter: 1.000
INFO - 06/04/26 23:44:13 - 0:27:59 - Recent generated novelty for Hasse-Witt filter: 1.000
INFO - 06/04/26 23:44:13 - 0:28:00 - Recent generated novelty for Hasse-Witt filter: 1.000
INFO - 06/04/26 23:44:13 - 0:28:00 - Recent generated novelty for Hasse-Witt filter: 1.000
INFO - 06/04/26 23:44:14 - 0:28:01 - Recent generated novelty for Hasse-Witt filter: 1.000
INFO - 06/04/26 23:44:16 - 0:28:02 - 1280 / 3968 samples generated, 69 scored
INFO - 06/04/26 23:44:16 - 0:28:02 - Recent generated novelty for Hasse-Witt filter: 1.000
INFO - 06/04/26 23:44:16 - 0:28:03 - Recent generated novelty for Hasse-Witt filter: 1.000
INFO - 06/04/26 23:44:17 - 0:28:04 - Recent generated novelty for Hasse-Witt filter: 1.000
INFO - 06/04/26 23:44:18 - 0:28:04 - Recent generated novelty for Hasse-Witt filter: 1.000
INFO - 06/04/26 23:44:19 - 0:28:06 - Recent generated novelty for Hasse-Witt filter: 1.000
INFO - 06/04/26 23:44:20 - 0:28:07 - Recent generated novelty for Hasse-Witt filter: 1.000
INFO - 06/04/26 23:44:21 - 0:28:08 - Recent generated novelty for Hasse-Witt filter: 1.000
INFO - 06/04/26 23:44:23 - 0:28:09 - Recent generated novelty for Hasse-Witt filter: 1.000
INFO - 06/04/26 23:44:23 - 0:28:10 - Recent generated novelty for Hasse-Witt filter: 1.000
INFO - 06/04/26 23:44:24 - 0:28:11 - Recent generated novelty for Hasse-Witt filter: 1.000
INFO - 06/04/26 23:44:25 - 0:28:11 - 1920 / 3968 samples generated, 102 scored
INFO - 06/04/26 23:44:25 - 0:28:11 - Recent generated novelty for Hasse-Witt filter: 1.000
INFO - 06/04/26 23:44:26 - 0:28:12 - Recent generated novelty for Hasse-Witt filter: 1.000
INFO - 06/04/26 23:44:27 - 0:28:14 - Recent generated novelty for Hasse-Witt filter: 1.000
INFO - 06/04/26 23:44:29 - 0:28:16 - Recent generated novelty for Hasse-Witt filter: 1.000
INFO - 06/04/26 23:44:30 - 0:28:17 - Recent generated novelty for Hasse-Witt filter: 1.000
INFO - 06/04/26 23:44:31 - 0:28:17 - Recent generated novelty for Hasse-Witt filter: 1.000
INFO - 06/04/26 23:44:33 - 0:28:19 - Recent generated novelty for Hasse-Witt filter: 1.000
INFO - 06/04/26 23:44:35 - 0:28:21 - Recent generated novelty for Hasse-Witt filter: 1.000
INFO - 06/04/26 23:44:35 - 0:28:22 - Recent generated novelty for Hasse-Witt filter: 1.000
INFO - 06/04/26 23:44:37 - 0:28:23 - Recent generated novelty for Hasse-Witt filter: 1.000
INFO - 06/04/26 23:44:37 - 0:28:24 - 2560 / 3968 samples generated, 129 scored
INFO - 06/04/26 23:44:37 - 0:28:24 - Recent generated novelty for Hasse-Witt filter: 1.000
INFO - 06/04/26 23:44:38 - 0:28:25 - Recent generated novelty for Hasse-Witt filter: 1.000
INFO - 06/04/26 23:44:40 - 0:28:27 - Recent generated novelty for Hasse-Witt filter: 1.000
INFO - 06/04/26 23:44:41 - 0:28:28 - Recent generated novelty for Hasse-Witt filter: 1.000
INFO - 06/04/26 23:44:43 - 0:28:30 - Recent generated novelty for Hasse-Witt filter: 1.000
INFO - 06/04/26 23:44:44 - 0:28:30 - Recent generated novelty for Hasse-Witt filter: 1.000
INFO - 06/04/26 23:44:46 - 0:28:32 - Recent generated novelty for Hasse-Witt filter: 1.000
INFO - 06/04/26 23:44:46 - 0:28:33 - Recent generated novelty for Hasse-Witt filter: 1.000
INFO - 06/04/26 23:44:48 - 0:28:35 - Recent generated novelty for Hasse-Witt filter: 1.000
INFO - 06/04/26 23:44:50 - 0:28:37 - Recent generated novelty for Hasse-Witt filter: 1.000
INFO - 06/04/26 23:44:52 - 0:28:39 - 3200 / 3968 samples generated, 152 scored
INFO - 06/04/26 23:44:52 - 0:28:39 - Recent generated novelty for Hasse-Witt filter: 1.000
INFO - 06/04/26 23:44:53 - 0:28:40 - Recent generated novelty for Hasse-Witt filter: 1.000
INFO - 06/04/26 23:44:54 - 0:28:41 - Recent generated novelty for Hasse-Witt filter: 1.000
INFO - 06/04/26 23:44:56 - 0:28:43 - Recent generated novelty for Hasse-Witt filter: 1.000
INFO - 06/04/26 23:44:58 - 0:28:45 - Recent generated novelty for Hasse-Witt filter: 1.000
INFO - 06/04/26 23:44:58 - 0:28:45 - Recent generated novelty for Hasse-Witt filter: 1.000
INFO - 06/04/26 23:44:59 - 0:28:46 - Recent generated novelty for Hasse-Witt filter: 1.000
INFO - 06/04/26 23:45:00 - 0:28:47 - Recent generated novelty for Hasse-Witt filter: 1.000
INFO - 06/04/26 23:45:01 - 0:28:47 - Recent generated novelty for Hasse-Witt filter: 1.000
INFO - 06/04/26 23:45:02 - 0:28:49 - Recent generated novelty for Hasse-Witt filter: 1.000
INFO - 06/04/26 23:45:03 - 0:28:50 - 3840 / 3968 samples generated, 193 scored
INFO - 06/04/26 23:45:03 - 0:28:50 - Recent generated novelty for Hasse-Witt filter: 1.000
INFO - 06/04/26 23:45:05 - 0:28:52 - Recent generated novelty for Hasse-Witt filter: 1.000
INFO - 06/04/26 23:45:07 - 0:28:54 - Recent generated novelty for Hasse-Witt filter: 1.000
INFO - 06/04/26 23:45:08 - 0:28:54 - ### Score distribution ###
INFO - 06/04/26 23:45:08 - 0:28:54 - Invalid examples: before local search: 159, after: 2
INFO - 06/04/26 23:45:08 - 0:28:54 - Valid examples: 205
INFO - 06/04/26 23:45:08 - 0:28:54 - Mean score: 3.832322880371661
INFO - 06/04/26 23:45:08 - 0:28:54 - Median score: 3.75
INFO - 06/04/26 23:45:08 - 0:28:54 - Stdev score: 0.9591438812618295
INFO - 06/04/26 23:45:08 - 0:28:54 - Max score: 7.0
INFO - 06/04/26 23:45:08 - 0:28:54 - Top 1 percentile score: 6.0
INFO - 06/04/26 23:45:08 - 0:28:54 - Distribution of scores:
INFO - 06/04/26 23:45:08 - 0:28:54 - Score 0.5714285714285714: Count: 2
INFO - 06/04/26 23:45:08 - 0:28:54 - Score 1.5: Count: 1
INFO - 06/04/26 23:45:08 - 0:28:54 - Score 2.4: Count: 17
INFO - 06/04/26 23:45:08 - 0:28:54 - Score 2.6: Count: 8
INFO - 06/04/26 23:45:08 - 0:28:54 - Score 2.8: Count: 1
INFO - 06/04/26 23:45:08 - 0:28:54 - Score 3.25: Count: 39
INFO - 06/04/26 23:45:08 - 0:28:54 - Score 3.5: Count: 29
INFO - 06/04/26 23:45:08 - 0:28:54 - Score 3.75: Count: 6
INFO - 06/04/26 23:45:08 - 0:28:54 - Score 4.0: Count: 31
INFO - 06/04/26 23:45:08 - 0:28:54 - Score 4.333333333333333: Count: 27
INFO - 06/04/26 23:45:08 - 0:28:54 - Score 4.666666666666667: Count: 14
INFO - 06/04/26 23:45:08 - 0:28:54 - Score 5.0: Count: 15
INFO - 06/04/26 23:45:08 - 0:28:54 - Score 5.5: Count: 9
INFO - 06/04/26 23:45:08 - 0:28:54 - Score 6.0: Count: 5
INFO - 06/04/26 23:45:08 - 0:28:54 - Score 7.0: Count: 1
INFO - 06/04/26 23:45:08 - 0:28:54 - --------------------------------
INFO - 06/04/26 23:45:08 - 0:28:54 - [Epoch 13 AFTER_SAMPLE] CPU: 0.0% | RAM: 278.0MB
INFO - 06/04/26 23:45:08 - 0:28:54 - Unique processing: 205 examples left, 0 duplicates
INFO - 06/04/26 23:45:08 - 0:28:54 - ### Score distribution ###
INFO - 06/04/26 23:45:08 - 0:28:54 - Valid examples: 205
INFO - 06/04/26 23:45:08 - 0:28:54 - Mean score: 3.832322880371661
INFO - 06/04/26 23:45:08 - 0:28:54 - Median score: 3.75
INFO - 06/04/26 23:45:08 - 0:28:54 - Stdev score: 0.9591438812618295
INFO - 06/04/26 23:45:08 - 0:28:54 - Max score: 7.0
INFO - 06/04/26 23:45:08 - 0:28:54 - Top 1 percentile score: 6.0
INFO - 06/04/26 23:45:08 - 0:28:54 - Distribution of scores:
INFO - 06/04/26 23:45:08 - 0:28:54 - Score 0.5714285714285714: Count: 2
INFO - 06/04/26 23:45:08 - 0:28:54 - Score 1.5: Count: 1
INFO - 06/04/26 23:45:08 - 0:28:54 - Score 2.4: Count: 17
INFO - 06/04/26 23:45:08 - 0:28:54 - Score 2.6: Count: 8
INFO - 06/04/26 23:45:08 - 0:28:54 - Score 2.8: Count: 1
INFO - 06/04/26 23:45:08 - 0:28:54 - Score 3.25: Count: 39
INFO - 06/04/26 23:45:08 - 0:28:54 - Score 3.5: Count: 29
INFO - 06/04/26 23:45:08 - 0:28:54 - Score 3.75: Count: 6
INFO - 06/04/26 23:45:08 - 0:28:54 - Score 4.0: Count: 31
INFO - 06/04/26 23:45:08 - 0:28:54 - Score 4.333333333333333: Count: 27
INFO - 06/04/26 23:45:08 - 0:28:54 - Score 4.666666666666667: Count: 14
INFO - 06/04/26 23:45:08 - 0:28:54 - Score 5.0: Count: 15
INFO - 06/04/26 23:45:08 - 0:28:54 - Score 5.5: Count: 9
INFO - 06/04/26 23:45:08 - 0:28:54 - Score 6.0: Count: 5
INFO - 06/04/26 23:45:08 - 0:28:54 - Score 7.0: Count: 1
INFO - 06/04/26 23:45:08 - 0:28:54 - --------------------------------
INFO - 06/04/26 23:45:08 - 0:28:54 - New train and test generated. Size are train: 105, test 100
INFO - 06/04/26 23:45:08 - 0:28:54 - Unique data computed for original train set: 8000, generated train set: 105
INFO - 06/04/26 23:45:08 - 0:28:54 - Final train and test generated. Size are train: 8000, test 100
INFO - 06/04/26 23:45:08 - 0:28:55 - [Epoch 13 AFTER_UPDATE_DATASETS] CPU: 0.0% | RAM: 334.4MB
INFO - 06/04/26 23:45:08 - 0:28:55 - ### Score distribution ###
INFO - 06/04/26 23:45:08 - 0:28:55 - Valid examples: 8000
INFO - 06/04/26 23:45:08 - 0:28:55 - Mean score: 2.9316666666666666
INFO - 06/04/26 23:45:08 - 0:28:55 - Median score: 2.6
INFO - 06/04/26 23:45:08 - 0:28:55 - Stdev score: 0.9879130553135436
INFO - 06/04/26 23:45:08 - 0:28:55 - Max score: 7.0
INFO - 06/04/26 23:45:08 - 0:28:55 - Top 1 percentile score: 5.5
INFO - 06/04/26 23:45:08 - 0:28:55 - Distribution of scores:
INFO - 06/04/26 23:45:08 - 0:28:55 - Score 1.5: Count: 442
INFO - 06/04/26 23:45:08 - 0:28:55 - Score 1.6666666666666665: Count: 69
INFO - 06/04/26 23:45:08 - 0:28:55 - Score 1.8333333333333335: Count: 1
INFO - 06/04/26 23:45:08 - 0:28:55 - Score 2.0: Count: 934
INFO - 06/04/26 23:45:08 - 0:28:55 - Score 2.2: Count: 1487
INFO - 06/04/26 23:45:08 - 0:28:55 - Score 2.4: Count: 950
INFO - 06/04/26 23:45:08 - 0:28:55 - Score 2.6: Count: 280
INFO - 06/04/26 23:45:08 - 0:28:55 - Score 2.8: Count: 27
INFO - 06/04/26 23:45:08 - 0:28:55 - Score 3.0: Count: 571
INFO - 06/04/26 23:45:08 - 0:28:55 - Score 3.25: Count: 963
INFO - 06/04/26 23:45:08 - 0:28:55 - Score 3.5: Count: 576
INFO - 06/04/26 23:45:08 - 0:28:55 - Score 3.75: Count: 123
INFO - 06/04/26 23:45:08 - 0:28:55 - Score 4.0: Count: 467
INFO - 06/04/26 23:45:08 - 0:28:55 - Score 4.333333333333333: Count: 563
INFO - 06/04/26 23:45:08 - 0:28:55 - Score 4.666666666666667: Count: 182
INFO - 06/04/26 23:45:08 - 0:28:55 - Score 5.0: Count: 177
INFO - 06/04/26 23:45:08 - 0:28:55 - Score 5.5: Count: 109
INFO - 06/04/26 23:45:08 - 0:28:55 - Score 6.0: Count: 64
INFO - 06/04/26 23:45:08 - 0:28:55 - Score 7.0: Count: 15
INFO - 06/04/26 23:45:08 - 0:28:55 - --------------------------------
INFO - 06/04/26 23:45:08 - 0:28:55 - ==== Starting Epoch 14 =====
INFO - 06/04/26 23:45:08 - 0:28:55 - [Epoch 14 START] CPU: 0.0% | RAM: 412.2MB
INFO - 06/04/26 23:45:08 - 0:28:55 - Encoded train: 8000 examples in 0.02s (7906 cache hits, 94 misses)
INFO - 06/04/26 23:45:08 - 0:28:55 - Encoded test: 100 examples in 0.00s (4 cache hits, 96 misses)
INFO - 06/04/26 23:45:08 - 0:28:55 - Memory allocated: 24.42MB, reserved: 55.42MB
INFO - 06/04/26 23:45:12 - 0:28:58 - step 100 | loss 0.7863 | steps time 3404.29ms
INFO - 06/04/26 23:45:15 - 0:29:02 - step 200 | loss 0.8183 | steps time 3362.86ms
INFO - 06/04/26 23:45:15 - 0:29:02 - step 200 train loss: 0.815521744787693 test loss: 0.8173942565917969
INFO - 06/04/26 23:45:19 - 0:29:05 - step 300 | loss 0.7748 | steps time 3526.68ms
INFO - 06/04/26 23:45:23 - 0:29:09 - step 400 | loss 0.8218 | steps time 3723.30ms
INFO - 06/04/26 23:45:23 - 0:29:09 - step 400 train loss: 0.8146460515260696 test loss: 0.822083055973053
INFO - 06/04/26 23:45:26 - 0:29:13 - step 500 | loss 0.8474 | steps time 3337.27ms
INFO - 06/04/26 23:45:29 - 0:29:16 - step 600 | loss 0.8217 | steps time 3390.79ms
INFO - 06/04/26 23:45:29 - 0:29:16 - step 600 train loss: 0.8110214978456497 test loss: 0.8282997608184814
INFO - 06/04/26 23:45:33 - 0:29:19 - step 700 | loss 0.8105 | steps time 3360.22ms
INFO - 06/04/26 23:45:36 - 0:29:23 - step 800 | loss 0.8198 | steps time 3368.99ms
INFO - 06/04/26 23:45:36 - 0:29:23 - step 800 train loss: 0.8179223003983498 test loss: 0.8295469284057617
INFO - 06/04/26 23:45:36 - 0:29:23 - [Epoch 14 AFTER_TRAIN] CPU: 0.0% | RAM: 529.7MB
INFO - 06/04/26 23:45:37 - 0:29:23 - Sample with temperature 1.4 to 2.0
INFO - 06/04/26 23:45:37 - 0:29:23 - Hasse-Witt percentile filter state: overall_diversity=0.031, overall_saturation=0.005, exact_saturation=0.002
INFO - 06/04/26 23:45:37 - 0:29:23 - 0 / 3968 samples generated, 0 scored
INFO - 06/04/26 23:45:44 - 0:29:30 - Recent generated novelty for Hasse-Witt filter: 1.000
INFO - 06/04/26 23:45:51 - 0:29:38 - 640 / 3968 samples generated, 0 scored
INFO - 06/04/26 23:45:54 - 0:29:41 - Recent generated novelty for Hasse-Witt filter: 1.000
INFO - 06/04/26 23:45:55 - 0:29:41 - Recent generated novelty for Hasse-Witt filter: 1.000
INFO - 06/04/26 23:45:55 - 0:29:42 - Recent generated novelty for Hasse-Witt filter: 1.000
INFO - 06/04/26 23:45:56 - 0:29:42 - Recent generated novelty for Hasse-Witt filter: 1.000
INFO - 06/04/26 23:46:06 - 0:29:53 - Recent generated novelty for Hasse-Witt filter: 1.000
INFO - 06/04/26 23:46:10 - 0:29:56 - 1280 / 3968 samples generated, 16 scored
INFO - 06/04/26 23:46:16 - 0:30:02 - Recent generated novelty for Hasse-Witt filter: 1.000
INFO - 06/04/26 23:46:16 - 0:30:03 - Recent generated novelty for Hasse-Witt filter: 1.000
INFO - 06/04/26 23:46:17 - 0:30:03 - Recent generated novelty for Hasse-Witt filter: 1.000
INFO - 06/04/26 23:46:17 - 0:30:03 - Recent generated novelty for Hasse-Witt filter: 1.000
INFO - 06/04/26 23:46:17 - 0:30:04 - Recent generated novelty for Hasse-Witt filter: 1.000
INFO - 06/04/26 23:46:17 - 0:30:04 - Recent generated novelty for Hasse-Witt filter: 1.000
INFO - 06/04/26 23:46:18 - 0:30:05 - Recent generated novelty for Hasse-Witt filter: 1.000
INFO - 06/04/26 23:46:18 - 0:30:05 - Recent generated novelty for Hasse-Witt filter: 1.000
INFO - 06/04/26 23:46:19 - 0:30:06 - Recent generated novelty for Hasse-Witt filter: 1.000
INFO - 06/04/26 23:46:19 - 0:30:06 - Recent generated novelty for Hasse-Witt filter: 1.000
INFO - 06/04/26 23:46:20 - 0:30:06 - Recent generated novelty for Hasse-Witt filter: 1.000
INFO - 06/04/26 23:46:20 - 0:30:07 - Recent generated novelty for Hasse-Witt filter: 1.000
INFO - 06/04/26 23:46:20 - 0:30:07 - Recent generated novelty for Hasse-Witt filter: 1.000
INFO - 06/04/26 23:46:21 - 0:30:08 - Recent generated novelty for Hasse-Witt filter: 1.000
INFO - 06/04/26 23:46:21 - 0:30:08 - Recent generated novelty for Hasse-Witt filter: 1.000
INFO - 06/04/26 23:46:21 - 0:30:08 - Recent generated novelty for Hasse-Witt filter: 1.000
INFO - 06/04/26 23:46:22 - 0:30:08 - Recent generated novelty for Hasse-Witt filter: 1.000
INFO - 06/04/26 23:46:22 - 0:30:09 - Recent generated novelty for Hasse-Witt filter: 1.000
INFO - 06/04/26 23:46:22 - 0:30:09 - Recent generated novelty for Hasse-Witt filter: 1.000
INFO - 06/04/26 23:46:23 - 0:30:09 - Recent generated novelty for Hasse-Witt filter: 1.000
INFO - 06/04/26 23:46:23 - 0:30:10 - Recent generated novelty for Hasse-Witt filter: 1.000
INFO - 06/04/26 23:46:24 - 0:30:10 - Recent generated novelty for Hasse-Witt filter: 1.000
INFO - 06/04/26 23:46:24 - 0:30:11 - Recent generated novelty for Hasse-Witt filter: 1.000
INFO - 06/04/26 23:46:24 - 0:30:11 - 1920 / 3968 samples generated, 99 scored
INFO - 06/04/26 23:46:24 - 0:30:11 - Recent generated novelty for Hasse-Witt filter: 1.000
INFO - 06/04/26 23:46:25 - 0:30:12 - Recent generated novelty for Hasse-Witt filter: 1.000
INFO - 06/04/26 23:46:27 - 0:30:13 - Recent generated novelty for Hasse-Witt filter: 1.000
INFO - 06/04/26 23:46:28 - 0:30:15 - Recent generated novelty for Hasse-Witt filter: 1.000
INFO - 06/04/26 23:46:30 - 0:30:16 - Recent generated novelty for Hasse-Witt filter: 1.000
INFO - 06/04/26 23:46:30 - 0:30:17 - Recent generated novelty for Hasse-Witt filter: 1.000
INFO - 06/04/26 23:46:32 - 0:30:19 - Recent generated novelty for Hasse-Witt filter: 1.000
INFO - 06/04/26 23:46:34 - 0:30:21 - Recent generated novelty for Hasse-Witt filter: 1.000
INFO - 06/04/26 23:46:37 - 0:30:24 - Recent generated novelty for Hasse-Witt filter: 1.000
INFO - 06/04/26 23:46:40 - 0:30:26 - Recent generated novelty for Hasse-Witt filter: 1.000
INFO - 06/04/26 23:46:42 - 0:30:28 - 2560 / 3968 samples generated, 131 scored
INFO - 06/04/26 23:46:42 - 0:30:28 - Recent generated novelty for Hasse-Witt filter: 1.000
INFO - 06/04/26 23:46:44 - 0:30:31 - Recent generated novelty for Hasse-Witt filter: 1.000
INFO - 06/04/26 23:46:45 - 0:30:32 - Recent generated novelty for Hasse-Witt filter: 1.000
INFO - 06/04/26 23:46:47 - 0:30:34 - Recent generated novelty for Hasse-Witt filter: 1.000
INFO - 06/04/26 23:46:48 - 0:30:35 - Recent generated novelty for Hasse-Witt filter: 1.000
INFO - 06/04/26 23:46:51 - 0:30:38 - Recent generated novelty for Hasse-Witt filter: 1.000
INFO - 06/04/26 23:46:52 - 0:30:39 - Recent generated novelty for Hasse-Witt filter: 1.000
INFO - 06/04/26 23:46:54 - 0:30:41 - Recent generated novelty for Hasse-Witt filter: 1.000
INFO - 06/04/26 23:46:55 - 0:30:41 - Recent generated novelty for Hasse-Witt filter: 1.000
INFO - 06/04/26 23:46:57 - 0:30:44 - Recent generated novelty for Hasse-Witt filter: 1.000
INFO - 06/04/26 23:46:59 - 0:30:45 - 3200 / 3968 samples generated, 161 scored
INFO - 06/04/26 23:46:59 - 0:30:45 - Recent generated novelty for Hasse-Witt filter: 1.000
INFO - 06/04/26 23:46:59 - 0:30:46 - Recent generated novelty for Hasse-Witt filter: 1.000
INFO - 06/04/26 23:47:01 - 0:30:48 - Recent generated novelty for Hasse-Witt filter: 1.000
INFO - 06/04/26 23:47:03 - 0:30:50 - Recent generated novelty for Hasse-Witt filter: 1.000
INFO - 06/04/26 23:47:05 - 0:30:52 - Recent generated novelty for Hasse-Witt filter: 1.000
INFO - 06/04/26 23:47:07 - 0:30:53 - Recent generated novelty for Hasse-Witt filter: 1.000
INFO - 06/04/26 23:47:08 - 0:30:55 - Recent generated novelty for Hasse-Witt filter: 1.000
INFO - 06/04/26 23:47:10 - 0:30:57 - Recent generated novelty for Hasse-Witt filter: 1.000
INFO - 06/04/26 23:47:12 - 0:30:59 - Recent generated novelty for Hasse-Witt filter: 1.000
INFO - 06/04/26 23:47:13 - 0:30:59 - Recent generated novelty for Hasse-Witt filter: 1.000
