INFO - 06/04/26 16:06:09 - 0:00:00 - ============ Initialized logger ============
INFO - 06/04/26 16:06:09 - 0:00:00 - N: 8
                                     always_search: True
                                     batch_size: 16
                                     command: python train.py --env_name hyperelliptic_factorized_fixed --exp_name hfactor_fixed_g8_local_fast --dump_path './dump' --N 8 --p 3 --max_len 58 --gensize 0 --pop_size 6000 --ntest 50 --initial_data_sqlite 'training_data/hyperelliptic_factorized_pgl2_highgenus_g100/train_data.pkl' --initial_data_max_rows 0 --keep_only_unique true --always_search true --redeem_only false --local_search_steps 1 --local_search_batch_size 16 --score_batch_size 8 --process_pool false --batch_size 16 --eval_batch_size 8 --gen_batch_size 64 --max_epochs 10000 --max_steps 500 --num_eval_steps 100 --num_samples_from_model 1000 --n_layer 3 --n_head 4 --n_embd 192 --temperature '1.0' --temp_span 4 --inc_temp '0.03' --top_k '-1' --exp_id "2026_06_04_16_06_09"
                                     cpu: False
                                     data_generation_only: False
                                     device: mps
                                     dump_path: ./dump/hfactor_fixed_g8_local_fast/2026_06_04_16_06_09
                                     env_name: hyperelliptic_factorized_fixed
                                     eos_genus_quota: 0
                                     eos_max_genus: 0
                                     eos_min_genus: 0
                                     eval_batch_size: 8
                                     exp_id: 2026_06_04_16_06_09
                                     exp_name: hfactor_fixed_g8_local_fast
                                     frontier_high_prob: 0.35
                                     frontier_high_width: 6
                                     frontier_low_cutoff: 4
                                     frontier_low_prob: 0.1
                                     frontier_max_repeat: 20
                                     frontier_mid_prob: 0.45
                                     frontier_top_prob: 0.1
                                     frontier_top_width: 2
                                     gen_batch_size: 64
                                     gensize: 0
                                     genus_sampling: none
                                     inc_temp: 0.03
                                     initial_data_max_rows: 0
                                     initial_data_sqlite: training_data/hyperelliptic_factorized_pgl2_highgenus_g100/train_data.pkl
                                     keep_only_unique: True
                                     learning_rate: 0.0005
                                     local_search_batch_size: 16
                                     local_search_steps: 1
                                     max_epochs: 10000
                                     max_len: 58
                                     max_steps: 500
                                     n_embd: 192
                                     n_head: 4
                                     n_layer: 3
                                     new_proportion: 0.0
                                     no_positional: False
                                     ntest: 50
                                     num_eval_steps: 100
                                     num_samples_from_model: 1000
                                     num_workers: 8
                                     p: 3
                                     pop_size: 6000
                                     process_pool: False
                                     redeem_only: False
                                     save_best: False
                                     score_batch_size: 8
                                     seed: -1
                                     temp_span: 4
                                     temperature: 1.0
                                     top_k: -1
                                     weight_decay: 0.01
INFO - 06/04/26 16:06:09 - 0:00:00 - The experiment will be stored in ./dump/hfactor_fixed_g8_local_fast/2026_06_04_16_06_09
                                     
INFO - 06/04/26 16:06:09 - 0:00:00 - Running command: python train.py --env_name hyperelliptic_factorized_fixed --exp_name hfactor_fixed_g8_local_fast --dump_path './dump' --N 8 --p 3 --max_len 58 --gensize 0 --pop_size 6000 --ntest 50 --initial_data_sqlite 'training_data/hyperelliptic_factorized_pgl2_highgenus_g100/train_data.pkl' --initial_data_max_rows 0 --keep_only_unique true --always_search true --redeem_only false --local_search_steps 1 --local_search_batch_size 16 --score_batch_size 8 --process_pool false --batch_size 16 --eval_batch_size 8 --gen_batch_size 64 --max_epochs 10000 --max_steps 500 --num_eval_steps 100 --num_samples_from_model 1000 --n_layer 3 --n_head 4 --n_embd 192 --temperature '1.0' --temp_span 4 --inc_temp '0.03' --top_k '-1'

INFO - 06/04/26 16:06:09 - 0:00:00 - seed: 733454647
INFO - 06/04/26 16:06:09 - 0:00:00 - Number of parameters: 1.35M
INFO - 06/04/26 16:06:20 - 0:00:10 - Loaded initial data from training_data/hyperelliptic_factorized_pgl2_highgenus_g100/train_data.pkl: 578 valid examples
INFO - 06/04/26 16:06:20 - 0:00:10 - Loaded initial data from 1 file(s): 578 valid examples total
INFO - 06/04/26 16:06:20 - 0:00:10 - Combining initial data (578) with generated data (0)
INFO - 06/04/26 16:06:20 - 0:00:10 - Unique processing: 498 examples left, 80 duplicates
INFO - 06/04/26 16:06:20 - 0:00:10 - ### Score distribution ###
INFO - 06/04/26 16:06:20 - 0:00:10 - Valid examples: 498
INFO - 06/04/26 16:06:20 - 0:00:10 - Mean score: 7.0
INFO - 06/04/26 16:06:20 - 0:00:10 - Median score: 7.0
INFO - 06/04/26 16:06:20 - 0:00:10 - Stdev score: 0.0
INFO - 06/04/26 16:06:20 - 0:00:10 - Max score: 7.0
INFO - 06/04/26 16:06:20 - 0:00:10 - Top 1 percentile score: 7.0
INFO - 06/04/26 16:06:20 - 0:00:10 - Distribution of scores:
INFO - 06/04/26 16:06:20 - 0:00:10 - Score 7.0: Count: 498
INFO - 06/04/26 16:06:20 - 0:00:10 - --------------------------------
INFO - 06/04/26 16:06:20 - 0:00:10 - New train and test generated. Size are train: 448, test 50
INFO - 06/04/26 16:06:20 - 0:00:10 - Unique data computed for original train set: 0, generated train set: 448
INFO - 06/04/26 16:06:20 - 0:00:10 - Final train and test generated. Size are train: 448, test 50
INFO - 06/04/26 16:06:20 - 0:00:10 - ### Score distribution ###
INFO - 06/04/26 16:06:20 - 0:00:10 - Valid examples: 448
INFO - 06/04/26 16:06:20 - 0:00:10 - Mean score: 7.0
INFO - 06/04/26 16:06:20 - 0:00:10 - Median score: 7.0
INFO - 06/04/26 16:06:20 - 0:00:10 - Stdev score: 0.0
INFO - 06/04/26 16:06:20 - 0:00:10 - Max score: 7.0
INFO - 06/04/26 16:06:20 - 0:00:10 - Top 1 percentile score: 7.0
INFO - 06/04/26 16:06:20 - 0:00:10 - Distribution of scores:
INFO - 06/04/26 16:06:20 - 0:00:10 - Score 7.0: Count: 448
INFO - 06/04/26 16:06:20 - 0:00:10 - --------------------------------
INFO - 06/04/26 16:06:20 - 0:00:10 - ==== Starting Epoch 0 =====
INFO - 06/04/26 16:06:20 - 0:00:10 - [Epoch 0 START] CPU: 0.0% | RAM: 271.2MB
INFO - 06/04/26 16:06:20 - 0:00:10 - Encoded train: 448 examples in 0.01s (0 cache hits, 448 misses)
INFO - 06/04/26 16:06:20 - 0:00:10 - Encoded test: 50 examples in 0.00s (0 cache hits, 50 misses)
INFO - 06/04/26 16:06:20 - 0:00:11 - Memory allocated: 5.18MB, reserved: 8.42MB
INFO - 06/04/26 16:06:25 - 0:00:15 - step 100 | loss 0.7963 | steps time 4785.28ms
INFO - 06/04/26 16:06:26 - 0:00:16 - step 100 train loss: 1.043749223947525 test loss: 0.8212946653366089
INFO - 06/04/26 16:06:29 - 0:00:20 - step 200 | loss 0.7778 | steps time 3441.56ms
INFO - 06/04/26 16:06:29 - 0:00:20 - step 200 train loss: 0.7553719633817673 test loss: 0.7562726140022278
INFO - 06/04/26 16:06:33 - 0:00:23 - step 300 | loss 0.7202 | steps time 3493.24ms
INFO - 06/04/26 16:06:33 - 0:00:23 - step 300 train loss: 0.7133312284946441 test loss: 0.7747827172279358
INFO - 06/04/26 16:06:36 - 0:00:27 - step 400 | loss 0.6964 | steps time 3354.28ms
INFO - 06/04/26 16:06:36 - 0:00:27 - step 400 train loss: 0.6948018699884415 test loss: 0.7441285252571106
INFO - 06/04/26 16:06:40 - 0:00:30 - step 500 | loss 0.7014 | steps time 3297.95ms
INFO - 06/04/26 16:06:40 - 0:00:30 - step 500 train loss: 0.668938649892807 test loss: 0.7911392450332642
INFO - 06/04/26 16:06:40 - 0:00:30 - [Epoch 0 AFTER_TRAIN] CPU: 0.0% | RAM: 712.8MB
INFO - 06/04/26 16:06:40 - 0:00:30 - Sample with temperature 1.0 to 1.4
INFO - 06/04/26 16:06:40 - 0:00:30 - 0 / 960 samples generated, 0 scored
INFO - 06/04/26 16:06:52 - 0:00:42 - 640 / 960 samples generated, 3 scored
INFO - 06/04/26 16:06:55 - 0:00:45 - ### Score distribution ###
INFO - 06/04/26 16:06:55 - 0:00:45 - Invalid examples: before local search: 37, after: 37
INFO - 06/04/26 16:06:55 - 0:00:45 - Valid examples: 3
INFO - 06/04/26 16:06:55 - 0:00:45 - Mean score: 7.0
INFO - 06/04/26 16:06:55 - 0:00:45 - Median score: 7.0
INFO - 06/04/26 16:06:55 - 0:00:45 - Stdev score: 0.0
INFO - 06/04/26 16:06:55 - 0:00:45 - Max score: 7.0
INFO - 06/04/26 16:06:55 - 0:00:45 - Top 1 percentile score: 7.0
INFO - 06/04/26 16:06:55 - 0:00:45 - Distribution of scores:
INFO - 06/04/26 16:06:55 - 0:00:45 - Score 7.0: Count: 3
INFO - 06/04/26 16:06:55 - 0:00:45 - --------------------------------
INFO - 06/04/26 16:06:55 - 0:00:45 - [Epoch 0 AFTER_SAMPLE] CPU: 0.0% | RAM: 1132.5MB
INFO - 06/04/26 16:06:55 - 0:00:45 - Unique processing: 3 examples left, 0 duplicates
INFO - 06/04/26 16:06:55 - 0:00:45 - ### Score distribution ###
INFO - 06/04/26 16:06:55 - 0:00:45 - Valid examples: 3
INFO - 06/04/26 16:06:55 - 0:00:45 - Mean score: 7.0
INFO - 06/04/26 16:06:55 - 0:00:45 - Median score: 7.0
INFO - 06/04/26 16:06:55 - 0:00:45 - Stdev score: 0.0
INFO - 06/04/26 16:06:55 - 0:00:45 - Max score: 7.0
INFO - 06/04/26 16:06:55 - 0:00:45 - Top 1 percentile score: 7.0
INFO - 06/04/26 16:06:55 - 0:00:45 - Distribution of scores:
INFO - 06/04/26 16:06:55 - 0:00:45 - Score 7.0: Count: 3
INFO - 06/04/26 16:06:55 - 0:00:45 - --------------------------------
INFO - 06/04/26 16:06:55 - 0:00:45 - New train and test generated. Size are train: 3, test 50
INFO - 06/04/26 16:06:55 - 0:00:45 - Unique data computed for original train set: 448, generated train set: 1
INFO - 06/04/26 16:06:55 - 0:00:45 - Final train and test generated. Size are train: 449, test 50
INFO - 06/04/26 16:06:55 - 0:00:45 - [Epoch 0 AFTER_UPDATE_DATASETS] CPU: 0.0% | RAM: 1133.2MB
INFO - 06/04/26 16:06:55 - 0:00:46 - ### Score distribution ###
INFO - 06/04/26 16:06:55 - 0:00:46 - Valid examples: 449
INFO - 06/04/26 16:06:55 - 0:00:46 - Mean score: 7.0
INFO - 06/04/26 16:06:55 - 0:00:46 - Median score: 7.0
INFO - 06/04/26 16:06:55 - 0:00:46 - Stdev score: 0.0
INFO - 06/04/26 16:06:55 - 0:00:46 - Max score: 7.0
INFO - 06/04/26 16:06:55 - 0:00:46 - Top 1 percentile score: 7.0
INFO - 06/04/26 16:06:55 - 0:00:46 - Distribution of scores:
INFO - 06/04/26 16:06:55 - 0:00:46 - Score 7.0: Count: 449
INFO - 06/04/26 16:06:55 - 0:00:46 - --------------------------------
INFO - 06/04/26 16:06:55 - 0:00:46 - ==== Starting Epoch 1 =====
INFO - 06/04/26 16:06:55 - 0:00:46 - [Epoch 1 START] CPU: 0.0% | RAM: 1134.0MB
INFO - 06/04/26 16:06:55 - 0:00:46 - Encoded train: 449 examples in 0.00s (449 cache hits, 0 misses)
INFO - 06/04/26 16:06:55 - 0:00:46 - Encoded test: 50 examples in 0.00s (50 cache hits, 0 misses)
INFO - 06/04/26 16:06:55 - 0:00:46 - Memory allocated: 28.84MB, reserved: 61.64MB
INFO - 06/04/26 16:06:58 - 0:00:49 - step 100 | loss 0.6108 | steps time 3285.04ms
INFO - 06/04/26 16:06:59 - 0:00:49 - step 100 train loss: 0.6625563681125641 test loss: 0.7394072413444519
INFO - 06/04/26 16:07:02 - 0:00:52 - step 200 | loss 0.6881 | steps time 3262.76ms
INFO - 06/04/26 16:07:02 - 0:00:52 - step 200 train loss: 0.6533763921260833 test loss: 0.7814818620681763
INFO - 06/04/26 16:07:05 - 0:00:56 - step 300 | loss 0.7038 | steps time 3269.54ms
INFO - 06/04/26 16:07:05 - 0:00:56 - step 300 train loss: 0.6419180399179458 test loss: 0.7512493133544922
INFO - 06/04/26 16:07:09 - 0:00:59 - step 400 | loss 0.5743 | steps time 3275.16ms
INFO - 06/04/26 16:07:09 - 0:00:59 - step 400 train loss: 0.6346739906072617 test loss: 0.736334502696991
INFO - 06/04/26 16:07:12 - 0:01:03 - step 500 | loss 0.5792 | steps time 3267.43ms
INFO - 06/04/26 16:07:12 - 0:01:03 - step 500 train loss: 0.6172536814212799 test loss: 0.7256740927696228
INFO - 06/04/26 16:07:12 - 0:01:03 - [Epoch 1 AFTER_TRAIN] CPU: 0.0% | RAM: 1167.3MB
INFO - 06/04/26 16:07:12 - 0:01:03 - Sample with temperature 1.03 to 1.4300000000000002
INFO - 06/04/26 16:07:12 - 0:01:03 - 0 / 960 samples generated, 0 scored
INFO - 06/04/26 16:07:18 - 0:01:09 - 640 / 960 samples generated, 13 scored
INFO - 06/04/26 16:07:21 - 0:01:11 - ### Score distribution ###
INFO - 06/04/26 16:07:21 - 0:01:11 - Invalid examples: before local search: 71, after: 68
INFO - 06/04/26 16:07:21 - 0:01:11 - Valid examples: 13
INFO - 06/04/26 16:07:21 - 0:01:11 - Mean score: 6.997712490776039
INFO - 06/04/26 16:07:21 - 0:01:11 - Median score: 7.0
INFO - 06/04/26 16:07:21 - 0:01:11 - Stdev score: 0.008227534618971051
INFO - 06/04/26 16:07:21 - 0:01:11 - Max score: 7.0
INFO - 06/04/26 16:07:21 - 0:01:11 - Top 1 percentile score: 7.0
INFO - 06/04/26 16:07:21 - 0:01:11 - Distribution of scores:
INFO - 06/04/26 16:07:21 - 0:01:11 - Score 6.97032967032967: Count: 1
INFO - 06/04/26 16:07:21 - 0:01:11 - Score 6.999932709758836: Count: 1
INFO - 06/04/26 16:07:21 - 0:01:11 - Score 7.0: Count: 11
INFO - 06/04/26 16:07:21 - 0:01:11 - --------------------------------
INFO - 06/04/26 16:07:21 - 0:01:11 - [Epoch 1 AFTER_SAMPLE] CPU: 0.0% | RAM: 1168.0MB
INFO - 06/04/26 16:07:21 - 0:01:11 - Unique processing: 13 examples left, 0 duplicates
INFO - 06/04/26 16:07:21 - 0:01:11 - ### Score distribution ###
INFO - 06/04/26 16:07:21 - 0:01:11 - Valid examples: 13
INFO - 06/04/26 16:07:21 - 0:01:11 - Mean score: 6.997712490776039
INFO - 06/04/26 16:07:21 - 0:01:11 - Median score: 7.0
INFO - 06/04/26 16:07:21 - 0:01:11 - Stdev score: 0.008227534618971051
INFO - 06/04/26 16:07:21 - 0:01:11 - Max score: 7.0
INFO - 06/04/26 16:07:21 - 0:01:11 - Top 1 percentile score: 7.0
INFO - 06/04/26 16:07:21 - 0:01:11 - Distribution of scores:
INFO - 06/04/26 16:07:21 - 0:01:11 - Score 6.97032967032967: Count: 1
INFO - 06/04/26 16:07:21 - 0:01:11 - Score 6.999932709758836: Count: 1
INFO - 06/04/26 16:07:21 - 0:01:11 - Score 7.0: Count: 11
INFO - 06/04/26 16:07:21 - 0:01:11 - --------------------------------
INFO - 06/04/26 16:07:21 - 0:01:11 - New train and test generated. Size are train: 13, test 50
INFO - 06/04/26 16:07:21 - 0:01:11 - Unique data computed for original train set: 449, generated train set: 3
INFO - 06/04/26 16:07:21 - 0:01:11 - Final train and test generated. Size are train: 452, test 50
INFO - 06/04/26 16:07:21 - 0:01:12 - [Epoch 1 AFTER_UPDATE_DATASETS] CPU: 0.0% | RAM: 1168.0MB
INFO - 06/04/26 16:07:21 - 0:01:12 - ### Score distribution ###
INFO - 06/04/26 16:07:21 - 0:01:12 - Valid examples: 452
INFO - 06/04/26 16:07:21 - 0:01:12 - Mean score: 6.999934208805506
INFO - 06/04/26 16:07:21 - 0:01:12 - Median score: 7.0
INFO - 06/04/26 16:07:21 - 0:01:12 - Stdev score: 0.0013955714858199465
INFO - 06/04/26 16:07:21 - 0:01:12 - Max score: 7.0
INFO - 06/04/26 16:07:21 - 0:01:12 - Top 1 percentile score: 7.0
INFO - 06/04/26 16:07:21 - 0:01:12 - Distribution of scores:
INFO - 06/04/26 16:07:21 - 0:01:12 - Score 6.97032967032967: Count: 1
INFO - 06/04/26 16:07:21 - 0:01:12 - Score 6.999932709758836: Count: 1
INFO - 06/04/26 16:07:21 - 0:01:12 - Score 7.0: Count: 450
INFO - 06/04/26 16:07:21 - 0:01:12 - --------------------------------
INFO - 06/04/26 16:07:21 - 0:01:12 - ==== Starting Epoch 2 =====
INFO - 06/04/26 16:07:21 - 0:01:12 - [Epoch 2 START] CPU: 0.0% | RAM: 1168.0MB
INFO - 06/04/26 16:07:21 - 0:01:12 - Encoded train: 452 examples in 0.00s (451 cache hits, 1 misses)
INFO - 06/04/26 16:07:21 - 0:01:12 - Encoded test: 50 examples in 0.00s (50 cache hits, 0 misses)
INFO - 06/04/26 16:07:21 - 0:01:12 - Memory allocated: 28.83MB, reserved: 53.67MB
INFO - 06/04/26 16:07:25 - 0:01:15 - step 100 | loss 0.5910 | steps time 3500.88ms
INFO - 06/04/26 16:07:25 - 0:01:15 - step 100 train loss: 0.6169097462296486 test loss: 0.7408484220504761
INFO - 06/04/26 16:07:28 - 0:01:19 - step 200 | loss 0.6454 | steps time 3320.43ms
INFO - 06/04/26 16:07:28 - 0:01:19 - step 200 train loss: 0.6085040006041527 test loss: 0.7320801615715027
INFO - 06/04/26 16:07:32 - 0:01:22 - step 300 | loss 0.5396 | steps time 3338.41ms
INFO - 06/04/26 16:07:32 - 0:01:22 - step 300 train loss: 0.5926752242445946 test loss: 0.7751418352127075
INFO - 06/04/26 16:07:35 - 0:01:26 - step 400 | loss 0.6150 | steps time 3287.69ms
INFO - 06/04/26 16:07:35 - 0:01:26 - step 400 train loss: 0.5921441483497619 test loss: 0.7758191823959351
INFO - 06/04/26 16:07:38 - 0:01:29 - step 500 | loss 0.5971 | steps time 3310.24ms
INFO - 06/04/26 16:07:38 - 0:01:29 - step 500 train loss: 0.5763752150535584 test loss: 0.779731273651123
INFO - 06/04/26 16:07:39 - 0:01:29 - [Epoch 2 AFTER_TRAIN] CPU: 0.0% | RAM: 1233.3MB
INFO - 06/04/26 16:07:39 - 0:01:29 - Sample with temperature 1.03 to 1.4300000000000002
INFO - 06/04/26 16:07:39 - 0:01:29 - 0 / 960 samples generated, 0 scored
INFO - 06/04/26 16:07:45 - 0:01:35 - 640 / 960 samples generated, 26 scored
INFO - 06/04/26 16:07:47 - 0:01:38 - ### Score distribution ###
INFO - 06/04/26 16:07:47 - 0:01:38 - Invalid examples: before local search: 79, after: 78
INFO - 06/04/26 16:07:47 - 0:01:38 - Valid examples: 36
INFO - 06/04/26 16:07:47 - 0:01:38 - Mean score: 7.0
INFO - 06/04/26 16:07:47 - 0:01:38 - Median score: 7.0
INFO - 06/04/26 16:07:47 - 0:01:38 - Stdev score: 0.0
INFO - 06/04/26 16:07:47 - 0:01:38 - Max score: 7.0
INFO - 06/04/26 16:07:47 - 0:01:38 - Top 1 percentile score: 7.0
INFO - 06/04/26 16:07:47 - 0:01:38 - Distribution of scores:
INFO - 06/04/26 16:07:47 - 0:01:38 - Score 7.0: Count: 36
INFO - 06/04/26 16:07:47 - 0:01:38 - --------------------------------
INFO - 06/04/26 16:07:48 - 0:01:38 - [Epoch 2 AFTER_SAMPLE] CPU: 0.0% | RAM: 1233.7MB
INFO - 06/04/26 16:07:48 - 0:01:38 - Unique processing: 25 examples left, 11 duplicates
INFO - 06/04/26 16:07:48 - 0:01:38 - ### Score distribution ###
INFO - 06/04/26 16:07:48 - 0:01:38 - Valid examples: 25
INFO - 06/04/26 16:07:48 - 0:01:38 - Mean score: 7.0
INFO - 06/04/26 16:07:48 - 0:01:38 - Median score: 7.0
INFO - 06/04/26 16:07:48 - 0:01:38 - Stdev score: 0.0
INFO - 06/04/26 16:07:48 - 0:01:38 - Max score: 7.0
INFO - 06/04/26 16:07:48 - 0:01:38 - Top 1 percentile score: 7.0
INFO - 06/04/26 16:07:48 - 0:01:38 - Distribution of scores:
INFO - 06/04/26 16:07:48 - 0:01:38 - Score 7.0: Count: 25
INFO - 06/04/26 16:07:48 - 0:01:38 - --------------------------------
INFO - 06/04/26 16:07:48 - 0:01:38 - New train and test generated. Size are train: 25, test 50
INFO - 06/04/26 16:07:48 - 0:01:38 - Unique data computed for original train set: 452, generated train set: 0
INFO - 06/04/26 16:07:48 - 0:01:38 - Final train and test generated. Size are train: 452, test 50
INFO - 06/04/26 16:07:48 - 0:01:38 - [Epoch 2 AFTER_UPDATE_DATASETS] CPU: 0.0% | RAM: 1234.2MB
INFO - 06/04/26 16:07:48 - 0:01:38 - ### Score distribution ###
INFO - 06/04/26 16:07:48 - 0:01:38 - Valid examples: 452
INFO - 06/04/26 16:07:48 - 0:01:38 - Mean score: 6.999934208805506
INFO - 06/04/26 16:07:48 - 0:01:38 - Median score: 7.0
INFO - 06/04/26 16:07:48 - 0:01:38 - Stdev score: 0.0013955714858199465
INFO - 06/04/26 16:07:48 - 0:01:38 - Max score: 7.0
INFO - 06/04/26 16:07:48 - 0:01:38 - Top 1 percentile score: 7.0
INFO - 06/04/26 16:07:48 - 0:01:38 - Distribution of scores:
INFO - 06/04/26 16:07:48 - 0:01:38 - Score 6.97032967032967: Count: 1
INFO - 06/04/26 16:07:48 - 0:01:38 - Score 6.999932709758836: Count: 1
INFO - 06/04/26 16:07:48 - 0:01:38 - Score 7.0: Count: 450
INFO - 06/04/26 16:07:48 - 0:01:38 - --------------------------------
INFO - 06/04/26 16:07:48 - 0:01:38 - ==== Starting Epoch 3 =====
INFO - 06/04/26 16:07:48 - 0:01:39 - [Epoch 3 START] CPU: 0.0% | RAM: 1234.2MB
INFO - 06/04/26 16:07:48 - 0:01:39 - Encoded train: 452 examples in 0.00s (452 cache hits, 0 misses)
INFO - 06/04/26 16:07:48 - 0:01:39 - Encoded test: 50 examples in 0.00s (50 cache hits, 0 misses)
INFO - 06/04/26 16:07:48 - 0:01:39 - Memory allocated: 28.79MB, reserved: 61.94MB
INFO - 06/04/26 16:07:51 - 0:01:42 - step 100 | loss 0.6085 | steps time 3299.63ms
INFO - 06/04/26 16:07:51 - 0:01:42 - step 100 train loss: 0.5616610744595527 test loss: 0.7927728295326233
INFO - 06/04/26 16:07:55 - 0:01:45 - step 200 | loss 0.5624 | steps time 3295.08ms
INFO - 06/04/26 16:07:55 - 0:01:45 - step 200 train loss: 0.5535563579201699 test loss: 0.8226038813591003
INFO - 06/04/26 16:07:58 - 0:01:49 - step 300 | loss 0.6640 | steps time 3336.59ms
INFO - 06/04/26 16:07:58 - 0:01:49 - step 300 train loss: 0.5503050658106804 test loss: 0.7920600771903992
INFO - 06/04/26 16:08:01 - 0:01:52 - step 400 | loss 0.5320 | steps time 3304.52ms
INFO - 06/04/26 16:08:01 - 0:01:52 - step 400 train loss: 0.5353405931591988 test loss: 0.7921260595321655
INFO - 06/04/26 16:08:05 - 0:01:55 - step 500 | loss 0.5512 | steps time 3296.77ms
INFO - 06/04/26 16:08:05 - 0:01:55 - step 500 train loss: 0.513802889585495 test loss: 0.8322410583496094
INFO - 06/04/26 16:08:05 - 0:01:56 - [Epoch 3 AFTER_TRAIN] CPU: 0.0% | RAM: 1235.9MB
INFO - 06/04/26 16:08:05 - 0:01:56 - Sample with temperature 1.06 to 1.46
INFO - 06/04/26 16:08:05 - 0:01:56 - 0 / 960 samples generated, 0 scored
INFO - 06/04/26 16:08:11 - 0:02:01 - 640 / 960 samples generated, 12 scored
INFO - 06/04/26 16:08:14 - 0:02:04 - ### Score distribution ###
INFO - 06/04/26 16:08:14 - 0:02:04 - Invalid examples: before local search: 75, after: 72
INFO - 06/04/26 16:08:14 - 0:02:04 - Valid examples: 19
INFO - 06/04/26 16:08:14 - 0:02:04 - Mean score: 7.0
INFO - 06/04/26 16:08:14 - 0:02:04 - Median score: 7.0
INFO - 06/04/26 16:08:14 - 0:02:04 - Stdev score: 0.0
INFO - 06/04/26 16:08:14 - 0:02:04 - Max score: 7.0
INFO - 06/04/26 16:08:14 - 0:02:04 - Top 1 percentile score: 7.0
INFO - 06/04/26 16:08:14 - 0:02:04 - Distribution of scores:
INFO - 06/04/26 16:08:14 - 0:02:04 - Score 7.0: Count: 19
INFO - 06/04/26 16:08:14 - 0:02:04 - --------------------------------
INFO - 06/04/26 16:08:14 - 0:02:04 - [Epoch 3 AFTER_SAMPLE] CPU: 0.0% | RAM: 1236.5MB
INFO - 06/04/26 16:08:14 - 0:02:04 - Unique processing: 15 examples left, 4 duplicates
INFO - 06/04/26 16:08:14 - 0:02:04 - ### Score distribution ###
INFO - 06/04/26 16:08:14 - 0:02:04 - Valid examples: 15
INFO - 06/04/26 16:08:14 - 0:02:04 - Mean score: 7.0
INFO - 06/04/26 16:08:14 - 0:02:04 - Median score: 7.0
INFO - 06/04/26 16:08:14 - 0:02:04 - Stdev score: 0.0
INFO - 06/04/26 16:08:14 - 0:02:04 - Max score: 7.0
INFO - 06/04/26 16:08:14 - 0:02:04 - Top 1 percentile score: 7.0
INFO - 06/04/26 16:08:14 - 0:02:04 - Distribution of scores:
INFO - 06/04/26 16:08:14 - 0:02:04 - Score 7.0: Count: 15
INFO - 06/04/26 16:08:14 - 0:02:04 - --------------------------------
INFO - 06/04/26 16:08:14 - 0:02:04 - New train and test generated. Size are train: 15, test 50
INFO - 06/04/26 16:08:14 - 0:02:04 - Unique data computed for original train set: 452, generated train set: 1
INFO - 06/04/26 16:08:14 - 0:02:04 - Final train and test generated. Size are train: 453, test 50
INFO - 06/04/26 16:08:14 - 0:02:04 - [Epoch 3 AFTER_UPDATE_DATASETS] CPU: 0.0% | RAM: 1236.5MB
INFO - 06/04/26 16:08:14 - 0:02:05 - ### Score distribution ###
INFO - 06/04/26 16:08:14 - 0:02:05 - Valid examples: 453
INFO - 06/04/26 16:08:14 - 0:02:05 - Mean score: 6.99993435403993
INFO - 06/04/26 16:08:14 - 0:02:05 - Median score: 7.0
INFO - 06/04/26 16:08:14 - 0:02:05 - Stdev score: 0.0013940302844196147
INFO - 06/04/26 16:08:14 - 0:02:05 - Max score: 7.0
INFO - 06/04/26 16:08:14 - 0:02:05 - Top 1 percentile score: 7.0
INFO - 06/04/26 16:08:14 - 0:02:05 - Distribution of scores:
INFO - 06/04/26 16:08:14 - 0:02:05 - Score 6.97032967032967: Count: 1
INFO - 06/04/26 16:08:14 - 0:02:05 - Score 6.999932709758836: Count: 1
INFO - 06/04/26 16:08:14 - 0:02:05 - Score 7.0: Count: 451
INFO - 06/04/26 16:08:14 - 0:02:05 - --------------------------------
INFO - 06/04/26 16:08:14 - 0:02:05 - ==== Starting Epoch 4 =====
INFO - 06/04/26 16:08:14 - 0:02:05 - [Epoch 4 START] CPU: 0.0% | RAM: 1236.5MB
INFO - 06/04/26 16:08:14 - 0:02:05 - Encoded train: 453 examples in 0.00s (452 cache hits, 1 misses)
INFO - 06/04/26 16:08:14 - 0:02:05 - Encoded test: 50 examples in 0.00s (50 cache hits, 0 misses)
INFO - 06/04/26 16:08:14 - 0:02:05 - Memory allocated: 28.79MB, reserved: 61.94MB
INFO - 06/04/26 16:08:17 - 0:02:08 - step 100 | loss 0.5449 | steps time 3285.54ms
INFO - 06/04/26 16:08:18 - 0:02:08 - step 100 train loss: 0.5122133871912956 test loss: 0.8501426577568054
INFO - 06/04/26 16:08:21 - 0:02:11 - step 200 | loss 0.5723 | steps time 3295.58ms
INFO - 06/04/26 16:08:21 - 0:02:12 - step 200 train loss: 0.5036602252721787 test loss: 0.8659391403198242
INFO - 06/04/26 16:08:24 - 0:02:15 - step 300 | loss 0.4767 | steps time 3333.31ms
INFO - 06/04/26 16:08:24 - 0:02:15 - step 300 train loss: 0.48457373917102814 test loss: 0.964820921421051
INFO - 06/04/26 16:08:28 - 0:02:18 - step 400 | loss 0.5322 | steps time 3291.44ms
INFO - 06/04/26 16:08:28 - 0:02:18 - step 400 train loss: 0.4734227374196053 test loss: 0.973372757434845
INFO - 06/04/26 16:08:31 - 0:02:22 - step 500 | loss 0.4424 | steps time 3288.09ms
INFO - 06/04/26 16:08:31 - 0:02:22 - step 500 train loss: 0.46883307248353956 test loss: 0.9613693952560425
INFO - 06/04/26 16:08:31 - 0:02:22 - [Epoch 4 AFTER_TRAIN] CPU: 0.0% | RAM: 1245.4MB
INFO - 06/04/26 16:08:31 - 0:02:22 - Sample with temperature 1.09 to 1.4900000000000002
INFO - 06/04/26 16:08:31 - 0:02:22 - 0 / 960 samples generated, 0 scored
INFO - 06/04/26 16:08:37 - 0:02:28 - 640 / 960 samples generated, 22 scored
INFO - 06/04/26 16:08:41 - 0:02:31 - ### Score distribution ###
INFO - 06/04/26 16:08:41 - 0:02:31 - Invalid examples: before local search: 121, after: 118
INFO - 06/04/26 16:08:41 - 0:02:31 - Valid examples: 43
INFO - 06/04/26 16:08:41 - 0:02:31 - Mean score: 6.999309992333248
INFO - 06/04/26 16:08:41 - 0:02:31 - Median score: 7.0
INFO - 06/04/26 16:08:41 - 0:02:31 - Stdev score: 0.00452468285602232
INFO - 06/04/26 16:08:41 - 0:02:31 - Max score: 7.0
INFO - 06/04/26 16:08:41 - 0:02:31 - Top 1 percentile score: 7.0
INFO - 06/04/26 16:08:41 - 0:02:31 - Distribution of scores:
INFO - 06/04/26 16:08:41 - 0:02:31 - Score 6.97032967032967: Count: 1
INFO - 06/04/26 16:08:41 - 0:02:31 - Score 7.0: Count: 42
INFO - 06/04/26 16:08:41 - 0:02:31 - --------------------------------
INFO - 06/04/26 16:08:41 - 0:02:32 - [Epoch 4 AFTER_SAMPLE] CPU: 0.0% | RAM: 1246.0MB
INFO - 06/04/26 16:08:41 - 0:02:32 - Unique processing: 32 examples left, 11 duplicates
INFO - 06/04/26 16:08:41 - 0:02:32 - ### Score distribution ###
INFO - 06/04/26 16:08:41 - 0:02:32 - Valid examples: 32
INFO - 06/04/26 16:08:41 - 0:02:32 - Mean score: 6.999072802197802
INFO - 06/04/26 16:08:41 - 0:02:32 - Median score: 7.0
INFO - 06/04/26 16:08:41 - 0:02:32 - Stdev score: 0.005245022827482614
INFO - 06/04/26 16:08:41 - 0:02:32 - Max score: 7.0
INFO - 06/04/26 16:08:41 - 0:02:32 - Top 1 percentile score: 7.0
INFO - 06/04/26 16:08:41 - 0:02:32 - Distribution of scores:
INFO - 06/04/26 16:08:41 - 0:02:32 - Score 6.97032967032967: Count: 1
INFO - 06/04/26 16:08:41 - 0:02:32 - Score 7.0: Count: 31
INFO - 06/04/26 16:08:41 - 0:02:32 - --------------------------------
INFO - 06/04/26 16:08:41 - 0:02:32 - New train and test generated. Size are train: 32, test 50
INFO - 06/04/26 16:08:41 - 0:02:32 - Unique data computed for original train set: 453, generated train set: 3
INFO - 06/04/26 16:08:41 - 0:02:32 - Final train and test generated. Size are train: 456, test 50
INFO - 06/04/26 16:08:41 - 0:02:32 - [Epoch 4 AFTER_UPDATE_DATASETS] CPU: 0.0% | RAM: 1246.0MB
INFO - 06/04/26 16:08:41 - 0:02:32 - ### Score distribution ###
INFO - 06/04/26 16:08:41 - 0:02:32 - Valid examples: 456
INFO - 06/04/26 16:08:41 - 0:02:32 - Mean score: 6.999869719408812
INFO - 06/04/26 16:08:41 - 0:02:32 - Median score: 7.0
INFO - 06/04/26 16:08:41 - 0:02:32 - Stdev score: 0.0019627978184751037
INFO - 06/04/26 16:08:41 - 0:02:32 - Max score: 7.0
INFO - 06/04/26 16:08:41 - 0:02:32 - Top 1 percentile score: 7.0
INFO - 06/04/26 16:08:41 - 0:02:32 - Distribution of scores:
INFO - 06/04/26 16:08:41 - 0:02:32 - Score 6.97032967032967: Count: 2
INFO - 06/04/26 16:08:41 - 0:02:32 - Score 6.999932709758836: Count: 1
INFO - 06/04/26 16:08:41 - 0:02:32 - Score 7.0: Count: 453
INFO - 06/04/26 16:08:41 - 0:02:32 - --------------------------------
INFO - 06/04/26 16:08:41 - 0:02:32 - ==== Starting Epoch 5 =====
INFO - 06/04/26 16:08:41 - 0:02:32 - [Epoch 5 START] CPU: 0.0% | RAM: 1246.0MB
INFO - 06/04/26 16:08:41 - 0:02:32 - Encoded train: 456 examples in 0.00s (455 cache hits, 1 misses)
INFO - 06/04/26 16:08:41 - 0:02:32 - Encoded test: 50 examples in 0.00s (50 cache hits, 0 misses)
INFO - 06/04/26 16:08:41 - 0:02:32 - Memory allocated: 28.73MB, reserved: 61.95MB
INFO - 06/04/26 16:08:45 - 0:02:35 - step 100 | loss 0.3611 | steps time 3310.66ms
INFO - 06/04/26 16:08:45 - 0:02:35 - step 100 train loss: 0.44649608761072157 test loss: 1.0540846586227417
INFO - 06/04/26 16:08:48 - 0:02:39 - step 200 | loss 0.3811 | steps time 3294.50ms
INFO - 06/04/26 16:08:48 - 0:02:39 - step 200 train loss: 0.4290359842777252 test loss: 1.0770149230957031
INFO - 06/04/26 16:08:51 - 0:02:42 - step 300 | loss 0.4064 | steps time 3311.07ms
INFO - 06/04/26 16:08:51 - 0:02:42 - step 300 train loss: 0.41252187252044675 test loss: 1.060818076133728
INFO - 06/04/26 16:08:55 - 0:02:45 - step 400 | loss 0.4121 | steps time 3329.45ms
INFO - 06/04/26 16:08:55 - 0:02:45 - step 400 train loss: 0.4041969534754753 test loss: 1.1246310472488403
INFO - 06/04/26 16:08:58 - 0:02:49 - step 500 | loss 0.3835 | steps time 3324.65ms
INFO - 06/04/26 16:08:58 - 0:02:49 - step 500 train loss: 0.3920136308670044 test loss: 1.1057512760162354
INFO - 06/04/26 16:08:58 - 0:02:49 - [Epoch 5 AFTER_TRAIN] CPU: 0.0% | RAM: 1247.0MB
INFO - 06/04/26 16:08:58 - 0:02:49 - Sample with temperature 1.12 to 1.52
INFO - 06/04/26 16:08:58 - 0:02:49 - 0 / 960 samples generated, 0 scored
INFO - 06/04/26 16:09:05 - 0:02:55 - 640 / 960 samples generated, 43 scored
INFO - 06/04/26 16:09:08 - 0:02:59 - ### Score distribution ###
INFO - 06/04/26 16:09:08 - 0:02:59 - Invalid examples: before local search: 87, after: 85
INFO - 06/04/26 16:09:08 - 0:02:59 - Valid examples: 60
INFO - 06/04/26 16:09:08 - 0:02:59 - Mean score: 7.0
INFO - 06/04/26 16:09:08 - 0:02:59 - Median score: 7.0
INFO - 06/04/26 16:09:08 - 0:02:59 - Stdev score: 0.0
INFO - 06/04/26 16:09:08 - 0:02:59 - Max score: 7.0
INFO - 06/04/26 16:09:08 - 0:02:59 - Top 1 percentile score: 7.0
INFO - 06/04/26 16:09:08 - 0:02:59 - Distribution of scores:
INFO - 06/04/26 16:09:08 - 0:02:59 - Score 7.0: Count: 60
INFO - 06/04/26 16:09:08 - 0:02:59 - --------------------------------
INFO - 06/04/26 16:09:08 - 0:02:59 - [Epoch 5 AFTER_SAMPLE] CPU: 0.0% | RAM: 1247.7MB
INFO - 06/04/26 16:09:08 - 0:02:59 - Unique processing: 46 examples left, 14 duplicates
INFO - 06/04/26 16:09:08 - 0:02:59 - ### Score distribution ###
INFO - 06/04/26 16:09:08 - 0:02:59 - Valid examples: 46
INFO - 06/04/26 16:09:08 - 0:02:59 - Mean score: 7.0
INFO - 06/04/26 16:09:08 - 0:02:59 - Median score: 7.0
INFO - 06/04/26 16:09:08 - 0:02:59 - Stdev score: 0.0
INFO - 06/04/26 16:09:08 - 0:02:59 - Max score: 7.0
INFO - 06/04/26 16:09:08 - 0:02:59 - Top 1 percentile score: 7.0
INFO - 06/04/26 16:09:08 - 0:02:59 - Distribution of scores:
INFO - 06/04/26 16:09:08 - 0:02:59 - Score 7.0: Count: 46
INFO - 06/04/26 16:09:08 - 0:02:59 - --------------------------------
INFO - 06/04/26 16:09:08 - 0:02:59 - New train and test generated. Size are train: 46, test 50
INFO - 06/04/26 16:09:08 - 0:02:59 - Unique data computed for original train set: 456, generated train set: 5
INFO - 06/04/26 16:09:08 - 0:02:59 - Final train and test generated. Size are train: 461, test 50
INFO - 06/04/26 16:09:08 - 0:02:59 - [Epoch 5 AFTER_UPDATE_DATASETS] CPU: 0.0% | RAM: 1247.7MB
INFO - 06/04/26 16:09:09 - 0:02:59 - ### Score distribution ###
INFO - 06/04/26 16:09:09 - 0:02:59 - Valid examples: 461
INFO - 06/04/26 16:09:09 - 0:02:59 - Mean score: 6.999871132430409
INFO - 06/04/26 16:09:09 - 0:02:59 - Median score: 7.0
INFO - 06/04/26 16:09:09 - 0:02:59 - Stdev score: 0.0019521480339624502
INFO - 06/04/26 16:09:09 - 0:02:59 - Max score: 7.0
INFO - 06/04/26 16:09:09 - 0:02:59 - Top 1 percentile score: 7.0
INFO - 06/04/26 16:09:09 - 0:02:59 - Distribution of scores:
INFO - 06/04/26 16:09:09 - 0:02:59 - Score 6.97032967032967: Count: 2
INFO - 06/04/26 16:09:09 - 0:02:59 - Score 6.999932709758836: Count: 1
INFO - 06/04/26 16:09:09 - 0:02:59 - Score 7.0: Count: 458
INFO - 06/04/26 16:09:09 - 0:02:59 - --------------------------------
INFO - 06/04/26 16:09:09 - 0:02:59 - ==== Starting Epoch 6 =====
INFO - 06/04/26 16:09:09 - 0:02:59 - [Epoch 6 START] CPU: 0.0% | RAM: 1247.7MB
INFO - 06/04/26 16:09:09 - 0:02:59 - Encoded train: 461 examples in 0.00s (456 cache hits, 5 misses)
INFO - 06/04/26 16:09:09 - 0:02:59 - Encoded test: 50 examples in 0.00s (50 cache hits, 0 misses)
INFO - 06/04/26 16:09:09 - 0:02:59 - Memory allocated: 28.73MB, reserved: 61.95MB
INFO - 06/04/26 16:09:12 - 0:03:03 - step 100 | loss 0.4019 | steps time 3689.01ms
INFO - 06/04/26 16:09:12 - 0:03:03 - step 100 train loss: 0.392629103064537 test loss: 1.0613006353378296
INFO - 06/04/26 16:09:16 - 0:03:07 - step 200 | loss 0.3516 | steps time 3445.16ms
INFO - 06/04/26 16:09:16 - 0:03:07 - step 200 train loss: 0.3676073312759399 test loss: 1.180267333984375
INFO - 06/04/26 16:09:19 - 0:03:10 - step 300 | loss 0.3589 | steps time 3382.70ms
INFO - 06/04/26 16:09:19 - 0:03:10 - step 300 train loss: 0.3585895198583603 test loss: 1.140464186668396
INFO - 06/04/26 16:09:23 - 0:03:13 - step 400 | loss 0.3217 | steps time 3379.19ms
INFO - 06/04/26 16:09:23 - 0:03:14 - step 400 train loss: 0.3525310102105141 test loss: 1.2007161378860474
INFO - 06/04/26 16:09:26 - 0:03:17 - step 500 | loss 0.3781 | steps time 3407.23ms
INFO - 06/04/26 16:09:26 - 0:03:17 - step 500 train loss: 0.3441901156306267 test loss: 1.2441450357437134
INFO - 06/04/26 16:09:27 - 0:03:17 - [Epoch 6 AFTER_TRAIN] CPU: 0.0% | RAM: 1265.8MB
INFO - 06/04/26 16:09:27 - 0:03:17 - Sample with temperature 1.1500000000000001 to 1.5500000000000003
INFO - 06/04/26 16:09:27 - 0:03:17 - 0 / 960 samples generated, 0 scored
INFO - 06/04/26 16:09:34 - 0:03:25 - 640 / 960 samples generated, 91 scored
INFO - 06/04/26 16:09:38 - 0:03:29 - ### Score distribution ###
INFO - 06/04/26 16:09:38 - 0:03:29 - Invalid examples: before local search: 110, after: 101
INFO - 06/04/26 16:09:38 - 0:03:29 - Valid examples: 131
INFO - 06/04/26 16:09:38 - 0:03:29 - Mean score: 6.9997735089338144
INFO - 06/04/26 16:09:38 - 0:03:29 - Median score: 7.0
INFO - 06/04/26 16:09:38 - 0:03:29 - Stdev score: 0.00259230873954373
INFO - 06/04/26 16:09:38 - 0:03:29 - Max score: 7.0
INFO - 06/04/26 16:09:38 - 0:03:29 - Top 1 percentile score: 7.0
INFO - 06/04/26 16:09:38 - 0:03:29 - Distribution of scores:
INFO - 06/04/26 16:09:38 - 0:03:29 - Score 6.97032967032967: Count: 1
INFO - 06/04/26 16:09:38 - 0:03:29 - Score 7.0: Count: 130
INFO - 06/04/26 16:09:38 - 0:03:29 - --------------------------------
INFO - 06/04/26 16:09:38 - 0:03:29 - [Epoch 6 AFTER_SAMPLE] CPU: 0.0% | RAM: 1218.6MB
INFO - 06/04/26 16:09:38 - 0:03:29 - Unique processing: 85 examples left, 46 duplicates
INFO - 06/04/26 16:09:38 - 0:03:29 - ### Score distribution ###
INFO - 06/04/26 16:09:38 - 0:03:29 - Valid examples: 85
INFO - 06/04/26 16:09:38 - 0:03:29 - Mean score: 6.9996509372979965
INFO - 06/04/26 16:09:38 - 0:03:29 - Median score: 7.0
INFO - 06/04/26 16:09:38 - 0:03:29 - Stdev score: 0.003218199099507525
INFO - 06/04/26 16:09:38 - 0:03:29 - Max score: 7.0
INFO - 06/04/26 16:09:38 - 0:03:29 - Top 1 percentile score: 7.0
INFO - 06/04/26 16:09:38 - 0:03:29 - Distribution of scores:
INFO - 06/04/26 16:09:38 - 0:03:29 - Score 6.97032967032967: Count: 1
INFO - 06/04/26 16:09:38 - 0:03:29 - Score 7.0: Count: 84
INFO - 06/04/26 16:09:38 - 0:03:29 - --------------------------------
INFO - 06/04/26 16:09:38 - 0:03:29 - New train and test generated. Size are train: 85, test 50
INFO - 06/04/26 16:09:38 - 0:03:29 - Unique data computed for original train set: 461, generated train set: 5
INFO - 06/04/26 16:09:38 - 0:03:29 - Final train and test generated. Size are train: 466, test 50
INFO - 06/04/26 16:09:38 - 0:03:29 - [Epoch 6 AFTER_UPDATE_DATASETS] CPU: 0.0% | RAM: 1218.6MB
INFO - 06/04/26 16:09:38 - 0:03:29 - ### Score distribution ###
INFO - 06/04/26 16:09:38 - 0:03:29 - Valid examples: 466
INFO - 06/04/26 16:09:38 - 0:03:29 - Mean score: 6.999808844894309
INFO - 06/04/26 16:09:38 - 0:03:29 - Median score: 7.0
INFO - 06/04/26 16:09:38 - 0:03:29 - Stdev score: 0.002375485077041335
INFO - 06/04/26 16:09:38 - 0:03:29 - Max score: 7.0
INFO - 06/04/26 16:09:38 - 0:03:29 - Top 1 percentile score: 7.0
INFO - 06/04/26 16:09:38 - 0:03:29 - Distribution of scores:
INFO - 06/04/26 16:09:38 - 0:03:29 - Score 6.97032967032967: Count: 3
INFO - 06/04/26 16:09:38 - 0:03:29 - Score 6.999932709758836: Count: 1
INFO - 06/04/26 16:09:38 - 0:03:29 - Score 7.0: Count: 462
INFO - 06/04/26 16:09:38 - 0:03:29 - --------------------------------
INFO - 06/04/26 16:09:38 - 0:03:29 - ==== Starting Epoch 7 =====
INFO - 06/04/26 16:09:39 - 0:03:29 - [Epoch 7 START] CPU: 0.0% | RAM: 1218.6MB
INFO - 06/04/26 16:09:39 - 0:03:29 - Encoded train: 466 examples in 0.00s (463 cache hits, 3 misses)
INFO - 06/04/26 16:09:39 - 0:03:29 - Encoded test: 50 examples in 0.00s (50 cache hits, 0 misses)
INFO - 06/04/26 16:09:39 - 0:03:29 - Memory allocated: 28.73MB, reserved: 62.19MB
INFO - 06/04/26 16:09:42 - 0:03:33 - step 100 | loss 0.2913 | steps time 3335.02ms
INFO - 06/04/26 16:09:42 - 0:03:33 - step 100 train loss: 0.3353245320916176 test loss: 1.3254238367080688
INFO - 06/04/26 16:09:45 - 0:03:36 - step 200 | loss 0.3666 | steps time 3341.63ms
INFO - 06/04/26 16:09:45 - 0:03:36 - step 200 train loss: 0.33370025277137755 test loss: 1.2660106420516968
INFO - 06/04/26 16:09:49 - 0:03:40 - step 300 | loss 0.3232 | steps time 3607.10ms
INFO - 06/04/26 16:09:49 - 0:03:40 - step 300 train loss: 0.3269227895140648 test loss: 1.3279430866241455
INFO - 06/04/26 16:09:52 - 0:03:43 - step 400 | loss 0.2750 | steps time 3372.79ms
INFO - 06/04/26 16:09:52 - 0:03:43 - step 400 train loss: 0.32363770991563795 test loss: 1.3568904399871826
INFO - 06/04/26 16:09:56 - 0:03:46 - step 500 | loss 0.2788 | steps time 3322.71ms
INFO - 06/04/26 16:09:56 - 0:03:47 - step 500 train loss: 0.32015253335237503 test loss: 1.3993057012557983
INFO - 06/04/26 16:09:56 - 0:03:47 - [Epoch 7 AFTER_TRAIN] CPU: 0.0% | RAM: 1166.1MB
INFO - 06/04/26 16:09:56 - 0:03:47 - Sample with temperature 1.1800000000000002 to 1.58
INFO - 06/04/26 16:09:56 - 0:03:47 - 0 / 960 samples generated, 0 scored
INFO - 06/04/26 16:10:06 - 0:03:56 - 640 / 960 samples generated, 146 scored
INFO - 06/04/26 16:10:10 - 0:04:00 - ### Score distribution ###
INFO - 06/04/26 16:10:10 - 0:04:00 - Invalid examples: before local search: 88, after: 87
INFO - 06/04/26 16:10:10 - 0:04:00 - Valid examples: 194
INFO - 06/04/26 16:10:10 - 0:04:00 - Mean score: 6.9998470601563385
INFO - 06/04/26 16:10:10 - 0:04:00 - Median score: 7.0
INFO - 06/04/26 16:10:10 - 0:04:00 - Stdev score: 0.0021302055255691056
INFO - 06/04/26 16:10:10 - 0:04:00 - Max score: 7.0
INFO - 06/04/26 16:10:10 - 0:04:00 - Top 1 percentile score: 7.0
INFO - 06/04/26 16:10:10 - 0:04:00 - Distribution of scores:
INFO - 06/04/26 16:10:10 - 0:04:00 - Score 6.97032967032967: Count: 1
INFO - 06/04/26 16:10:10 - 0:04:00 - Score 7.0: Count: 193
INFO - 06/04/26 16:10:10 - 0:04:00 - --------------------------------
INFO - 06/04/26 16:10:10 - 0:04:00 - [Epoch 7 AFTER_SAMPLE] CPU: 0.0% | RAM: 1166.7MB
INFO - 06/04/26 16:10:10 - 0:04:00 - Unique processing: 129 examples left, 65 duplicates
INFO - 06/04/26 16:10:10 - 0:04:00 - ### Score distribution ###
INFO - 06/04/26 16:10:10 - 0:04:00 - Valid examples: 129
INFO - 06/04/26 16:10:10 - 0:04:00 - Mean score: 6.999769997444416
INFO - 06/04/26 16:10:10 - 0:04:00 - Median score: 7.0
INFO - 06/04/26 16:10:10 - 0:04:00 - Stdev score: 0.0026123268649221715
INFO - 06/04/26 16:10:10 - 0:04:00 - Max score: 7.0
INFO - 06/04/26 16:10:10 - 0:04:00 - Top 1 percentile score: 7.0
INFO - 06/04/26 16:10:10 - 0:04:00 - Distribution of scores:
INFO - 06/04/26 16:10:10 - 0:04:00 - Score 6.97032967032967: Count: 1
INFO - 06/04/26 16:10:10 - 0:04:00 - Score 7.0: Count: 128
INFO - 06/04/26 16:10:10 - 0:04:00 - --------------------------------
INFO - 06/04/26 16:10:10 - 0:04:00 - New train and test generated. Size are train: 79, test 50
INFO - 06/04/26 16:10:10 - 0:04:00 - Unique data computed for original train set: 466, generated train set: 4
INFO - 06/04/26 16:10:10 - 0:04:00 - Final train and test generated. Size are train: 470, test 50
INFO - 06/04/26 16:10:10 - 0:04:00 - [Epoch 7 AFTER_UPDATE_DATASETS] CPU: 0.0% | RAM: 1166.8MB
INFO - 06/04/26 16:10:10 - 0:04:01 - ### Score distribution ###
INFO - 06/04/26 16:10:10 - 0:04:01 - Valid examples: 470
INFO - 06/04/26 16:10:10 - 0:04:01 - Mean score: 6.999810471746272
INFO - 06/04/26 16:10:10 - 0:04:01 - Median score: 7.0
INFO - 06/04/26 16:10:10 - 0:04:01 - Stdev score: 0.0023653987008251903
INFO - 06/04/26 16:10:10 - 0:04:01 - Max score: 7.0
INFO - 06/04/26 16:10:10 - 0:04:01 - Top 1 percentile score: 7.0
INFO - 06/04/26 16:10:10 - 0:04:01 - Distribution of scores:
INFO - 06/04/26 16:10:10 - 0:04:01 - Score 6.97032967032967: Count: 3
INFO - 06/04/26 16:10:10 - 0:04:01 - Score 6.999932709758836: Count: 1
INFO - 06/04/26 16:10:10 - 0:04:01 - Score 7.0: Count: 466
INFO - 06/04/26 16:10:10 - 0:04:01 - --------------------------------
INFO - 06/04/26 16:10:10 - 0:04:01 - ==== Starting Epoch 8 =====
INFO - 06/04/26 16:10:10 - 0:04:01 - [Epoch 8 START] CPU: 0.0% | RAM: 1166.8MB
INFO - 06/04/26 16:10:10 - 0:04:01 - Encoded train: 470 examples in 0.00s (468 cache hits, 2 misses)
INFO - 06/04/26 16:10:10 - 0:04:01 - Encoded test: 50 examples in 0.00s (42 cache hits, 8 misses)
INFO - 06/04/26 16:10:10 - 0:04:01 - Memory allocated: 28.73MB, reserved: 62.41MB
INFO - 06/04/26 16:10:13 - 0:04:04 - step 100 | loss 0.2536 | steps time 3311.88ms
INFO - 06/04/26 16:10:13 - 0:04:04 - step 100 train loss: 0.30849764704704286 test loss: 0.41359561681747437
INFO - 06/04/26 16:10:17 - 0:04:07 - step 200 | loss 0.3235 | steps time 3298.89ms
INFO - 06/04/26 16:10:17 - 0:04:07 - step 200 train loss: 0.30620288267731666 test loss: 0.3548646569252014
INFO - 06/04/26 16:10:20 - 0:04:11 - step 300 | loss 0.2739 | steps time 3315.47ms
INFO - 06/04/26 16:10:20 - 0:04:11 - step 300 train loss: 0.3020582005381584 test loss: 0.3882756233215332
INFO - 06/04/26 16:10:24 - 0:04:14 - step 400 | loss 0.2759 | steps time 3319.38ms
INFO - 06/04/26 16:10:24 - 0:04:14 - step 400 train loss: 0.30525400668382646 test loss: 0.37003692984580994
INFO - 06/04/26 16:10:27 - 0:04:18 - step 500 | loss 0.3190 | steps time 3297.24ms
INFO - 06/04/26 16:10:27 - 0:04:18 - step 500 train loss: 0.28358936980366706 test loss: 0.3756067752838135
INFO - 06/04/26 16:10:27 - 0:04:18 - [Epoch 8 AFTER_TRAIN] CPU: 0.0% | RAM: 1163.1MB
INFO - 06/04/26 16:10:27 - 0:04:18 - Sample with temperature 1.2100000000000002 to 1.6100000000000003
INFO - 06/04/26 16:10:27 - 0:04:18 - 0 / 960 samples generated, 0 scored
INFO - 06/04/26 16:10:37 - 0:04:28 - 640 / 960 samples generated, 177 scored
INFO - 06/04/26 16:10:42 - 0:04:33 - ### Score distribution ###
INFO - 06/04/26 16:10:42 - 0:04:33 - Invalid examples: before local search: 82, after: 77
INFO - 06/04/26 16:10:42 - 0:04:33 - Valid examples: 261
INFO - 06/04/26 16:10:42 - 0:04:33 - Mean score: 6.999772641151951
INFO - 06/04/26 16:10:42 - 0:04:33 - Median score: 7.0
INFO - 06/04/26 16:10:42 - 0:04:33 - Stdev score: 0.002592270538426131
INFO - 06/04/26 16:10:42 - 0:04:33 - Max score: 7.0
INFO - 06/04/26 16:10:42 - 0:04:33 - Top 1 percentile score: 7.0
INFO - 06/04/26 16:10:42 - 0:04:33 - Distribution of scores:
INFO - 06/04/26 16:10:42 - 0:04:33 - Score 6.97032967032967: Count: 2
INFO - 06/04/26 16:10:42 - 0:04:33 - Score 7.0: Count: 259
INFO - 06/04/26 16:10:42 - 0:04:33 - --------------------------------
INFO - 06/04/26 16:10:43 - 0:04:33 - [Epoch 8 AFTER_SAMPLE] CPU: 0.0% | RAM: 1163.9MB
INFO - 06/04/26 16:10:43 - 0:04:33 - Unique processing: 154 examples left, 107 duplicates
INFO - 06/04/26 16:10:43 - 0:04:33 - ### Score distribution ###
INFO - 06/04/26 16:10:43 - 0:04:33 - Valid examples: 154
INFO - 06/04/26 16:10:43 - 0:04:33 - Mean score: 6.9996146710432425
INFO - 06/04/26 16:10:43 - 0:04:33 - Median score: 7.0
INFO - 06/04/26 16:10:43 - 0:04:33 - Stdev score: 0.0033701799288044826
INFO - 06/04/26 16:10:43 - 0:04:33 - Max score: 7.0
INFO - 06/04/26 16:10:43 - 0:04:33 - Top 1 percentile score: 7.0
INFO - 06/04/26 16:10:43 - 0:04:33 - Distribution of scores:
INFO - 06/04/26 16:10:43 - 0:04:33 - Score 6.97032967032967: Count: 2
INFO - 06/04/26 16:10:43 - 0:04:33 - Score 7.0: Count: 152
INFO - 06/04/26 16:10:43 - 0:04:33 - --------------------------------
INFO - 06/04/26 16:10:43 - 0:04:33 - New train and test generated. Size are train: 104, test 50
INFO - 06/04/26 16:10:43 - 0:04:33 - Unique data computed for original train set: 470, generated train set: 7
INFO - 06/04/26 16:10:43 - 0:04:33 - Final train and test generated. Size are train: 477, test 50
INFO - 06/04/26 16:10:43 - 0:04:33 - [Epoch 8 AFTER_UPDATE_DATASETS] CPU: 0.0% | RAM: 1163.9MB
INFO - 06/04/26 16:10:43 - 0:04:33 - ### Score distribution ###
INFO - 06/04/26 16:10:43 - 0:04:33 - Valid examples: 477
INFO - 06/04/26 16:10:43 - 0:04:33 - Mean score: 6.999813253083329
INFO - 06/04/26 16:10:43 - 0:04:33 - Median score: 7.0
INFO - 06/04/26 16:10:43 - 0:04:33 - Stdev score: 0.002348052483836947
INFO - 06/04/26 16:10:43 - 0:04:33 - Max score: 7.0
INFO - 06/04/26 16:10:43 - 0:04:33 - Top 1 percentile score: 7.0
INFO - 06/04/26 16:10:43 - 0:04:33 - Distribution of scores:
INFO - 06/04/26 16:10:43 - 0:04:33 - Score 6.97032967032967: Count: 3
INFO - 06/04/26 16:10:43 - 0:04:33 - Score 6.999932709758836: Count: 1
INFO - 06/04/26 16:10:43 - 0:04:33 - Score 7.0: Count: 473
INFO - 06/04/26 16:10:43 - 0:04:33 - --------------------------------
INFO - 06/04/26 16:10:43 - 0:04:33 - ==== Starting Epoch 9 =====
INFO - 06/04/26 16:10:43 - 0:04:34 - [Epoch 9 START] CPU: 0.0% | RAM: 1163.9MB
INFO - 06/04/26 16:10:43 - 0:04:34 - Encoded train: 477 examples in 0.00s (471 cache hits, 6 misses)
INFO - 06/04/26 16:10:43 - 0:04:34 - Encoded test: 50 examples in 0.00s (46 cache hits, 4 misses)
INFO - 06/04/26 16:10:43 - 0:04:34 - Memory allocated: 28.71MB, reserved: 62.44MB
INFO - 06/04/26 16:10:46 - 0:04:37 - step 100 | loss 0.3068 | steps time 3294.11ms
INFO - 06/04/26 16:10:46 - 0:04:37 - step 100 train loss: 0.31044426262378694 test loss: 0.303099125623703
INFO - 06/04/26 16:10:50 - 0:04:40 - step 200 | loss 0.3018 | steps time 3280.06ms
INFO - 06/04/26 16:10:50 - 0:04:40 - step 200 train loss: 0.30383635878562926 test loss: 0.28818783164024353
INFO - 06/04/26 16:10:53 - 0:04:44 - step 300 | loss 0.2951 | steps time 3324.74ms
INFO - 06/04/26 16:10:53 - 0:04:44 - step 300 train loss: 0.2934796696901321 test loss: 0.28766313195228577
INFO - 06/04/26 16:10:56 - 0:04:47 - step 400 | loss 0.3221 | steps time 3283.84ms
INFO - 06/04/26 16:10:57 - 0:04:47 - step 400 train loss: 0.2853963203728199 test loss: 0.2978743016719818
INFO - 06/04/26 16:11:00 - 0:04:50 - step 500 | loss 0.2727 | steps time 3320.27ms
INFO - 06/04/26 16:11:00 - 0:04:51 - step 500 train loss: 0.2821114960312843 test loss: 0.30983734130859375
INFO - 06/04/26 16:11:00 - 0:04:51 - [Epoch 9 AFTER_TRAIN] CPU: 0.0% | RAM: 1043.9MB
INFO - 06/04/26 16:11:00 - 0:04:51 - Sample with temperature 1.2400000000000002 to 1.6400000000000001
INFO - 06/04/26 16:11:00 - 0:04:51 - 0 / 960 samples generated, 0 scored
INFO - 06/04/26 16:11:10 - 0:05:00 - 640 / 960 samples generated, 159 scored
INFO - 06/04/26 16:11:15 - 0:05:06 - ### Score distribution ###
INFO - 06/04/26 16:11:15 - 0:05:06 - Invalid examples: before local search: 102, after: 96
INFO - 06/04/26 16:11:15 - 0:05:06 - Valid examples: 274
INFO - 06/04/26 16:11:15 - 0:05:06 - Mean score: 6.999672828211705
INFO - 06/04/26 16:11:15 - 0:05:06 - Median score: 7.0
INFO - 06/04/26 16:11:15 - 0:05:06 - Stdev score: 0.003093135293706377
INFO - 06/04/26 16:11:15 - 0:05:06 - Max score: 7.0
INFO - 06/04/26 16:11:15 - 0:05:06 - Top 1 percentile score: 7.0
INFO - 06/04/26 16:11:15 - 0:05:06 - Distribution of scores:
INFO - 06/04/26 16:11:15 - 0:05:06 - Score 6.97032967032967: Count: 3
INFO - 06/04/26 16:11:15 - 0:05:06 - Score 6.999500499500499: Count: 1
INFO - 06/04/26 16:11:15 - 0:05:06 - Score 6.999865419517671: Count: 1
INFO - 06/04/26 16:11:15 - 0:05:06 - Score 7.0: Count: 269
INFO - 06/04/26 16:11:15 - 0:05:06 - --------------------------------
INFO - 06/04/26 16:11:15 - 0:05:06 - [Epoch 9 AFTER_SAMPLE] CPU: 0.0% | RAM: 1030.9MB
INFO - 06/04/26 16:11:15 - 0:05:06 - Unique processing: 168 examples left, 106 duplicates
INFO - 06/04/26 16:11:15 - 0:05:06 - ### Score distribution ###
INFO - 06/04/26 16:11:15 - 0:05:06 - Valid examples: 168
INFO - 06/04/26 16:11:15 - 0:05:06 - Mean score: 6.999819616603261
INFO - 06/04/26 16:11:15 - 0:05:06 - Median score: 7.0
INFO - 06/04/26 16:11:15 - 0:05:06 - Stdev score: 0.002289169583596853
INFO - 06/04/26 16:11:15 - 0:05:06 - Max score: 7.0
INFO - 06/04/26 16:11:15 - 0:05:06 - Top 1 percentile score: 7.0
INFO - 06/04/26 16:11:15 - 0:05:06 - Distribution of scores:
INFO - 06/04/26 16:11:15 - 0:05:06 - Score 6.97032967032967: Count: 1
INFO - 06/04/26 16:11:15 - 0:05:06 - Score 6.999500499500499: Count: 1
INFO - 06/04/26 16:11:15 - 0:05:06 - Score 6.999865419517671: Count: 1
INFO - 06/04/26 16:11:15 - 0:05:06 - Score 7.0: Count: 165
INFO - 06/04/26 16:11:15 - 0:05:06 - --------------------------------
INFO - 06/04/26 16:11:15 - 0:05:06 - New train and test generated. Size are train: 118, test 50
INFO - 06/04/26 16:11:15 - 0:05:06 - Unique data computed for original train set: 477, generated train set: 7
INFO - 06/04/26 16:11:15 - 0:05:06 - Final train and test generated. Size are train: 484, test 50
INFO - 06/04/26 16:11:16 - 0:05:06 - [Epoch 9 AFTER_UPDATE_DATASETS] CPU: 0.0% | RAM: 1030.9MB
INFO - 06/04/26 16:11:16 - 0:05:06 - ### Score distribution ###
INFO - 06/04/26 16:11:16 - 0:05:06 - Valid examples: 484
INFO - 06/04/26 16:11:16 - 0:05:06 - Mean score: 6.9998146438838145
INFO - 06/04/26 16:11:16 - 0:05:06 - Median score: 7.0
INFO - 06/04/26 16:11:16 - 0:05:06 - Stdev score: 0.0023310971808727736
INFO - 06/04/26 16:11:16 - 0:05:06 - Max score: 7.0
INFO - 06/04/26 16:11:16 - 0:05:06 - Top 1 percentile score: 7.0
INFO - 06/04/26 16:11:16 - 0:05:06 - Distribution of scores:
INFO - 06/04/26 16:11:16 - 0:05:06 - Score 6.97032967032967: Count: 3
INFO - 06/04/26 16:11:16 - 0:05:06 - Score 6.999500499500499: Count: 1
INFO - 06/04/26 16:11:16 - 0:05:06 - Score 6.999865419517671: Count: 1
INFO - 06/04/26 16:11:16 - 0:05:06 - Score 6.999932709758836: Count: 1
INFO - 06/04/26 16:11:16 - 0:05:06 - Score 7.0: Count: 478
INFO - 06/04/26 16:11:16 - 0:05:06 - --------------------------------
INFO - 06/04/26 16:11:16 - 0:05:06 - ==== Starting Epoch 10 =====
INFO - 06/04/26 16:11:16 - 0:05:06 - [Epoch 10 START] CPU: 0.0% | RAM: 1030.9MB
INFO - 06/04/26 16:11:16 - 0:05:06 - Encoded train: 484 examples in 0.00s (478 cache hits, 6 misses)
INFO - 06/04/26 16:11:16 - 0:05:06 - Encoded test: 50 examples in 0.00s (47 cache hits, 3 misses)
INFO - 06/04/26 16:11:16 - 0:05:07 - Memory allocated: 28.71MB, reserved: 54.47MB
INFO - 06/04/26 16:11:19 - 0:05:10 - step 100 | loss 0.2752 | steps time 3280.18ms
INFO - 06/04/26 16:11:19 - 0:05:10 - step 100 train loss: 0.29613006591796875 test loss: 0.29019832611083984
INFO - 06/04/26 16:11:23 - 0:05:13 - step 200 | loss 0.3007 | steps time 3324.36ms
INFO - 06/04/26 16:11:23 - 0:05:13 - step 200 train loss: 0.2941320917010307 test loss: 0.3186761438846588
INFO - 06/04/26 16:11:26 - 0:05:17 - step 300 | loss 0.3184 | steps time 3324.57ms
INFO - 06/04/26 16:11:26 - 0:05:17 - step 300 train loss: 0.27984131827950476 test loss: 0.2720402777194977
INFO - 06/04/26 16:11:29 - 0:05:20 - step 400 | loss 0.2567 | steps time 3302.59ms
INFO - 06/04/26 16:11:29 - 0:05:20 - step 400 train loss: 0.28465733423829076 test loss: 0.2982688546180725
INFO - 06/04/26 16:11:33 - 0:05:23 - step 500 | loss 0.3053 | steps time 3316.20ms
INFO - 06/04/26 16:11:33 - 0:05:23 - step 500 train loss: 0.27968510031700133 test loss: 0.29355520009994507
INFO - 06/04/26 16:11:33 - 0:05:24 - [Epoch 10 AFTER_TRAIN] CPU: 0.0% | RAM: 1015.2MB
INFO - 06/04/26 16:11:33 - 0:05:24 - Sample with temperature 1.2700000000000002 to 1.6700000000000004
INFO - 06/04/26 16:11:33 - 0:05:24 - 0 / 960 samples generated, 0 scored
INFO - 06/04/26 16:11:43 - 0:05:34 - 640 / 960 samples generated, 201 scored
INFO - 06/04/26 16:11:48 - 0:05:39 - ### Score distribution ###
INFO - 06/04/26 16:11:48 - 0:05:39 - Invalid examples: before local search: 75, after: 65
INFO - 06/04/26 16:11:48 - 0:05:39 - Valid examples: 290
INFO - 06/04/26 16:11:48 - 0:05:39 - Mean score: 6.992997999005412
INFO - 06/04/26 16:11:48 - 0:05:39 - Median score: 7.0
INFO - 06/04/26 16:11:48 - 0:05:39 - Stdev score: 0.11750436738301932
INFO - 06/04/26 16:11:48 - 0:05:39 - Max score: 7.0
INFO - 06/04/26 16:11:48 - 0:05:39 - Top 1 percentile score: 7.0
INFO - 06/04/26 16:11:48 - 0:05:39 - Distribution of scores:
INFO - 06/04/26 16:11:48 - 0:05:39 - Score 4.9990900412395884: Count: 1
INFO - 06/04/26 16:11:48 - 0:05:39 - Score 6.97032967032967: Count: 1
INFO - 06/04/26 16:11:48 - 0:05:39 - Score 7.0: Count: 288
INFO - 06/04/26 16:11:48 - 0:05:39 - --------------------------------
INFO - 06/04/26 16:11:48 - 0:05:39 - [Epoch 10 AFTER_SAMPLE] CPU: 0.0% | RAM: 1011.7MB
INFO - 06/04/26 16:11:48 - 0:05:39 - Unique processing: 194 examples left, 96 duplicates
INFO - 06/04/26 16:11:48 - 0:05:39 - ### Score distribution ###
INFO - 06/04/26 16:11:48 - 0:05:39 - Valid examples: 194
INFO - 06/04/26 16:11:48 - 0:05:39 - Mean score: 6.989533091296749
INFO - 06/04/26 16:11:48 - 0:05:39 - Median score: 7.0
INFO - 06/04/26 16:11:48 - 0:05:39 - Stdev score: 0.14366171933128638
INFO - 06/04/26 16:11:48 - 0:05:39 - Max score: 7.0
INFO - 06/04/26 16:11:48 - 0:05:39 - Top 1 percentile score: 7.0
INFO - 06/04/26 16:11:48 - 0:05:39 - Distribution of scores:
INFO - 06/04/26 16:11:48 - 0:05:39 - Score 4.9990900412395884: Count: 1
INFO - 06/04/26 16:11:48 - 0:05:39 - Score 6.97032967032967: Count: 1
INFO - 06/04/26 16:11:48 - 0:05:39 - Score 7.0: Count: 192
INFO - 06/04/26 16:11:48 - 0:05:39 - --------------------------------
INFO - 06/04/26 16:11:48 - 0:05:39 - New train and test generated. Size are train: 144, test 50
INFO - 06/04/26 16:11:48 - 0:05:39 - Unique data computed for original train set: 484, generated train set: 16
INFO - 06/04/26 16:11:48 - 0:05:39 - Final train and test generated. Size are train: 500, test 50
INFO - 06/04/26 16:11:48 - 0:05:39 - [Epoch 10 AFTER_UPDATE_DATASETS] CPU: 0.0% | RAM: 1011.7MB
INFO - 06/04/26 16:11:49 - 0:05:39 - ### Score distribution ###
INFO - 06/04/26 16:11:49 - 0:05:39 - Valid examples: 500
INFO - 06/04/26 16:11:49 - 0:05:39 - Mean score: 6.995818755362011
INFO - 06/04/26 16:11:49 - 0:05:39 - Median score: 7.0
INFO - 06/04/26 16:11:49 - 0:05:39 - Stdev score: 0.08950476658228942
INFO - 06/04/26 16:11:49 - 0:05:39 - Max score: 7.0
INFO - 06/04/26 16:11:49 - 0:05:39 - Top 1 percentile score: 7.0
INFO - 06/04/26 16:11:49 - 0:05:39 - Distribution of scores:
INFO - 06/04/26 16:11:49 - 0:05:39 - Score 4.9990900412395884: Count: 1
INFO - 06/04/26 16:11:49 - 0:05:39 - Score 6.97032967032967: Count: 3
INFO - 06/04/26 16:11:49 - 0:05:39 - Score 6.999500499500499: Count: 1
INFO - 06/04/26 16:11:49 - 0:05:39 - Score 6.999865419517671: Count: 1
INFO - 06/04/26 16:11:49 - 0:05:39 - Score 6.999932709758836: Count: 1
INFO - 06/04/26 16:11:49 - 0:05:39 - Score 7.0: Count: 493
INFO - 06/04/26 16:11:49 - 0:05:39 - --------------------------------
INFO - 06/04/26 16:11:49 - 0:05:39 - ==== Starting Epoch 11 =====
INFO - 06/04/26 16:11:49 - 0:05:39 - [Epoch 11 START] CPU: 0.0% | RAM: 1011.7MB
INFO - 06/04/26 16:11:49 - 0:05:39 - Encoded train: 500 examples in 0.00s (493 cache hits, 7 misses)
INFO - 06/04/26 16:11:49 - 0:05:39 - Encoded test: 50 examples in 0.00s (42 cache hits, 8 misses)
INFO - 06/04/26 16:11:49 - 0:05:39 - Memory allocated: 28.75MB, reserved: 70.47MB
INFO - 06/04/26 16:11:52 - 0:05:43 - step 100 | loss 0.2767 | steps time 3306.40ms
INFO - 06/04/26 16:11:52 - 0:05:43 - step 100 train loss: 0.28948155164718625 test loss: 0.33530306816101074
INFO - 06/04/26 16:11:55 - 0:05:46 - step 200 | loss 0.2762 | steps time 3352.88ms
INFO - 06/04/26 16:11:56 - 0:05:46 - step 200 train loss: 0.29271597012877465 test loss: 0.3378767967224121
INFO - 06/04/26 16:11:59 - 0:05:50 - step 300 | loss 0.2888 | steps time 3345.04ms
INFO - 06/04/26 16:11:59 - 0:05:50 - step 300 train loss: 0.27961577102541924 test loss: 0.34511539340019226
INFO - 06/04/26 16:12:02 - 0:05:53 - step 400 | loss 0.2396 | steps time 3327.49ms
INFO - 06/04/26 16:12:02 - 0:05:53 - step 400 train loss: 0.2794918867945671 test loss: 0.3262611925601959
INFO - 06/04/26 16:12:06 - 0:05:56 - step 500 | loss 0.2852 | steps time 3342.01ms
INFO - 06/04/26 16:12:06 - 0:05:56 - step 500 train loss: 0.27243333011865617 test loss: 0.38948503136634827
INFO - 06/04/26 16:12:06 - 0:05:57 - [Epoch 11 AFTER_TRAIN] CPU: 0.0% | RAM: 968.7MB
INFO - 06/04/26 16:12:06 - 0:05:57 - Sample with temperature 1.3000000000000003 to 1.7000000000000002
INFO - 06/04/26 16:12:06 - 0:05:57 - 0 / 960 samples generated, 0 scored
INFO - 06/04/26 16:12:16 - 0:06:07 - 640 / 960 samples generated, 169 scored
INFO - 06/04/26 16:12:21 - 0:06:11 - ### Score distribution ###
INFO - 06/04/26 16:12:21 - 0:06:11 - Invalid examples: before local search: 90, after: 82
INFO - 06/04/26 16:12:21 - 0:06:11 - Valid examples: 238
INFO - 06/04/26 16:12:21 - 0:06:11 - Mean score: 6.991588332234943
INFO - 06/04/26 16:12:21 - 0:06:11 - Median score: 7.0
INFO - 06/04/26 16:12:21 - 0:06:11 - Stdev score: 0.1297557497423842
INFO - 06/04/26 16:12:21 - 0:06:11 - Max score: 7.0
INFO - 06/04/26 16:12:21 - 0:06:11 - Top 1 percentile score: 7.0
INFO - 06/04/26 16:12:21 - 0:06:11 - Distribution of scores:
INFO - 06/04/26 16:12:21 - 0:06:11 - Score 4.998224942639953: Count: 1
INFO - 06/04/26 16:12:21 - 0:06:11 - Score 6.999865419517671: Count: 1
INFO - 06/04/26 16:12:21 - 0:06:11 - Score 6.999932709758836: Count: 1
INFO - 06/04/26 16:12:21 - 0:06:11 - Score 7.0: Count: 235
INFO - 06/04/26 16:12:21 - 0:06:11 - --------------------------------
INFO - 06/04/26 16:12:21 - 0:06:11 - [Epoch 11 AFTER_SAMPLE] CPU: 0.0% | RAM: 969.2MB
INFO - 06/04/26 16:12:21 - 0:06:11 - Unique processing: 146 examples left, 92 duplicates
INFO - 06/04/26 16:12:21 - 0:06:11 - ### Score distribution ###
INFO - 06/04/26 16:12:21 - 0:06:11 - Valid examples: 146
INFO - 06/04/26 16:12:21 - 0:06:11 - Mean score: 6.986287829259702
INFO - 06/04/26 16:12:21 - 0:06:11 - Median score: 7.0
INFO - 06/04/26 16:12:21 - 0:06:11 - Stdev score: 0.16566796775796153
INFO - 06/04/26 16:12:21 - 0:06:11 - Max score: 7.0
INFO - 06/04/26 16:12:21 - 0:06:11 - Top 1 percentile score: 7.0
INFO - 06/04/26 16:12:21 - 0:06:11 - Distribution of scores:
INFO - 06/04/26 16:12:21 - 0:06:11 - Score 4.998224942639953: Count: 1
INFO - 06/04/26 16:12:21 - 0:06:11 - Score 6.999865419517671: Count: 1
INFO - 06/04/26 16:12:21 - 0:06:11 - Score 6.999932709758836: Count: 1
INFO - 06/04/26 16:12:21 - 0:06:11 - Score 7.0: Count: 143
INFO - 06/04/26 16:12:21 - 0:06:11 - --------------------------------
INFO - 06/04/26 16:12:21 - 0:06:11 - New train and test generated. Size are train: 96, test 50
INFO - 06/04/26 16:12:21 - 0:06:11 - Unique data computed for original train set: 500, generated train set: 7
INFO - 06/04/26 16:12:21 - 0:06:11 - Final train and test generated. Size are train: 507, test 50
INFO - 06/04/26 16:12:21 - 0:06:11 - [Epoch 11 AFTER_UPDATE_DATASETS] CPU: 0.0% | RAM: 969.3MB
INFO - 06/04/26 16:12:21 - 0:06:12 - ### Score distribution ###
INFO - 06/04/26 16:12:21 - 0:06:12 - Valid examples: 507
INFO - 06/04/26 16:12:21 - 0:06:12 - Mean score: 6.9919282103030485
INFO - 06/04/26 16:12:21 - 0:06:12 - Median score: 7.0
INFO - 06/04/26 16:12:21 - 0:06:12 - Stdev score: 0.12558442296823602
INFO - 06/04/26 16:12:21 - 0:06:12 - Max score: 7.0
INFO - 06/04/26 16:12:21 - 0:06:12 - Top 1 percentile score: 7.0
INFO - 06/04/26 16:12:21 - 0:06:12 - Distribution of scores:
INFO - 06/04/26 16:12:21 - 0:06:12 - Score 4.998224942639953: Count: 1
INFO - 06/04/26 16:12:21 - 0:06:12 - Score 4.9990900412395884: Count: 1
INFO - 06/04/26 16:12:21 - 0:06:12 - Score 6.97032967032967: Count: 3
INFO - 06/04/26 16:12:21 - 0:06:12 - Score 6.999500499500499: Count: 1
INFO - 06/04/26 16:12:21 - 0:06:12 - Score 6.999865419517671: Count: 1
INFO - 06/04/26 16:12:21 - 0:06:12 - Score 6.999932709758836: Count: 1
INFO - 06/04/26 16:12:21 - 0:06:12 - Score 7.0: Count: 499
INFO - 06/04/26 16:12:21 - 0:06:12 - --------------------------------
INFO - 06/04/26 16:12:21 - 0:06:12 - ==== Starting Epoch 12 =====
INFO - 06/04/26 16:12:21 - 0:06:12 - [Epoch 12 START] CPU: 0.0% | RAM: 969.3MB
INFO - 06/04/26 16:12:21 - 0:06:12 - Encoded train: 507 examples in 0.00s (503 cache hits, 4 misses)
INFO - 06/04/26 16:12:21 - 0:06:12 - Encoded test: 50 examples in 0.00s (39 cache hits, 11 misses)
INFO - 06/04/26 16:12:21 - 0:06:12 - Memory allocated: 28.70MB, reserved: 70.47MB
INFO - 06/04/26 16:12:24 - 0:06:15 - step 100 | loss 0.2619 | steps time 3325.08ms
INFO - 06/04/26 16:12:24 - 0:06:15 - step 100 train loss: 0.28973720982670786 test loss: 0.2988705039024353
INFO - 06/04/26 16:12:28 - 0:06:18 - step 200 | loss 0.2540 | steps time 3345.89ms
INFO - 06/04/26 16:12:28 - 0:06:18 - step 200 train loss: 0.27706872060894966 test loss: 0.2858772575855255
INFO - 06/04/26 16:12:31 - 0:06:22 - step 300 | loss 0.2585 | steps time 3371.28ms
INFO - 06/04/26 16:12:31 - 0:06:22 - step 300 train loss: 0.2731844411790371 test loss: 0.2905595302581787
INFO - 06/04/26 16:12:35 - 0:06:25 - step 400 | loss 0.2754 | steps time 3334.69ms
INFO - 06/04/26 16:12:35 - 0:06:25 - step 400 train loss: 0.27992832809686663 test loss: 0.2836377024650574
INFO - 06/04/26 16:12:38 - 0:06:29 - step 500 | loss 0.3199 | steps time 3294.73ms
INFO - 06/04/26 16:12:38 - 0:06:29 - step 500 train loss: 0.27822514444589613 test loss: 0.29471302032470703
INFO - 06/04/26 16:12:38 - 0:06:29 - [Epoch 12 AFTER_TRAIN] CPU: 0.0% | RAM: 970.4MB
INFO - 06/04/26 16:12:38 - 0:06:29 - Sample with temperature 1.3300000000000003 to 1.7300000000000004
INFO - 06/04/26 16:12:38 - 0:06:29 - 0 / 960 samples generated, 0 scored
INFO - 06/04/26 16:12:50 - 0:06:41 - 640 / 960 samples generated, 227 scored
INFO - 06/04/26 16:12:56 - 0:06:46 - ### Score distribution ###
INFO - 06/04/26 16:12:56 - 0:06:46 - Invalid examples: before local search: 59, after: 57
INFO - 06/04/26 16:12:56 - 0:06:46 - Valid examples: 334
INFO - 06/04/26 16:12:56 - 0:06:46 - Mean score: 6.9999111666776335
INFO - 06/04/26 16:12:56 - 0:06:46 - Median score: 7.0
INFO - 06/04/26 16:12:56 - 0:06:46 - Stdev score: 0.001623488207631174
INFO - 06/04/26 16:12:56 - 0:06:46 - Max score: 7.0
INFO - 06/04/26 16:12:56 - 0:06:46 - Top 1 percentile score: 7.0
INFO - 06/04/26 16:12:56 - 0:06:46 - Distribution of scores:
INFO - 06/04/26 16:12:56 - 0:06:46 - Score 6.97032967032967: Count: 1
INFO - 06/04/26 16:12:56 - 0:06:46 - Score 7.0: Count: 333
INFO - 06/04/26 16:12:56 - 0:06:46 - --------------------------------
INFO - 06/04/26 16:12:56 - 0:06:46 - [Epoch 12 AFTER_SAMPLE] CPU: 0.0% | RAM: 970.7MB
INFO - 06/04/26 16:12:56 - 0:06:46 - Unique processing: 210 examples left, 124 duplicates
INFO - 06/04/26 16:12:56 - 0:06:46 - ### Score distribution ###
INFO - 06/04/26 16:12:56 - 0:06:46 - Valid examples: 210
INFO - 06/04/26 16:12:56 - 0:06:46 - Mean score: 6.999858712715856
INFO - 06/04/26 16:12:56 - 0:06:46 - Median score: 7.0
INFO - 06/04/26 16:12:56 - 0:06:46 - Stdev score: 0.0020474472639828017
INFO - 06/04/26 16:12:56 - 0:06:46 - Max score: 7.0
INFO - 06/04/26 16:12:56 - 0:06:46 - Top 1 percentile score: 7.0
INFO - 06/04/26 16:12:56 - 0:06:46 - Distribution of scores:
INFO - 06/04/26 16:12:56 - 0:06:46 - Score 6.97032967032967: Count: 1
INFO - 06/04/26 16:12:56 - 0:06:46 - Score 7.0: Count: 209
INFO - 06/04/26 16:12:56 - 0:06:46 - --------------------------------
INFO - 06/04/26 16:12:56 - 0:06:46 - New train and test generated. Size are train: 160, test 50
INFO - 06/04/26 16:12:56 - 0:06:46 - Unique data computed for original train set: 507, generated train set: 8
INFO - 06/04/26 16:12:56 - 0:06:46 - Final train and test generated. Size are train: 515, test 50
INFO - 06/04/26 16:12:56 - 0:06:46 - [Epoch 12 AFTER_UPDATE_DATASETS] CPU: 0.0% | RAM: 970.7MB
INFO - 06/04/26 16:12:56 - 0:06:46 - ### Score distribution ###
INFO - 06/04/26 16:12:56 - 0:06:46 - Valid examples: 515
INFO - 06/04/26 16:12:56 - 0:06:46 - Mean score: 6.992053597327467
INFO - 06/04/26 16:12:56 - 0:06:46 - Median score: 7.0
INFO - 06/04/26 16:12:56 - 0:06:46 - Stdev score: 0.1246072855404461
INFO - 06/04/26 16:12:56 - 0:06:46 - Max score: 7.0
INFO - 06/04/26 16:12:56 - 0:06:46 - Top 1 percentile score: 7.0
INFO - 06/04/26 16:12:56 - 0:06:46 - Distribution of scores:
INFO - 06/04/26 16:12:56 - 0:06:46 - Score 4.998224942639953: Count: 1
INFO - 06/04/26 16:12:56 - 0:06:46 - Score 4.9990900412395884: Count: 1
INFO - 06/04/26 16:12:56 - 0:06:46 - Score 6.97032967032967: Count: 3
INFO - 06/04/26 16:12:56 - 0:06:46 - Score 6.999500499500499: Count: 1
INFO - 06/04/26 16:12:56 - 0:06:46 - Score 6.999865419517671: Count: 1
INFO - 06/04/26 16:12:56 - 0:06:46 - Score 6.999932709758836: Count: 1
INFO - 06/04/26 16:12:56 - 0:06:46 - Score 7.0: Count: 507
INFO - 06/04/26 16:12:56 - 0:06:46 - --------------------------------
INFO - 06/04/26 16:12:56 - 0:06:46 - ==== Starting Epoch 13 =====
INFO - 06/04/26 16:12:56 - 0:06:47 - [Epoch 13 START] CPU: 0.0% | RAM: 970.7MB
INFO - 06/04/26 16:12:56 - 0:06:47 - Encoded train: 515 examples in 0.00s (512 cache hits, 3 misses)
INFO - 06/04/26 16:12:56 - 0:06:47 - Encoded test: 50 examples in 0.00s (48 cache hits, 2 misses)
INFO - 06/04/26 16:12:56 - 0:06:47 - Memory allocated: 28.70MB, reserved: 62.47MB
INFO - 06/04/26 16:12:59 - 0:06:50 - step 100 | loss 0.2528 | steps time 3282.71ms
INFO - 06/04/26 16:12:59 - 0:06:50 - step 100 train loss: 0.2701855047047138 test loss: 0.2758854031562805
INFO - 06/04/26 16:13:03 - 0:06:53 - step 200 | loss 0.2770 | steps time 3299.97ms
INFO - 06/04/26 16:13:03 - 0:06:53 - step 200 train loss: 0.2778792645037174 test loss: 0.2683470845222473
INFO - 06/04/26 16:13:06 - 0:06:57 - step 300 | loss 0.2748 | steps time 3305.19ms
INFO - 06/04/26 16:13:06 - 0:06:57 - step 300 train loss: 0.2723422209918499 test loss: 0.31288769841194153
INFO - 06/04/26 16:13:10 - 0:07:00 - step 400 | loss 0.2722 | steps time 3350.09ms
INFO - 06/04/26 16:13:10 - 0:07:00 - step 400 train loss: 0.27183297589421274 test loss: 0.27606001496315
INFO - 06/04/26 16:13:13 - 0:07:04 - step 500 | loss 0.3221 | steps time 3342.78ms
INFO - 06/04/26 16:13:13 - 0:07:04 - step 500 train loss: 0.2700041554868221 test loss: 0.2748168408870697
INFO - 06/04/26 16:13:13 - 0:07:04 - [Epoch 13 AFTER_TRAIN] CPU: 0.0% | RAM: 955.1MB
INFO - 06/04/26 16:13:13 - 0:07:04 - Sample with temperature 1.3600000000000003 to 1.7600000000000002
INFO - 06/04/26 16:13:13 - 0:07:04 - 0 / 960 samples generated, 0 scored
INFO - 06/04/26 16:13:24 - 0:07:14 - 640 / 960 samples generated, 192 scored
INFO - 06/04/26 16:13:29 - 0:07:20 - ### Score distribution ###
INFO - 06/04/26 16:13:29 - 0:07:20 - Invalid examples: before local search: 77, after: 69
INFO - 06/04/26 16:13:29 - 0:07:20 - Valid examples: 281
INFO - 06/04/26 16:13:29 - 0:07:20 - Mean score: 6.9962820098051415
INFO - 06/04/26 16:13:29 - 0:07:20 - Median score: 7.0
INFO - 06/04/26 16:13:29 - 0:07:20 - Stdev score: 0.060574432475959124
INFO - 06/04/26 16:13:29 - 0:07:20 - Max score: 7.0
INFO - 06/04/26 16:13:29 - 0:07:20 - Top 1 percentile score: 7.0
INFO - 06/04/26 16:13:29 - 0:07:20 - Distribution of scores:
INFO - 06/04/26 16:13:29 - 0:07:20 - Score 5.984915084915085: Count: 1
INFO - 06/04/26 16:13:29 - 0:07:20 - Score 6.97032967032967: Count: 1
INFO - 06/04/26 16:13:29 - 0:07:20 - Score 7.0: Count: 279
INFO - 06/04/26 16:13:29 - 0:07:20 - --------------------------------
INFO - 06/04/26 16:13:29 - 0:07:20 - [Epoch 13 AFTER_SAMPLE] CPU: 0.0% | RAM: 955.8MB
INFO - 06/04/26 16:13:29 - 0:07:20 - Unique processing: 181 examples left, 100 duplicates
INFO - 06/04/26 16:13:29 - 0:07:20 - ### Score distribution ###
INFO - 06/04/26 16:13:29 - 0:07:20 - Valid examples: 181
INFO - 06/04/26 16:13:29 - 0:07:20 - Mean score: 6.994227871575938
INFO - 06/04/26 16:13:29 - 0:07:20 - Median score: 7.0
INFO - 06/04/26 16:13:29 - 0:07:20 - Stdev score: 0.07547064373543075
INFO - 06/04/26 16:13:29 - 0:07:20 - Max score: 7.0
INFO - 06/04/26 16:13:29 - 0:07:20 - Top 1 percentile score: 7.0
INFO - 06/04/26 16:13:29 - 0:07:20 - Distribution of scores:
INFO - 06/04/26 16:13:29 - 0:07:20 - Score 5.984915084915085: Count: 1
INFO - 06/04/26 16:13:29 - 0:07:20 - Score 6.97032967032967: Count: 1
INFO - 06/04/26 16:13:29 - 0:07:20 - Score 7.0: Count: 179
INFO - 06/04/26 16:13:29 - 0:07:20 - --------------------------------
INFO - 06/04/26 16:13:29 - 0:07:20 - New train and test generated. Size are train: 131, test 50
INFO - 06/04/26 16:13:29 - 0:07:20 - Unique data computed for original train set: 515, generated train set: 14
INFO - 06/04/26 16:13:29 - 0:07:20 - Final train and test generated. Size are train: 529, test 50
INFO - 06/04/26 16:13:29 - 0:07:20 - [Epoch 13 AFTER_UPDATE_DATASETS] CPU: 0.0% | RAM: 955.8MB
INFO - 06/04/26 16:13:29 - 0:07:20 - ### Score distribution ###
INFO - 06/04/26 16:13:29 - 0:07:20 - Valid examples: 529
INFO - 06/04/26 16:13:29 - 0:07:20 - Mean score: 6.992263899099519
INFO - 06/04/26 16:13:29 - 0:07:20 - Median score: 7.0
INFO - 06/04/26 16:13:29 - 0:07:20 - Stdev score: 0.12295082551939779
INFO - 06/04/26 16:13:29 - 0:07:20 - Max score: 7.0
INFO - 06/04/26 16:13:29 - 0:07:20 - Top 1 percentile score: 7.0
INFO - 06/04/26 16:13:29 - 0:07:20 - Distribution of scores:
INFO - 06/04/26 16:13:29 - 0:07:20 - Score 4.998224942639953: Count: 1
INFO - 06/04/26 16:13:29 - 0:07:20 - Score 4.9990900412395884: Count: 1
INFO - 06/04/26 16:13:29 - 0:07:20 - Score 6.97032967032967: Count: 3
INFO - 06/04/26 16:13:29 - 0:07:20 - Score 6.999500499500499: Count: 1
INFO - 06/04/26 16:13:29 - 0:07:20 - Score 6.999865419517671: Count: 1
INFO - 06/04/26 16:13:29 - 0:07:20 - Score 6.999932709758836: Count: 1
INFO - 06/04/26 16:13:29 - 0:07:20 - Score 7.0: Count: 521
INFO - 06/04/26 16:13:29 - 0:07:20 - --------------------------------
INFO - 06/04/26 16:13:29 - 0:07:20 - ==== Starting Epoch 14 =====
INFO - 06/04/26 16:13:30 - 0:07:20 - [Epoch 14 START] CPU: 0.0% | RAM: 955.8MB
INFO - 06/04/26 16:13:30 - 0:07:20 - Encoded train: 529 examples in 0.00s (522 cache hits, 7 misses)
INFO - 06/04/26 16:13:30 - 0:07:20 - Encoded test: 50 examples in 0.00s (41 cache hits, 9 misses)
INFO - 06/04/26 16:13:30 - 0:07:20 - Memory allocated: 28.71MB, reserved: 62.48MB
INFO - 06/04/26 16:13:33 - 0:07:23 - step 100 | loss 0.2687 | steps time 3282.08ms
INFO - 06/04/26 16:13:33 - 0:07:24 - step 100 train loss: 0.2695252712070942 test loss: 0.29938846826553345
INFO - 06/04/26 16:13:36 - 0:07:27 - step 200 | loss 0.2716 | steps time 3324.31ms
INFO - 06/04/26 16:13:36 - 0:07:27 - step 200 train loss: 0.27970980018377306 test loss: 0.29751911759376526
INFO - 06/04/26 16:13:40 - 0:07:30 - step 300 | loss 0.2662 | steps time 3313.68ms
INFO - 06/04/26 16:13:40 - 0:07:30 - step 300 train loss: 0.265071756541729 test loss: 0.35120657086372375
INFO - 06/04/26 16:13:43 - 0:07:34 - step 400 | loss 0.2297 | steps time 3413.59ms
INFO - 06/04/26 16:13:43 - 0:07:34 - step 400 train loss: 0.27138171553611756 test loss: 0.31119585037231445
INFO - 06/04/26 16:13:47 - 0:07:37 - step 500 | loss 0.2494 | steps time 3417.20ms
INFO - 06/04/26 16:13:47 - 0:07:37 - step 500 train loss: 0.2647577501833439 test loss: 0.2983786165714264
INFO - 06/04/26 16:13:47 - 0:07:37 - [Epoch 14 AFTER_TRAIN] CPU: 0.0% | RAM: 956.6MB
INFO - 06/04/26 16:13:47 - 0:07:37 - Sample with temperature 1.3900000000000003 to 1.7900000000000005
INFO - 06/04/26 16:13:47 - 0:07:37 - 0 / 960 samples generated, 0 scored
INFO - 06/04/26 16:13:59 - 0:07:49 - 640 / 960 samples generated, 236 scored
INFO - 06/04/26 16:14:05 - 0:07:55 - ### Score distribution ###
INFO - 06/04/26 16:14:05 - 0:07:55 - Invalid examples: before local search: 70, after: 68
INFO - 06/04/26 16:14:05 - 0:07:55 - Valid examples: 358
INFO - 06/04/26 16:14:05 - 0:07:55 - Mean score: 6.990913393279032
INFO - 06/04/26 16:14:05 - 0:07:55 - Median score: 7.0
INFO - 06/04/26 16:14:05 - 0:07:55 - Stdev score: 0.12460150909284351
INFO - 06/04/26 16:14:05 - 0:07:55 - Max score: 7.0
INFO - 06/04/26 16:14:05 - 0:07:55 - Top 1 percentile score: 7.0
INFO - 06/04/26 16:14:05 - 0:07:55 - Distribution of scores:
INFO - 06/04/26 16:14:05 - 0:07:55 - Score 4.998224942639953: Count: 1
INFO - 06/04/26 16:14:05 - 0:07:55 - Score 5.748971721977144: Count: 1
INFO - 06/04/26 16:14:05 - 0:07:55 - Score 6.999865419517671: Count: 1
INFO - 06/04/26 16:14:05 - 0:07:55 - Score 6.999932709758836: Count: 1
INFO - 06/04/26 16:14:05 - 0:07:55 - Score 7.0: Count: 354
INFO - 06/04/26 16:14:05 - 0:07:55 - --------------------------------
INFO - 06/04/26 16:14:05 - 0:07:55 - [Epoch 14 AFTER_SAMPLE] CPU: 0.0% | RAM: 957.2MB
INFO - 06/04/26 16:14:05 - 0:07:55 - Unique processing: 228 examples left, 130 duplicates
INFO - 06/04/26 16:14:05 - 0:07:55 - ### Score distribution ###
INFO - 06/04/26 16:14:05 - 0:07:55 - Valid examples: 228
INFO - 06/04/26 16:14:05 - 0:07:55 - Mean score: 6.985732433306551
INFO - 06/04/26 16:14:05 - 0:07:55 - Median score: 7.0
INFO - 06/04/26 16:14:05 - 0:07:55 - Stdev score: 0.15602104634078806
INFO - 06/04/26 16:14:05 - 0:07:55 - Max score: 7.0
INFO - 06/04/26 16:14:05 - 0:07:55 - Top 1 percentile score: 7.0
INFO - 06/04/26 16:14:05 - 0:07:55 - Distribution of scores:
INFO - 06/04/26 16:14:05 - 0:07:55 - Score 4.998224942639953: Count: 1
INFO - 06/04/26 16:14:05 - 0:07:55 - Score 5.748971721977144: Count: 1
INFO - 06/04/26 16:14:05 - 0:07:55 - Score 6.999865419517671: Count: 1
INFO - 06/04/26 16:14:05 - 0:07:55 - Score 6.999932709758836: Count: 1
INFO - 06/04/26 16:14:05 - 0:07:55 - Score 7.0: Count: 224
INFO - 06/04/26 16:14:05 - 0:07:55 - --------------------------------
INFO - 06/04/26 16:14:05 - 0:07:55 - New train and test generated. Size are train: 178, test 50
INFO - 06/04/26 16:14:05 - 0:07:55 - Unique data computed for original train set: 529, generated train set: 23
INFO - 06/04/26 16:14:05 - 0:07:55 - Final train and test generated. Size are train: 552, test 50
INFO - 06/04/26 16:14:05 - 0:07:55 - [Epoch 14 AFTER_UPDATE_DATASETS] CPU: 0.0% | RAM: 957.3MB
INFO - 06/04/26 16:14:05 - 0:07:56 - ### Score distribution ###
INFO - 06/04/26 16:14:05 - 0:07:56 - Valid examples: 552
INFO - 06/04/26 16:14:05 - 0:07:56 - Mean score: 6.990319881060911
INFO - 06/04/26 16:14:05 - 0:07:56 - Median score: 7.0
INFO - 06/04/26 16:14:05 - 0:07:56 - Stdev score: 0.1314910447179478
INFO - 06/04/26 16:14:05 - 0:07:56 - Max score: 7.0
INFO - 06/04/26 16:14:05 - 0:07:56 - Top 1 percentile score: 7.0
INFO - 06/04/26 16:14:05 - 0:07:56 - Distribution of scores:
INFO - 06/04/26 16:14:05 - 0:07:56 - Score 4.998224942639953: Count: 1
INFO - 06/04/26 16:14:05 - 0:07:56 - Score 4.9990900412395884: Count: 1
INFO - 06/04/26 16:14:05 - 0:07:56 - Score 5.748971721977144: Count: 1
INFO - 06/04/26 16:14:05 - 0:07:56 - Score 6.97032967032967: Count: 3
INFO - 06/04/26 16:14:05 - 0:07:56 - Score 6.999500499500499: Count: 1
INFO - 06/04/26 16:14:05 - 0:07:56 - Score 6.999865419517671: Count: 1
INFO - 06/04/26 16:14:05 - 0:07:56 - Score 6.999932709758836: Count: 1
INFO - 06/04/26 16:14:05 - 0:07:56 - Score 7.0: Count: 543
INFO - 06/04/26 16:14:05 - 0:07:56 - --------------------------------
INFO - 06/04/26 16:14:05 - 0:07:56 - ==== Starting Epoch 15 =====
INFO - 06/04/26 16:14:05 - 0:07:56 - [Epoch 15 START] CPU: 0.0% | RAM: 957.3MB
INFO - 06/04/26 16:14:05 - 0:07:56 - Encoded train: 552 examples in 0.00s (549 cache hits, 3 misses)
INFO - 06/04/26 16:14:05 - 0:07:56 - Encoded test: 50 examples in 0.00s (44 cache hits, 6 misses)
INFO - 06/04/26 16:14:05 - 0:07:56 - Memory allocated: 28.71MB, reserved: 54.48MB
INFO - 06/04/26 16:14:08 - 0:07:59 - step 100 | loss 0.2344 | steps time 3305.86ms
INFO - 06/04/26 16:14:08 - 0:07:59 - step 100 train loss: 0.27454682558774945 test loss: 0.2886043190956116
INFO - 06/04/26 16:14:12 - 0:08:02 - step 200 | loss 0.2561 | steps time 3314.14ms
INFO - 06/04/26 16:14:12 - 0:08:02 - step 200 train loss: 0.27346907317638397 test loss: 0.27269279956817627
INFO - 06/04/26 16:14:15 - 0:08:06 - step 300 | loss 0.2918 | steps time 3311.01ms
INFO - 06/04/26 16:14:15 - 0:08:06 - step 300 train loss: 0.27600775986909865 test loss: 0.2944726347923279
INFO - 06/04/26 16:14:19 - 0:08:09 - step 400 | loss 0.2718 | steps time 3330.33ms
INFO - 06/04/26 16:14:19 - 0:08:09 - step 400 train loss: 0.2686302125453949 test loss: 0.2764907479286194
INFO - 06/04/26 16:14:22 - 0:08:13 - step 500 | loss 0.2845 | steps time 3339.94ms
INFO - 06/04/26 16:14:22 - 0:08:13 - step 500 train loss: 0.26882620617747305 test loss: 0.2774387300014496
INFO - 06/04/26 16:14:22 - 0:08:13 - [Epoch 15 AFTER_TRAIN] CPU: 0.0% | RAM: 958.3MB
INFO - 06/04/26 16:14:22 - 0:08:13 - Sample with temperature 1.4200000000000004 to 1.8200000000000003
INFO - 06/04/26 16:14:22 - 0:08:13 - 0 / 960 samples generated, 0 scored
INFO - 06/04/26 16:14:35 - 0:08:26 - 640 / 960 samples generated, 256 scored
INFO - 06/04/26 16:14:40 - 0:08:31 - ### Score distribution ###
INFO - 06/04/26 16:14:40 - 0:08:31 - Invalid examples: before local search: 50, after: 44
INFO - 06/04/26 16:14:40 - 0:08:31 - Valid examples: 352
INFO - 06/04/26 16:14:40 - 0:08:31 - Mean score: 6.985699065531772
INFO - 06/04/26 16:14:40 - 0:08:31 - Median score: 7.0
INFO - 06/04/26 16:14:40 - 0:08:31 - Stdev score: 0.15962487605265574
INFO - 06/04/26 16:14:40 - 0:08:31 - Max score: 7.0
INFO - 06/04/26 16:14:40 - 0:08:31 - Top 1 percentile score: 7.0
INFO - 06/04/26 16:14:40 - 0:08:31 - Distribution of scores:
INFO - 06/04/26 16:14:40 - 0:08:31 - Score 4.998224942639953: Count: 2
INFO - 06/04/26 16:14:40 - 0:08:31 - Score 5.999791012073669: Count: 1
INFO - 06/04/26 16:14:40 - 0:08:31 - Score 6.97032967032967: Count: 1
INFO - 06/04/26 16:14:40 - 0:08:31 - Score 6.999500499500499: Count: 1
INFO - 06/04/26 16:14:40 - 0:08:31 - Score 7.0: Count: 347
INFO - 06/04/26 16:14:40 - 0:08:31 - --------------------------------
INFO - 06/04/26 16:14:40 - 0:08:31 - [Epoch 15 AFTER_SAMPLE] CPU: 0.0% | RAM: 945.4MB
INFO - 06/04/26 16:14:40 - 0:08:31 - Unique processing: 230 examples left, 122 duplicates
INFO - 06/04/26 16:14:40 - 0:08:31 - ### Score distribution ###
INFO - 06/04/26 16:14:40 - 0:08:31 - Valid examples: 230
INFO - 06/04/26 16:14:40 - 0:08:31 - Mean score: 6.986816722280625
INFO - 06/04/26 16:14:40 - 0:08:31 - Median score: 7.0
INFO - 06/04/26 16:14:40 - 0:08:31 - Stdev score: 0.14729627706221315
INFO - 06/04/26 16:14:40 - 0:08:31 - Max score: 7.0
INFO - 06/04/26 16:14:40 - 0:08:31 - Top 1 percentile score: 7.0
INFO - 06/04/26 16:14:40 - 0:08:31 - Distribution of scores:
INFO - 06/04/26 16:14:40 - 0:08:31 - Score 4.998224942639953: Count: 1
INFO - 06/04/26 16:14:40 - 0:08:31 - Score 5.999791012073669: Count: 1
INFO - 06/04/26 16:14:40 - 0:08:31 - Score 6.97032967032967: Count: 1
INFO - 06/04/26 16:14:40 - 0:08:31 - Score 6.999500499500499: Count: 1
INFO - 06/04/26 16:14:40 - 0:08:31 - Score 7.0: Count: 226
INFO - 06/04/26 16:14:40 - 0:08:31 - --------------------------------
INFO - 06/04/26 16:14:40 - 0:08:31 - New train and test generated. Size are train: 180, test 50
INFO - 06/04/26 16:14:40 - 0:08:31 - Unique data computed for original train set: 552, generated train set: 17
INFO - 06/04/26 16:14:40 - 0:08:31 - Final train and test generated. Size are train: 569, test 50
INFO - 06/04/26 16:14:40 - 0:08:31 - [Epoch 15 AFTER_UPDATE_DATASETS] CPU: 0.0% | RAM: 945.4MB
INFO - 06/04/26 16:14:41 - 0:08:31 - ### Score distribution ###
INFO - 06/04/26 16:14:41 - 0:08:31 - Valid examples: 569
INFO - 06/04/26 16:14:41 - 0:08:31 - Mean score: 6.988850379362384
INFO - 06/04/26 16:14:41 - 0:08:31 - Median score: 7.0
INFO - 06/04/26 16:14:41 - 0:08:31 - Stdev score: 0.13601561525761882
INFO - 06/04/26 16:14:41 - 0:08:31 - Max score: 7.0
INFO - 06/04/26 16:14:41 - 0:08:31 - Top 1 percentile score: 7.0
INFO - 06/04/26 16:14:41 - 0:08:31 - Distribution of scores:
INFO - 06/04/26 16:14:41 - 0:08:31 - Score 4.998224942639953: Count: 1
INFO - 06/04/26 16:14:41 - 0:08:31 - Score 4.9990900412395884: Count: 1
INFO - 06/04/26 16:14:41 - 0:08:31 - Score 5.748971721977144: Count: 1
INFO - 06/04/26 16:14:41 - 0:08:31 - Score 5.999791012073669: Count: 1
INFO - 06/04/26 16:14:41 - 0:08:31 - Score 6.97032967032967: Count: 3
INFO - 06/04/26 16:14:41 - 0:08:31 - Score 6.999500499500499: Count: 2
INFO - 06/04/26 16:14:41 - 0:08:31 - Score 6.999865419517671: Count: 1
INFO - 06/04/26 16:14:41 - 0:08:31 - Score 6.999932709758836: Count: 1
INFO - 06/04/26 16:14:41 - 0:08:31 - Score 7.0: Count: 558
INFO - 06/04/26 16:14:41 - 0:08:31 - --------------------------------
INFO - 06/04/26 16:14:41 - 0:08:31 - ==== Starting Epoch 16 =====
INFO - 06/04/26 16:14:41 - 0:08:31 - [Epoch 16 START] CPU: 0.0% | RAM: 945.4MB
INFO - 06/04/26 16:14:41 - 0:08:31 - Encoded train: 569 examples in 0.00s (564 cache hits, 5 misses)
INFO - 06/04/26 16:14:41 - 0:08:31 - Encoded test: 50 examples in 0.00s (45 cache hits, 5 misses)
INFO - 06/04/26 16:14:41 - 0:08:31 - Memory allocated: 28.71MB, reserved: 62.48MB
INFO - 06/04/26 16:14:44 - 0:08:35 - step 100 | loss 0.2797 | steps time 3291.86ms
INFO - 06/04/26 16:14:44 - 0:08:35 - step 100 train loss: 0.27659486651420595 test loss: 0.23953533172607422
INFO - 06/04/26 16:14:47 - 0:08:38 - step 200 | loss 0.2805 | steps time 3309.88ms
INFO - 06/04/26 16:14:47 - 0:08:38 - step 200 train loss: 0.269805088788271 test loss: 0.26759836077690125
INFO - 06/04/26 16:14:51 - 0:08:41 - step 300 | loss 0.2507 | steps time 3318.65ms
INFO - 06/04/26 16:14:51 - 0:08:41 - step 300 train loss: 0.27163429409265516 test loss: 0.25209811329841614
INFO - 06/04/26 16:14:54 - 0:08:45 - step 400 | loss 0.2773 | steps time 3329.62ms
INFO - 06/04/26 16:14:54 - 0:08:45 - step 400 train loss: 0.2619606201350689 test loss: 0.2738935053348541
INFO - 06/04/26 16:14:58 - 0:08:48 - step 500 | loss 0.2704 | steps time 3323.15ms
INFO - 06/04/26 16:14:58 - 0:08:48 - step 500 train loss: 0.2757738600671291 test loss: 0.23967245221138
INFO - 06/04/26 16:14:58 - 0:08:48 - [Epoch 16 AFTER_TRAIN] CPU: 0.0% | RAM: 946.4MB
INFO - 06/04/26 16:14:58 - 0:08:48 - Sample with temperature 1.4500000000000004 to 1.8500000000000005
INFO - 06/04/26 16:14:58 - 0:08:48 - 0 / 960 samples generated, 0 scored
INFO - 06/04/26 16:15:11 - 0:09:02 - 640 / 960 samples generated, 250 scored
INFO - 06/04/26 16:15:18 - 0:09:09 - ### Score distribution ###
INFO - 06/04/26 16:15:18 - 0:09:09 - Invalid examples: before local search: 76, after: 68
INFO - 06/04/26 16:15:18 - 0:09:09 - Valid examples: 398
INFO - 06/04/26 16:15:18 - 0:09:09 - Mean score: 6.989870458448663
INFO - 06/04/26 16:15:18 - 0:09:09 - Median score: 7.0
INFO - 06/04/26 16:15:18 - 0:09:09 - Stdev score: 0.1416644830826796
INFO - 06/04/26 16:15:18 - 0:09:09 - Max score: 7.0
INFO - 06/04/26 16:15:18 - 0:09:09 - Top 1 percentile score: 7.0
INFO - 06/04/26 16:15:18 - 0:09:09 - Distribution of scores:
INFO - 06/04/26 16:15:18 - 0:09:09 - Score 4.9990900412395884: Count: 2
INFO - 06/04/26 16:15:18 - 0:09:09 - Score 6.97032967032967: Count: 1
INFO - 06/04/26 16:15:18 - 0:09:09 - Score 6.999932709758836: Count: 1
INFO - 06/04/26 16:15:18 - 0:09:09 - Score 7.0: Count: 394
INFO - 06/04/26 16:15:18 - 0:09:09 - --------------------------------
INFO - 06/04/26 16:15:18 - 0:09:09 - [Epoch 16 AFTER_SAMPLE] CPU: 0.0% | RAM: 947.1MB
INFO - 06/04/26 16:15:18 - 0:09:09 - Unique processing: 239 examples left, 159 duplicates
INFO - 06/04/26 16:15:18 - 0:09:09 - ### Score distribution ###
INFO - 06/04/26 16:15:18 - 0:09:09 - Valid examples: 239
INFO - 06/04/26 16:15:18 - 0:09:09 - Mean score: 6.983131558420785
INFO - 06/04/26 16:15:18 - 0:09:09 - Median score: 7.0
INFO - 06/04/26 16:15:18 - 0:09:09 - Stdev score: 0.1826526708752412
INFO - 06/04/26 16:15:18 - 0:09:09 - Max score: 7.0
INFO - 06/04/26 16:15:18 - 0:09:09 - Top 1 percentile score: 7.0
INFO - 06/04/26 16:15:18 - 0:09:09 - Distribution of scores:
INFO - 06/04/26 16:15:18 - 0:09:09 - Score 4.9990900412395884: Count: 2
INFO - 06/04/26 16:15:18 - 0:09:09 - Score 6.97032967032967: Count: 1
INFO - 06/04/26 16:15:18 - 0:09:09 - Score 6.999932709758836: Count: 1
INFO - 06/04/26 16:15:18 - 0:09:09 - Score 7.0: Count: 235
INFO - 06/04/26 16:15:18 - 0:09:09 - --------------------------------
INFO - 06/04/26 16:15:18 - 0:09:09 - New train and test generated. Size are train: 189, test 50
INFO - 06/04/26 16:15:18 - 0:09:09 - Unique data computed for original train set: 569, generated train set: 14
INFO - 06/04/26 16:15:18 - 0:09:09 - Final train and test generated. Size are train: 583, test 50
INFO - 06/04/26 16:15:18 - 0:09:09 - [Epoch 16 AFTER_UPDATE_DATASETS] CPU: 0.0% | RAM: 947.1MB
INFO - 06/04/26 16:15:18 - 0:09:09 - ### Score distribution ###
INFO - 06/04/26 16:15:18 - 0:09:09 - Valid examples: 583
INFO - 06/04/26 16:15:18 - 0:09:09 - Mean score: 6.9856860307005775
INFO - 06/04/26 16:15:18 - 0:09:09 - Median score: 7.0
INFO - 06/04/26 16:15:18 - 0:09:09 - Stdev score: 0.15764081841129565
INFO - 06/04/26 16:15:18 - 0:09:09 - Max score: 7.0
INFO - 06/04/26 16:15:18 - 0:09:09 - Top 1 percentile score: 7.0
INFO - 06/04/26 16:15:18 - 0:09:09 - Distribution of scores:
INFO - 06/04/26 16:15:18 - 0:09:09 - Score 4.998224942639953: Count: 1
INFO - 06/04/26 16:15:18 - 0:09:09 - Score 4.9990900412395884: Count: 2
INFO - 06/04/26 16:15:18 - 0:09:09 - Score 5.748971721977144: Count: 1
INFO - 06/04/26 16:15:18 - 0:09:09 - Score 5.999791012073669: Count: 1
INFO - 06/04/26 16:15:18 - 0:09:09 - Score 6.97032967032967: Count: 3
INFO - 06/04/26 16:15:18 - 0:09:09 - Score 6.999500499500499: Count: 2
INFO - 06/04/26 16:15:18 - 0:09:09 - Score 6.999865419517671: Count: 1
INFO - 06/04/26 16:15:18 - 0:09:09 - Score 6.999932709758836: Count: 1
INFO - 06/04/26 16:15:18 - 0:09:09 - Score 7.0: Count: 571
INFO - 06/04/26 16:15:18 - 0:09:09 - --------------------------------
INFO - 06/04/26 16:15:18 - 0:09:09 - ==== Starting Epoch 17 =====
INFO - 06/04/26 16:15:19 - 0:09:09 - [Epoch 17 START] CPU: 0.0% | RAM: 947.1MB
INFO - 06/04/26 16:15:19 - 0:09:09 - Encoded train: 583 examples in 0.00s (576 cache hits, 7 misses)
INFO - 06/04/26 16:15:19 - 0:09:09 - Encoded test: 50 examples in 0.00s (44 cache hits, 6 misses)
INFO - 06/04/26 16:15:19 - 0:09:09 - Memory allocated: 28.70MB, reserved: 62.48MB
INFO - 06/04/26 16:15:22 - 0:09:13 - step 100 | loss 0.2732 | steps time 3317.64ms
INFO - 06/04/26 16:15:22 - 0:09:13 - step 100 train loss: 0.2729971334338188 test loss: 0.3116758465766907
INFO - 06/04/26 16:15:25 - 0:09:16 - step 200 | loss 0.2671 | steps time 3376.30ms
INFO - 06/04/26 16:15:25 - 0:09:16 - step 200 train loss: 0.2703718338906765 test loss: 0.32374104857444763
INFO - 06/04/26 16:15:29 - 0:09:19 - step 300 | loss 0.2744 | steps time 3362.32ms
INFO - 06/04/26 16:15:29 - 0:09:19 - step 300 train loss: 0.27154309064149856 test loss: 0.3175845444202423
INFO - 06/04/26 16:15:32 - 0:09:23 - step 400 | loss 0.2602 | steps time 3384.10ms
INFO - 06/04/26 16:15:32 - 0:09:23 - step 400 train loss: 0.27344929829239845 test loss: 0.2920558750629425
INFO - 06/04/26 16:15:36 - 0:09:26 - step 500 | loss 0.2637 | steps time 3364.28ms
INFO - 06/04/26 16:15:36 - 0:09:26 - step 500 train loss: 0.26855036184191705 test loss: 0.3164054751396179
INFO - 06/04/26 16:15:36 - 0:09:26 - [Epoch 17 AFTER_TRAIN] CPU: 0.0% | RAM: 948.1MB
INFO - 06/04/26 16:15:36 - 0:09:27 - Sample with temperature 1.4800000000000004 to 1.8800000000000003
INFO - 06/04/26 16:15:36 - 0:09:27 - 0 / 960 samples generated, 0 scored
INFO - 06/04/26 16:15:46 - 0:09:37 - 640 / 960 samples generated, 168 scored
INFO - 06/04/26 16:15:53 - 0:09:43 - ### Score distribution ###
INFO - 06/04/26 16:15:53 - 0:09:43 - Invalid examples: before local search: 69, after: 64
INFO - 06/04/26 16:15:53 - 0:09:43 - Valid examples: 302
INFO - 06/04/26 16:15:53 - 0:09:43 - Mean score: 6.983336955304833
INFO - 06/04/26 16:15:53 - 0:09:43 - Median score: 7.0
INFO - 06/04/26 16:15:53 - 0:09:43 - Stdev score: 0.17276493463995526
INFO - 06/04/26 16:15:53 - 0:09:43 - Max score: 7.0
INFO - 06/04/26 16:15:53 - 0:09:43 - Top 1 percentile score: 7.0
INFO - 06/04/26 16:15:53 - 0:09:43 - Distribution of scores:
INFO - 06/04/26 16:15:53 - 0:09:43 - Score 4.9990900412395884: Count: 2
INFO - 06/04/26 16:15:53 - 0:09:43 - Score 5.97007992007992: Count: 1
INFO - 06/04/26 16:15:53 - 0:09:43 - Score 6.999500499500499: Count: 1
INFO - 06/04/26 16:15:53 - 0:09:43 - Score 7.0: Count: 298
INFO - 06/04/26 16:15:53 - 0:09:43 - --------------------------------
INFO - 06/04/26 16:15:53 - 0:09:43 - [Epoch 17 AFTER_SAMPLE] CPU: 0.0% | RAM: 948.7MB
INFO - 06/04/26 16:15:53 - 0:09:43 - Unique processing: 204 examples left, 98 duplicates
INFO - 06/04/26 16:15:53 - 0:09:43 - ### Score distribution ###
INFO - 06/04/26 16:15:53 - 0:09:43 - Valid examples: 204
INFO - 06/04/26 16:15:53 - 0:09:43 - Mean score: 6.975332159323822
INFO - 06/04/26 16:15:53 - 0:09:43 - Median score: 7.0
INFO - 06/04/26 16:15:53 - 0:09:43 - Stdev score: 0.20990124894284987
INFO - 06/04/26 16:15:53 - 0:09:43 - Max score: 7.0
INFO - 06/04/26 16:15:53 - 0:09:43 - Top 1 percentile score: 7.0
INFO - 06/04/26 16:15:53 - 0:09:43 - Distribution of scores:
INFO - 06/04/26 16:15:53 - 0:09:43 - Score 4.9990900412395884: Count: 2
INFO - 06/04/26 16:15:53 - 0:09:43 - Score 5.97007992007992: Count: 1
INFO - 06/04/26 16:15:53 - 0:09:43 - Score 6.999500499500499: Count: 1
INFO - 06/04/26 16:15:53 - 0:09:43 - Score 7.0: Count: 200
INFO - 06/04/26 16:15:53 - 0:09:43 - --------------------------------
INFO - 06/04/26 16:15:53 - 0:09:43 - New train and test generated. Size are train: 154, test 50
INFO - 06/04/26 16:15:53 - 0:09:43 - Unique data computed for original train set: 583, generated train set: 15
INFO - 06/04/26 16:15:53 - 0:09:43 - Final train and test generated. Size are train: 598, test 50
INFO - 06/04/26 16:15:53 - 0:09:44 - [Epoch 17 AFTER_UPDATE_DATASETS] CPU: 0.0% | RAM: 948.7MB
INFO - 06/04/26 16:15:53 - 0:09:44 - ### Score distribution ###
INFO - 06/04/26 16:15:53 - 0:09:44 - Valid examples: 598
INFO - 06/04/26 16:15:53 - 0:09:44 - Mean score: 6.984322802372101
INFO - 06/04/26 16:15:53 - 0:09:44 - Median score: 7.0
INFO - 06/04/26 16:15:53 - 0:09:44 - Stdev score: 0.16111149832151578
INFO - 06/04/26 16:15:53 - 0:09:44 - Max score: 7.0
INFO - 06/04/26 16:15:53 - 0:09:44 - Top 1 percentile score: 7.0
INFO - 06/04/26 16:15:53 - 0:09:44 - Distribution of scores:
INFO - 06/04/26 16:15:53 - 0:09:44 - Score 4.998224942639953: Count: 1
INFO - 06/04/26 16:15:53 - 0:09:44 - Score 4.9990900412395884: Count: 2
INFO - 06/04/26 16:15:53 - 0:09:44 - Score 5.748971721977144: Count: 1
INFO - 06/04/26 16:15:53 - 0:09:44 - Score 5.97007992007992: Count: 1
INFO - 06/04/26 16:15:53 - 0:09:44 - Score 5.999791012073669: Count: 1
INFO - 06/04/26 16:15:53 - 0:09:44 - Score 6.97032967032967: Count: 3
INFO - 06/04/26 16:15:53 - 0:09:44 - Score 6.999500499500499: Count: 2
INFO - 06/04/26 16:15:53 - 0:09:44 - Score 6.999865419517671: Count: 1
INFO - 06/04/26 16:15:53 - 0:09:44 - Score 6.999932709758836: Count: 1
INFO - 06/04/26 16:15:53 - 0:09:44 - Score 7.0: Count: 585
INFO - 06/04/26 16:15:53 - 0:09:44 - --------------------------------
INFO - 06/04/26 16:15:53 - 0:09:44 - ==== Starting Epoch 18 =====
INFO - 06/04/26 16:15:53 - 0:09:44 - [Epoch 18 START] CPU: 0.0% | RAM: 948.7MB
INFO - 06/04/26 16:15:53 - 0:09:44 - Encoded train: 598 examples in 0.00s (596 cache hits, 2 misses)
INFO - 06/04/26 16:15:53 - 0:09:44 - Encoded test: 50 examples in 0.00s (44 cache hits, 6 misses)
INFO - 06/04/26 16:15:53 - 0:09:44 - Memory allocated: 28.71MB, reserved: 62.48MB
INFO - 06/04/26 16:15:56 - 0:09:47 - step 100 | loss 0.2750 | steps time 3299.39ms
INFO - 06/04/26 16:15:57 - 0:09:47 - step 100 train loss: 0.2656730936467648 test loss: 0.26977014541625977
INFO - 06/04/26 16:16:00 - 0:09:51 - step 200 | loss 0.2886 | steps time 3330.32ms
INFO - 06/04/26 16:16:00 - 0:09:51 - step 200 train loss: 0.27291819512844084 test loss: 0.2791537046432495
INFO - 06/04/26 16:16:03 - 0:09:54 - step 300 | loss 0.3020 | steps time 3335.65ms
INFO - 06/04/26 16:16:03 - 0:09:54 - step 300 train loss: 0.2651386798918247 test loss: 0.27716776728630066
INFO - 06/04/26 16:16:07 - 0:09:57 - step 400 | loss 0.2487 | steps time 3356.72ms
INFO - 06/04/26 16:16:07 - 0:09:57 - step 400 train loss: 0.26403911724686624 test loss: 0.29168710112571716
INFO - 06/04/26 16:16:10 - 0:10:01 - step 500 | loss 0.2662 | steps time 3337.09ms
INFO - 06/04/26 16:16:10 - 0:10:01 - step 500 train loss: 0.26882687091827395 test loss: 0.27524763345718384
INFO - 06/04/26 16:16:10 - 0:10:01 - [Epoch 18 AFTER_TRAIN] CPU: 0.0% | RAM: 949.6MB
INFO - 06/04/26 16:16:10 - 0:10:01 - Sample with temperature 1.5100000000000005 to 1.9100000000000006
INFO - 06/04/26 16:16:10 - 0:10:01 - 0 / 960 samples generated, 0 scored
INFO - 06/04/26 16:16:22 - 0:10:13 - 640 / 960 samples generated, 221 scored
INFO - 06/04/26 16:16:29 - 0:10:19 - ### Score distribution ###
INFO - 06/04/26 16:16:29 - 0:10:19 - Invalid examples: before local search: 56, after: 53
INFO - 06/04/26 16:16:29 - 0:10:19 - Valid examples: 348
INFO - 06/04/26 16:16:29 - 0:10:19 - Mean score: 6.988500324115626
INFO - 06/04/26 16:16:29 - 0:10:19 - Median score: 7.0
INFO - 06/04/26 16:16:29 - 0:10:19 - Stdev score: 0.15146984867356705
INFO - 06/04/26 16:16:29 - 0:10:19 - Max score: 7.0
INFO - 06/04/26 16:16:29 - 0:10:19 - Top 1 percentile score: 7.0
INFO - 06/04/26 16:16:29 - 0:10:19 - Distribution of scores:
INFO - 06/04/26 16:16:29 - 0:10:19 - Score 4.9990900412395884: Count: 2
INFO - 06/04/26 16:16:29 - 0:10:19 - Score 6.999932709758836: Count: 1
INFO - 06/04/26 16:16:29 - 0:10:19 - Score 7.0: Count: 345
INFO - 06/04/26 16:16:29 - 0:10:19 - --------------------------------
INFO - 06/04/26 16:16:29 - 0:10:19 - [Epoch 18 AFTER_SAMPLE] CPU: 0.0% | RAM: 950.3MB
INFO - 06/04/26 16:16:29 - 0:10:19 - Unique processing: 237 examples left, 111 duplicates
INFO - 06/04/26 16:16:29 - 0:10:19 - ### Score distribution ###
INFO - 06/04/26 16:16:29 - 0:10:19 - Valid examples: 237
INFO - 06/04/26 16:16:29 - 0:10:19 - Mean score: 6.99155705802109
INFO - 06/04/26 16:16:29 - 0:10:19 - Median score: 7.0
INFO - 06/04/26 16:16:29 - 0:10:19 - Stdev score: 0.12997305021798425
INFO - 06/04/26 16:16:29 - 0:10:19 - Max score: 7.0
INFO - 06/04/26 16:16:29 - 0:10:19 - Top 1 percentile score: 7.0
INFO - 06/04/26 16:16:29 - 0:10:19 - Distribution of scores:
INFO - 06/04/26 16:16:29 - 0:10:19 - Score 4.9990900412395884: Count: 1
INFO - 06/04/26 16:16:29 - 0:10:19 - Score 6.999932709758836: Count: 1
INFO - 06/04/26 16:16:29 - 0:10:19 - Score 7.0: Count: 235
INFO - 06/04/26 16:16:29 - 0:10:19 - --------------------------------
INFO - 06/04/26 16:16:29 - 0:10:19 - New train and test generated. Size are train: 187, test 50
INFO - 06/04/26 16:16:29 - 0:10:19 - Unique data computed for original train set: 598, generated train set: 19
INFO - 06/04/26 16:16:29 - 0:10:19 - Final train and test generated. Size are train: 617, test 50
INFO - 06/04/26 16:16:29 - 0:10:20 - [Epoch 18 AFTER_UPDATE_DATASETS] CPU: 0.0% | RAM: 950.3MB
INFO - 06/04/26 16:16:29 - 0:10:20 - ### Score distribution ###
INFO - 06/04/26 16:16:29 - 0:10:20 - Valid examples: 617
INFO - 06/04/26 16:16:29 - 0:10:20 - Mean score: 6.9848055685875465
INFO - 06/04/26 16:16:29 - 0:10:20 - Median score: 7.0
INFO - 06/04/26 16:16:29 - 0:10:20 - Stdev score: 0.15863052363734295
INFO - 06/04/26 16:16:29 - 0:10:20 - Max score: 7.0
INFO - 06/04/26 16:16:29 - 0:10:20 - Top 1 percentile score: 7.0
INFO - 06/04/26 16:16:29 - 0:10:20 - Distribution of scores:
INFO - 06/04/26 16:16:29 - 0:10:20 - Score 4.998224942639953: Count: 1
INFO - 06/04/26 16:16:29 - 0:10:20 - Score 4.9990900412395884: Count: 2
INFO - 06/04/26 16:16:29 - 0:10:20 - Score 5.748971721977144: Count: 1
INFO - 06/04/26 16:16:29 - 0:10:20 - Score 5.97007992007992: Count: 1
INFO - 06/04/26 16:16:29 - 0:10:20 - Score 5.999791012073669: Count: 1
INFO - 06/04/26 16:16:29 - 0:10:20 - Score 6.97032967032967: Count: 3
INFO - 06/04/26 16:16:29 - 0:10:20 - Score 6.999500499500499: Count: 2
INFO - 06/04/26 16:16:29 - 0:10:20 - Score 6.999865419517671: Count: 1
INFO - 06/04/26 16:16:29 - 0:10:20 - Score 6.999932709758836: Count: 1
INFO - 06/04/26 16:16:29 - 0:10:20 - Score 7.0: Count: 604
INFO - 06/04/26 16:16:29 - 0:10:20 - --------------------------------
INFO - 06/04/26 16:16:29 - 0:10:20 - ==== Starting Epoch 19 =====
INFO - 06/04/26 16:16:29 - 0:10:20 - [Epoch 19 START] CPU: 0.0% | RAM: 950.3MB
INFO - 06/04/26 16:16:29 - 0:10:20 - Encoded train: 617 examples in 0.00s (614 cache hits, 3 misses)
INFO - 06/04/26 16:16:29 - 0:10:20 - Encoded test: 50 examples in 0.00s (49 cache hits, 1 misses)
INFO - 06/04/26 16:16:29 - 0:10:20 - Memory allocated: 28.68MB, reserved: 62.48MB
INFO - 06/04/26 16:16:32 - 0:10:23 - step 100 | loss 0.2750 | steps time 3326.19ms
INFO - 06/04/26 16:16:33 - 0:10:23 - step 100 train loss: 0.26524055033922195 test loss: 0.27274584770202637
INFO - 06/04/26 16:16:36 - 0:10:27 - step 200 | loss 0.3059 | steps time 3356.70ms
INFO - 06/04/26 16:16:36 - 0:10:27 - step 200 train loss: 0.2715102446079254 test loss: 0.2888909876346588
INFO - 06/04/26 16:16:39 - 0:10:30 - step 300 | loss 0.2622 | steps time 3361.78ms
INFO - 06/04/26 16:16:39 - 0:10:30 - step 300 train loss: 0.26881223887205125 test loss: 0.27690815925598145
INFO - 06/04/26 16:16:43 - 0:10:33 - step 400 | loss 0.2489 | steps time 3360.34ms
INFO - 06/04/26 16:16:43 - 0:10:33 - step 400 train loss: 0.2669051396846771 test loss: 0.2775347828865051
INFO - 06/04/26 16:16:46 - 0:10:37 - step 500 | loss 0.2811 | steps time 3336.56ms
INFO - 06/04/26 16:16:46 - 0:10:37 - step 500 train loss: 0.2668730255961418 test loss: 0.2732786536216736
INFO - 06/04/26 16:16:46 - 0:10:37 - [Epoch 19 AFTER_TRAIN] CPU: 0.0% | RAM: 951.6MB
INFO - 06/04/26 16:16:46 - 0:10:37 - Sample with temperature 1.5400000000000005 to 1.9400000000000004
INFO - 06/04/26 16:16:46 - 0:10:37 - 0 / 960 samples generated, 0 scored
INFO - 06/04/26 16:16:59 - 0:10:49 - 640 / 960 samples generated, 226 scored
INFO - 06/04/26 16:17:04 - 0:10:55 - ### Score distribution ###
INFO - 06/04/26 16:17:04 - 0:10:55 - Invalid examples: before local search: 63, after: 57
INFO - 06/04/26 16:17:04 - 0:10:55 - Valid examples: 323
INFO - 06/04/26 16:17:04 - 0:10:55 - Mean score: 6.9562687751997325
INFO - 06/04/26 16:17:04 - 0:10:55 - Median score: 7.0
INFO - 06/04/26 16:17:04 - 0:10:55 - Stdev score: 0.29176744709923585
INFO - 06/04/26 16:17:04 - 0:10:55 - Max score: 7.0
INFO - 06/04/26 16:17:04 - 0:10:55 - Top 1 percentile score: 7.0
INFO - 06/04/26 16:17:04 - 0:10:55 - Distribution of scores:
INFO - 06/04/26 16:17:04 - 0:10:55 - Score 4.9990900412395884: Count: 7
INFO - 06/04/26 16:17:04 - 0:10:55 - Score 6.97032967032967: Count: 4
INFO - 06/04/26 16:17:04 - 0:10:55 - Score 6.999865419517671: Count: 1
INFO - 06/04/26 16:17:04 - 0:10:55 - Score 7.0: Count: 311
INFO - 06/04/26 16:17:04 - 0:10:55 - --------------------------------
INFO - 06/04/26 16:17:04 - 0:10:55 - [Epoch 19 AFTER_SAMPLE] CPU: 0.0% | RAM: 952.2MB
INFO - 06/04/26 16:17:04 - 0:10:55 - Unique processing: 231 examples left, 92 duplicates
INFO - 06/04/26 16:17:04 - 0:10:55 - ### Score distribution ###
INFO - 06/04/26 16:17:04 - 0:10:55 - Valid examples: 231
INFO - 06/04/26 16:17:04 - 0:10:55 - Mean score: 6.982290192696908
INFO - 06/04/26 16:17:04 - 0:10:55 - Median score: 7.0
INFO - 06/04/26 16:17:04 - 0:10:55 - Stdev score: 0.18577068752695586
INFO - 06/04/26 16:17:04 - 0:10:55 - Max score: 7.0
INFO - 06/04/26 16:17:04 - 0:10:55 - Top 1 percentile score: 7.0
INFO - 06/04/26 16:17:04 - 0:10:55 - Distribution of scores:
INFO - 06/04/26 16:17:04 - 0:10:55 - Score 4.9990900412395884: Count: 2
INFO - 06/04/26 16:17:04 - 0:10:55 - Score 6.97032967032967: Count: 3
INFO - 06/04/26 16:17:04 - 0:10:55 - Score 6.999865419517671: Count: 1
INFO - 06/04/26 16:17:04 - 0:10:55 - Score 7.0: Count: 225
INFO - 06/04/26 16:17:04 - 0:10:55 - --------------------------------
INFO - 06/04/26 16:17:04 - 0:10:55 - New train and test generated. Size are train: 181, test 50
INFO - 06/04/26 16:17:04 - 0:10:55 - Unique data computed for original train set: 617, generated train set: 16
INFO - 06/04/26 16:17:04 - 0:10:55 - Final train and test generated. Size are train: 633, test 50
INFO - 06/04/26 16:17:04 - 0:10:55 - [Epoch 19 AFTER_UPDATE_DATASETS] CPU: 0.0% | RAM: 952.2MB
INFO - 06/04/26 16:17:04 - 0:10:55 - ### Score distribution ###
INFO - 06/04/26 16:17:04 - 0:10:55 - Valid examples: 633
INFO - 06/04/26 16:17:04 - 0:10:55 - Mean score: 6.9851427574863285
INFO - 06/04/26 16:17:04 - 0:10:55 - Median score: 7.0
INFO - 06/04/26 16:17:04 - 0:10:55 - Stdev score: 0.15662785829962714
INFO - 06/04/26 16:17:04 - 0:10:55 - Max score: 7.0
INFO - 06/04/26 16:17:04 - 0:10:55 - Top 1 percentile score: 7.0
INFO - 06/04/26 16:17:04 - 0:10:55 - Distribution of scores:
INFO - 06/04/26 16:17:04 - 0:10:55 - Score 4.998224942639953: Count: 1
INFO - 06/04/26 16:17:04 - 0:10:55 - Score 4.9990900412395884: Count: 2
INFO - 06/04/26 16:17:04 - 0:10:55 - Score 5.748971721977144: Count: 1
INFO - 06/04/26 16:17:04 - 0:10:55 - Score 5.97007992007992: Count: 1
INFO - 06/04/26 16:17:04 - 0:10:55 - Score 5.999791012073669: Count: 1
INFO - 06/04/26 16:17:04 - 0:10:55 - Score 6.97032967032967: Count: 4
INFO - 06/04/26 16:17:04 - 0:10:55 - Score 6.999500499500499: Count: 2
INFO - 06/04/26 16:17:04 - 0:10:55 - Score 6.999865419517671: Count: 1
INFO - 06/04/26 16:17:04 - 0:10:55 - Score 6.999932709758836: Count: 1
INFO - 06/04/26 16:17:04 - 0:10:55 - Score 7.0: Count: 619
INFO - 06/04/26 16:17:04 - 0:10:55 - --------------------------------
INFO - 06/04/26 16:17:04 - 0:10:55 - ==== Starting Epoch 20 =====
INFO - 06/04/26 16:17:04 - 0:10:55 - [Epoch 20 START] CPU: 0.0% | RAM: 952.2MB
INFO - 06/04/26 16:17:04 - 0:10:55 - Encoded train: 633 examples in 0.00s (629 cache hits, 4 misses)
INFO - 06/04/26 16:17:04 - 0:10:55 - Encoded test: 50 examples in 0.00s (44 cache hits, 6 misses)
INFO - 06/04/26 16:17:05 - 0:10:55 - Memory allocated: 28.69MB, reserved: 62.48MB
INFO - 06/04/26 16:17:08 - 0:10:58 - step 100 | loss 0.2642 | steps time 3280.57ms
INFO - 06/04/26 16:17:08 - 0:10:58 - step 100 train loss: 0.2641123835742474 test loss: 0.25582513213157654
INFO - 06/04/26 16:17:11 - 0:11:02 - step 200 | loss 0.2794 | steps time 3294.87ms
INFO - 06/04/26 16:17:11 - 0:11:02 - step 200 train loss: 0.27504156783223155 test loss: 0.28235799074172974
INFO - 06/04/26 16:17:15 - 0:11:05 - step 300 | loss 0.2588 | steps time 3308.05ms
INFO - 06/04/26 16:17:15 - 0:11:05 - step 300 train loss: 0.26381279930472373 test loss: 0.2701041102409363
INFO - 06/04/26 16:17:18 - 0:11:09 - step 400 | loss 0.2906 | steps time 3312.89ms
INFO - 06/04/26 16:17:18 - 0:11:09 - step 400 train loss: 0.2639333048462868 test loss: 0.26001879572868347
INFO - 06/04/26 16:17:21 - 0:11:12 - step 500 | loss 0.2891 | steps time 3339.87ms
INFO - 06/04/26 16:17:21 - 0:11:12 - step 500 train loss: 0.2724928380548954 test loss: 0.28599581122398376
INFO - 06/04/26 16:17:22 - 0:11:12 - [Epoch 20 AFTER_TRAIN] CPU: 0.0% | RAM: 953.4MB
INFO - 06/04/26 16:17:22 - 0:11:12 - Sample with temperature 1.5700000000000005 to 1.9700000000000006
INFO - 06/04/26 16:17:22 - 0:11:12 - 0 / 960 samples generated, 0 scored
INFO - 06/04/26 16:17:33 - 0:11:23 - 640 / 960 samples generated, 223 scored
INFO - 06/04/26 16:17:39 - 0:11:30 - ### Score distribution ###
INFO - 06/04/26 16:17:39 - 0:11:30 - Invalid examples: before local search: 56, after: 52
INFO - 06/04/26 16:17:39 - 0:11:30 - Valid examples: 338
INFO - 06/04/26 16:17:39 - 0:11:30 - Mean score: 6.979281245963883
INFO - 06/04/26 16:17:39 - 0:11:30 - Median score: 7.0
INFO - 06/04/26 16:17:39 - 0:11:30 - Stdev score: 0.19539390209491717
INFO - 06/04/26 16:17:39 - 0:11:30 - Max score: 7.0
INFO - 06/04/26 16:17:39 - 0:11:30 - Top 1 percentile score: 7.0
INFO - 06/04/26 16:17:39 - 0:11:30 - Distribution of scores:
INFO - 06/04/26 16:17:39 - 0:11:30 - Score 4.9990900412395884: Count: 3
INFO - 06/04/26 16:17:39 - 0:11:30 - Score 5.999791012073669: Count: 1
INFO - 06/04/26 16:17:39 - 0:11:30 - Score 7.0: Count: 334
INFO - 06/04/26 16:17:39 - 0:11:30 - --------------------------------
INFO - 06/04/26 16:17:39 - 0:11:30 - [Epoch 20 AFTER_SAMPLE] CPU: 0.0% | RAM: 954.0MB
INFO - 06/04/26 16:17:39 - 0:11:30 - Unique processing: 245 examples left, 93 duplicates
INFO - 06/04/26 16:17:39 - 0:11:30 - ### Score distribution ###
INFO - 06/04/26 16:17:39 - 0:11:30 - Valid examples: 245
INFO - 06/04/26 16:17:39 - 0:11:30 - Mean score: 6.979583555487971
INFO - 06/04/26 16:17:39 - 0:11:30 - Median score: 7.0
INFO - 06/04/26 16:17:39 - 0:11:30 - Stdev score: 0.19104518069253923
INFO - 06/04/26 16:17:39 - 0:11:30 - Max score: 7.0
INFO - 06/04/26 16:17:39 - 0:11:30 - Top 1 percentile score: 7.0
INFO - 06/04/26 16:17:39 - 0:11:30 - Distribution of scores:
INFO - 06/04/26 16:17:39 - 0:11:30 - Score 4.9990900412395884: Count: 2
INFO - 06/04/26 16:17:39 - 0:11:30 - Score 5.999791012073669: Count: 1
INFO - 06/04/26 16:17:39 - 0:11:30 - Score 7.0: Count: 242
INFO - 06/04/26 16:17:39 - 0:11:30 - --------------------------------
INFO - 06/04/26 16:17:39 - 0:11:30 - New train and test generated. Size are train: 195, test 50
INFO - 06/04/26 16:17:39 - 0:11:30 - Unique data computed for original train set: 633, generated train set: 18
INFO - 06/04/26 16:17:39 - 0:11:30 - Final train and test generated. Size are train: 651, test 50
INFO - 06/04/26 16:17:39 - 0:11:30 - [Epoch 20 AFTER_UPDATE_DATASETS] CPU: 0.0% | RAM: 954.0MB
INFO - 06/04/26 16:17:39 - 0:11:30 - ### Score distribution ###
INFO - 06/04/26 16:17:39 - 0:11:30 - Valid examples: 651
INFO - 06/04/26 16:17:39 - 0:11:30 - Mean score: 6.985553556818504
INFO - 06/04/26 16:17:39 - 0:11:30 - Median score: 7.0
INFO - 06/04/26 16:17:39 - 0:11:30 - Stdev score: 0.15446318041103754
INFO - 06/04/26 16:17:39 - 0:11:30 - Max score: 7.0
INFO - 06/04/26 16:17:39 - 0:11:30 - Top 1 percentile score: 7.0
INFO - 06/04/26 16:17:39 - 0:11:30 - Distribution of scores:
INFO - 06/04/26 16:17:39 - 0:11:30 - Score 4.998224942639953: Count: 1
INFO - 06/04/26 16:17:39 - 0:11:30 - Score 4.9990900412395884: Count: 2
INFO - 06/04/26 16:17:39 - 0:11:30 - Score 5.748971721977144: Count: 1
INFO - 06/04/26 16:17:39 - 0:11:30 - Score 5.97007992007992: Count: 1
INFO - 06/04/26 16:17:39 - 0:11:30 - Score 5.999791012073669: Count: 1
INFO - 06/04/26 16:17:39 - 0:11:30 - Score 6.97032967032967: Count: 4
INFO - 06/04/26 16:17:39 - 0:11:30 - Score 6.999500499500499: Count: 2
INFO - 06/04/26 16:17:39 - 0:11:30 - Score 6.999865419517671: Count: 1
INFO - 06/04/26 16:17:39 - 0:11:30 - Score 6.999932709758836: Count: 1
INFO - 06/04/26 16:17:39 - 0:11:30 - Score 7.0: Count: 637
INFO - 06/04/26 16:17:39 - 0:11:30 - --------------------------------
INFO - 06/04/26 16:17:39 - 0:11:30 - ==== Starting Epoch 21 =====
INFO - 06/04/26 16:17:40 - 0:11:30 - [Epoch 21 START] CPU: 0.0% | RAM: 954.0MB
INFO - 06/04/26 16:17:40 - 0:11:30 - Encoded train: 651 examples in 0.00s (649 cache hits, 2 misses)
INFO - 06/04/26 16:17:40 - 0:11:30 - Encoded test: 50 examples in 0.00s (47 cache hits, 3 misses)
INFO - 06/04/26 16:17:40 - 0:11:30 - Memory allocated: 28.69MB, reserved: 62.48MB
INFO - 06/04/26 16:17:43 - 0:11:34 - step 100 | loss 0.2607 | steps time 3336.11ms
INFO - 06/04/26 16:17:43 - 0:11:34 - step 100 train loss: 0.2648510378599167 test loss: 0.29328298568725586
INFO - 06/04/26 16:17:46 - 0:11:37 - step 200 | loss 0.2665 | steps time 3377.29ms
INFO - 06/04/26 16:17:46 - 0:11:37 - step 200 train loss: 0.26966054052114485 test loss: 0.27092212438583374
INFO - 06/04/26 16:17:50 - 0:11:40 - step 300 | loss 0.2574 | steps time 3366.78ms
INFO - 06/04/26 16:17:50 - 0:11:41 - step 300 train loss: 0.2642283323407173 test loss: 0.2634120285511017
INFO - 06/04/26 16:17:53 - 0:11:44 - step 400 | loss 0.2600 | steps time 3311.70ms
INFO - 06/04/26 16:17:53 - 0:11:44 - step 400 train loss: 0.2649428577721119 test loss: 0.2863619327545166
INFO - 06/04/26 16:17:57 - 0:11:47 - step 500 | loss 0.2481 | steps time 3317.02ms
INFO - 06/04/26 16:17:57 - 0:11:47 - step 500 train loss: 0.2647252853214741 test loss: 0.2758159339427948
INFO - 06/04/26 16:17:57 - 0:11:47 - [Epoch 21 AFTER_TRAIN] CPU: 0.0% | RAM: 954.9MB
INFO - 06/04/26 16:17:57 - 0:11:47 - Sample with temperature 1.6000000000000005 to 2.0000000000000004
INFO - 06/04/26 16:17:57 - 0:11:47 - 0 / 960 samples generated, 0 scored
INFO - 06/04/26 16:18:09 - 0:12:00 - 640 / 960 samples generated, 239 scored
INFO - 06/04/26 16:18:16 - 0:12:06 - ### Score distribution ###
INFO - 06/04/26 16:18:16 - 0:12:06 - Invalid examples: before local search: 54, after: 45
INFO - 06/04/26 16:18:16 - 0:12:06 - Valid examples: 365
INFO - 06/04/26 16:18:16 - 0:12:06 - Mean score: 6.986294422127292
INFO - 06/04/26 16:18:16 - 0:12:06 - Median score: 7.0
INFO - 06/04/26 16:18:16 - 0:12:06 - Stdev score: 0.1380429596991743
INFO - 06/04/26 16:18:16 - 0:12:06 - Max score: 7.0
INFO - 06/04/26 16:18:16 - 0:12:06 - Top 1 percentile score: 7.0
INFO - 06/04/26 16:18:16 - 0:12:06 - Distribution of scores:
INFO - 06/04/26 16:18:16 - 0:12:06 - Score 4.9990900412395884: Count: 1
INFO - 06/04/26 16:18:16 - 0:12:06 - Score 5.999791012073669: Count: 3
INFO - 06/04/26 16:18:16 - 0:12:06 - Score 6.999500499500499: Count: 2
INFO - 06/04/26 16:18:16 - 0:12:06 - Score 7.0: Count: 359
INFO - 06/04/26 16:18:16 - 0:12:06 - --------------------------------
INFO - 06/04/26 16:18:16 - 0:12:06 - [Epoch 21 AFTER_SAMPLE] CPU: 0.0% | RAM: 955.6MB
INFO - 06/04/26 16:18:16 - 0:12:06 - Unique processing: 238 examples left, 127 duplicates
INFO - 06/04/26 16:18:16 - 0:12:06 - ### Score distribution ###
INFO - 06/04/26 16:18:16 - 0:12:06 - Valid examples: 238
INFO - 06/04/26 16:18:16 - 0:12:06 - Mean score: 6.987386059043337
INFO - 06/04/26 16:18:16 - 0:12:06 - Median score: 7.0
INFO - 06/04/26 16:18:16 - 0:12:06 - Stdev score: 0.14475631557547292
INFO - 06/04/26 16:18:16 - 0:12:06 - Max score: 7.0
INFO - 06/04/26 16:18:16 - 0:12:06 - Top 1 percentile score: 7.0
INFO - 06/04/26 16:18:16 - 0:12:06 - Distribution of scores:
INFO - 06/04/26 16:18:16 - 0:12:06 - Score 4.9990900412395884: Count: 1
INFO - 06/04/26 16:18:16 - 0:12:06 - Score 5.999791012073669: Count: 1
INFO - 06/04/26 16:18:16 - 0:12:06 - Score 6.999500499500499: Count: 2
INFO - 06/04/26 16:18:16 - 0:12:06 - Score 7.0: Count: 234
INFO - 06/04/26 16:18:16 - 0:12:06 - --------------------------------
INFO - 06/04/26 16:18:16 - 0:12:06 - New train and test generated. Size are train: 188, test 50
INFO - 06/04/26 16:18:16 - 0:12:06 - Unique data computed for original train set: 651, generated train set: 24
INFO - 06/04/26 16:18:16 - 0:12:06 - Final train and test generated. Size are train: 675, test 50
INFO - 06/04/26 16:18:16 - 0:12:06 - [Epoch 21 AFTER_UPDATE_DATASETS] CPU: 0.0% | RAM: 955.7MB
INFO - 06/04/26 16:18:16 - 0:12:06 - ### Score distribution ###
INFO - 06/04/26 16:18:16 - 0:12:06 - Valid examples: 675
INFO - 06/04/26 16:18:16 - 0:12:06 - Mean score: 6.9860664681308835
INFO - 06/04/26 16:18:16 - 0:12:06 - Median score: 7.0
INFO - 06/04/26 16:18:16 - 0:12:06 - Stdev score: 0.1517117229619608
INFO - 06/04/26 16:18:16 - 0:12:06 - Max score: 7.0
INFO - 06/04/26 16:18:16 - 0:12:06 - Top 1 percentile score: 7.0
INFO - 06/04/26 16:18:16 - 0:12:06 - Distribution of scores:
INFO - 06/04/26 16:18:16 - 0:12:06 - Score 4.998224942639953: Count: 1
INFO - 06/04/26 16:18:16 - 0:12:06 - Score 4.9990900412395884: Count: 2
INFO - 06/04/26 16:18:16 - 0:12:06 - Score 5.748971721977144: Count: 1
INFO - 06/04/26 16:18:16 - 0:12:06 - Score 5.97007992007992: Count: 1
INFO - 06/04/26 16:18:16 - 0:12:06 - Score 5.999791012073669: Count: 1
INFO - 06/04/26 16:18:16 - 0:12:06 - Score 6.97032967032967: Count: 4
INFO - 06/04/26 16:18:16 - 0:12:06 - Score 6.999500499500499: Count: 3
INFO - 06/04/26 16:18:16 - 0:12:06 - Score 6.999865419517671: Count: 1
INFO - 06/04/26 16:18:16 - 0:12:06 - Score 6.999932709758836: Count: 1
INFO - 06/04/26 16:18:16 - 0:12:06 - Score 7.0: Count: 660
INFO - 06/04/26 16:18:16 - 0:12:06 - --------------------------------
INFO - 06/04/26 16:18:16 - 0:12:06 - ==== Starting Epoch 22 =====
INFO - 06/04/26 16:18:16 - 0:12:07 - [Epoch 22 START] CPU: 0.0% | RAM: 955.7MB
INFO - 06/04/26 16:18:16 - 0:12:07 - Encoded train: 675 examples in 0.00s (669 cache hits, 6 misses)
INFO - 06/04/26 16:18:16 - 0:12:07 - Encoded test: 50 examples in 0.00s (46 cache hits, 4 misses)
INFO - 06/04/26 16:18:16 - 0:12:07 - Memory allocated: 28.69MB, reserved: 62.48MB
INFO - 06/04/26 16:18:19 - 0:12:10 - step 100 | loss 0.2496 | steps time 3307.40ms
INFO - 06/04/26 16:18:19 - 0:12:10 - step 100 train loss: 0.26798777282238007 test loss: 0.262328565120697
INFO - 06/04/26 16:18:23 - 0:12:13 - step 200 | loss 0.2804 | steps time 3337.30ms
INFO - 06/04/26 16:18:23 - 0:12:13 - step 200 train loss: 0.26718251273036003 test loss: 0.29820600152015686
INFO - 06/04/26 16:18:26 - 0:12:17 - step 300 | loss 0.2454 | steps time 3347.61ms
INFO - 06/04/26 16:18:26 - 0:12:17 - step 300 train loss: 0.2726005767285824 test loss: 0.26124364137649536
INFO - 06/04/26 16:18:30 - 0:12:20 - step 400 | loss 0.2815 | steps time 3369.29ms
INFO - 06/04/26 16:18:30 - 0:12:20 - step 400 train loss: 0.26427042961120606 test loss: 0.26581838726997375
INFO - 06/04/26 16:18:33 - 0:12:24 - step 500 | loss 0.2508 | steps time 3364.49ms
INFO - 06/04/26 16:18:33 - 0:12:24 - step 500 train loss: 0.27189877539873125 test loss: 0.2650816738605499
INFO - 06/04/26 16:18:33 - 0:12:24 - [Epoch 22 AFTER_TRAIN] CPU: 0.0% | RAM: 956.6MB
INFO - 06/04/26 16:18:33 - 0:12:24 - Sample with temperature 1.6300000000000006 to 2.0300000000000007
INFO - 06/04/26 16:18:33 - 0:12:24 - 0 / 960 samples generated, 0 scored
INFO - 06/04/26 16:18:46 - 0:12:37 - 640 / 960 samples generated, 282 scored
INFO - 06/04/26 16:18:53 - 0:12:43 - ### Score distribution ###
INFO - 06/04/26 16:18:53 - 0:12:43 - Invalid examples: before local search: 44, after: 38
INFO - 06/04/26 16:18:53 - 0:12:43 - Valid examples: 413
INFO - 06/04/26 16:18:53 - 0:12:43 - Mean score: 6.983043731563662
INFO - 06/04/26 16:18:53 - 0:12:43 - Median score: 7.0
INFO - 06/04/26 16:18:53 - 0:12:43 - Stdev score: 0.1768974546452273
INFO - 06/04/26 16:18:53 - 0:12:43 - Max score: 7.0
INFO - 06/04/26 16:18:53 - 0:12:43 - Top 1 percentile score: 7.0
INFO - 06/04/26 16:18:53 - 0:12:43 - Distribution of scores:
INFO - 06/04/26 16:18:53 - 0:12:43 - Score 4.9990900412395884: Count: 3
INFO - 06/04/26 16:18:53 - 0:12:43 - Score 5.999791012073669: Count: 1
INFO - 06/04/26 16:18:53 - 0:12:43 - Score 7.0: Count: 409
INFO - 06/04/26 16:18:53 - 0:12:43 - --------------------------------
INFO - 06/04/26 16:18:53 - 0:12:44 - [Epoch 22 AFTER_SAMPLE] CPU: 0.0% | RAM: 957.2MB
INFO - 06/04/26 16:18:53 - 0:12:44 - Unique processing: 274 examples left, 139 duplicates
INFO - 06/04/26 16:18:53 - 0:12:44 - ### Score distribution ###
INFO - 06/04/26 16:18:53 - 0:12:44 - Valid examples: 274
INFO - 06/04/26 16:18:53 - 0:12:44 - Mean score: 6.989047011143479
INFO - 06/04/26 16:18:53 - 0:12:44 - Median score: 7.0
INFO - 06/04/26 16:18:53 - 0:12:44 - Stdev score: 0.13494249840671255
INFO - 06/04/26 16:18:53 - 0:12:44 - Max score: 7.0
INFO - 06/04/26 16:18:53 - 0:12:44 - Top 1 percentile score: 7.0
INFO - 06/04/26 16:18:53 - 0:12:44 - Distribution of scores:
INFO - 06/04/26 16:18:53 - 0:12:44 - Score 4.9990900412395884: Count: 1
INFO - 06/04/26 16:18:53 - 0:12:44 - Score 5.999791012073669: Count: 1
INFO - 06/04/26 16:18:53 - 0:12:44 - Score 7.0: Count: 272
INFO - 06/04/26 16:18:53 - 0:12:44 - --------------------------------
INFO - 06/04/26 16:18:53 - 0:12:44 - New train and test generated. Size are train: 224, test 50
INFO - 06/04/26 16:18:53 - 0:12:44 - Unique data computed for original train set: 675, generated train set: 22
INFO - 06/04/26 16:18:53 - 0:12:44 - Final train and test generated. Size are train: 697, test 50
INFO - 06/04/26 16:18:53 - 0:12:44 - [Epoch 22 AFTER_UPDATE_DATASETS] CPU: 0.0% | RAM: 957.4MB
INFO - 06/04/26 16:18:53 - 0:12:44 - ### Score distribution ###
INFO - 06/04/26 16:18:53 - 0:12:44 - Valid examples: 697
INFO - 06/04/26 16:18:53 - 0:12:44 - Mean score: 6.986506263971803
INFO - 06/04/26 16:18:53 - 0:12:44 - Median score: 7.0
INFO - 06/04/26 16:18:53 - 0:12:44 - Stdev score: 0.14931462933219003
INFO - 06/04/26 16:18:53 - 0:12:44 - Max score: 7.0
INFO - 06/04/26 16:18:53 - 0:12:44 - Top 1 percentile score: 7.0
INFO - 06/04/26 16:18:53 - 0:12:44 - Distribution of scores:
INFO - 06/04/26 16:18:53 - 0:12:44 - Score 4.998224942639953: Count: 1
INFO - 06/04/26 16:18:53 - 0:12:44 - Score 4.9990900412395884: Count: 2
INFO - 06/04/26 16:18:53 - 0:12:44 - Score 5.748971721977144: Count: 1
INFO - 06/04/26 16:18:53 - 0:12:44 - Score 5.97007992007992: Count: 1
INFO - 06/04/26 16:18:53 - 0:12:44 - Score 5.999791012073669: Count: 1
INFO - 06/04/26 16:18:53 - 0:12:44 - Score 6.97032967032967: Count: 4
INFO - 06/04/26 16:18:53 - 0:12:44 - Score 6.999500499500499: Count: 3
INFO - 06/04/26 16:18:53 - 0:12:44 - Score 6.999865419517671: Count: 1
INFO - 06/04/26 16:18:53 - 0:12:44 - Score 6.999932709758836: Count: 1
INFO - 06/04/26 16:18:53 - 0:12:44 - Score 7.0: Count: 682
INFO - 06/04/26 16:18:53 - 0:12:44 - --------------------------------
INFO - 06/04/26 16:18:53 - 0:12:44 - ==== Starting Epoch 23 =====
INFO - 06/04/26 16:18:53 - 0:12:44 - [Epoch 23 START] CPU: 0.0% | RAM: 957.4MB
INFO - 06/04/26 16:18:53 - 0:12:44 - Encoded train: 697 examples in 0.00s (693 cache hits, 4 misses)
INFO - 06/04/26 16:18:53 - 0:12:44 - Encoded test: 50 examples in 0.00s (44 cache hits, 6 misses)
INFO - 06/04/26 16:18:53 - 0:12:44 - Memory allocated: 28.69MB, reserved: 62.48MB
INFO - 06/04/26 16:18:57 - 0:12:47 - step 100 | loss 0.2465 | steps time 3322.17ms
INFO - 06/04/26 16:18:57 - 0:12:47 - step 100 train loss: 0.2664887569844723 test loss: 0.28415563702583313
INFO - 06/04/26 16:19:00 - 0:12:51 - step 200 | loss 0.2543 | steps time 3334.24ms
INFO - 06/04/26 16:19:00 - 0:12:51 - step 200 train loss: 0.26409934520721434 test loss: 0.29765963554382324
INFO - 06/04/26 16:19:03 - 0:12:54 - step 300 | loss 0.2602 | steps time 3345.99ms
INFO - 06/04/26 16:19:03 - 0:12:54 - step 300 train loss: 0.26681843504309655 test loss: 0.2884555459022522
INFO - 06/04/26 16:19:07 - 0:12:57 - step 400 | loss 0.2752 | steps time 3378.29ms
INFO - 06/04/26 16:19:07 - 0:12:58 - step 400 train loss: 0.2689417640864849 test loss: 0.2735206186771393
INFO - 06/04/26 16:19:11 - 0:13:02 - step 500 | loss 0.2905 | steps time 4336.86ms
INFO - 06/04/26 16:19:11 - 0:13:02 - step 500 train loss: 0.267232918292284 test loss: 0.2923453450202942
INFO - 06/04/26 16:19:11 - 0:13:02 - [Epoch 23 AFTER_TRAIN] CPU: 0.0% | RAM: 921.6MB
INFO - 06/04/26 16:19:12 - 0:13:02 - Sample with temperature 1.6600000000000006 to 2.0600000000000005
INFO - 06/04/26 16:19:12 - 0:13:02 - 0 / 960 samples generated, 0 scored
INFO - 06/04/26 16:19:23 - 0:13:14 - 640 / 960 samples generated, 228 scored
INFO - 06/04/26 16:19:29 - 0:13:19 - ### Score distribution ###
INFO - 06/04/26 16:19:29 - 0:13:19 - Invalid examples: before local search: 44, after: 38
INFO - 06/04/26 16:19:29 - 0:13:19 - Valid examples: 325
INFO - 06/04/26 16:19:29 - 0:13:19 - Mean score: 6.962965961627466
INFO - 06/04/26 16:19:29 - 0:13:19 - Median score: 7.0
INFO - 06/04/26 16:19:29 - 0:13:19 - Stdev score: 0.26977610189155776
INFO - 06/04/26 16:19:29 - 0:13:19 - Max score: 7.0
INFO - 06/04/26 16:19:29 - 0:13:19 - Top 1 percentile score: 7.0
INFO - 06/04/26 16:19:29 - 0:13:19 - Distribution of scores:
INFO - 06/04/26 16:19:29 - 0:13:19 - Score 4.998224942639953: Count: 1
INFO - 06/04/26 16:19:29 - 0:13:19 - Score 4.9990900412395884: Count: 5
INFO - 06/04/26 16:19:29 - 0:13:19 - Score 6.97032967032967: Count: 1
INFO - 06/04/26 16:19:29 - 0:13:19 - Score 6.999932709758836: Count: 1
INFO - 06/04/26 16:19:29 - 0:13:19 - Score 7.0: Count: 317
INFO - 06/04/26 16:19:29 - 0:13:19 - --------------------------------
INFO - 06/04/26 16:19:29 - 0:13:19 - [Epoch 23 AFTER_SAMPLE] CPU: 0.0% | RAM: 922.1MB
INFO - 06/04/26 16:19:29 - 0:13:19 - Unique processing: 235 examples left, 90 duplicates
INFO - 06/04/26 16:19:29 - 0:13:19 - ### Score distribution ###
INFO - 06/04/26 16:19:29 - 0:13:19 - Valid examples: 235
INFO - 06/04/26 16:19:29 - 0:13:19 - Mean score: 6.97432624427748
INFO - 06/04/26 16:19:29 - 0:13:19 - Median score: 7.0
INFO - 06/04/26 16:19:29 - 0:13:19 - Stdev score: 0.22513402211842448
INFO - 06/04/26 16:19:29 - 0:13:19 - Max score: 7.0
INFO - 06/04/26 16:19:29 - 0:13:19 - Top 1 percentile score: 7.0
INFO - 06/04/26 16:19:29 - 0:13:19 - Distribution of scores:
INFO - 06/04/26 16:19:29 - 0:13:19 - Score 4.998224942639953: Count: 1
INFO - 06/04/26 16:19:29 - 0:13:19 - Score 4.9990900412395884: Count: 2
INFO - 06/04/26 16:19:29 - 0:13:19 - Score 6.97032967032967: Count: 1
INFO - 06/04/26 16:19:29 - 0:13:19 - Score 6.999932709758836: Count: 1
INFO - 06/04/26 16:19:29 - 0:13:19 - Score 7.0: Count: 230
INFO - 06/04/26 16:19:29 - 0:13:19 - --------------------------------
INFO - 06/04/26 16:19:29 - 0:13:19 - New train and test generated. Size are train: 185, test 50
INFO - 06/04/26 16:19:29 - 0:13:19 - Unique data computed for original train set: 697, generated train set: 11
INFO - 06/04/26 16:19:29 - 0:13:19 - Final train and test generated. Size are train: 708, test 50
INFO - 06/04/26 16:19:29 - 0:13:19 - [Epoch 23 AFTER_UPDATE_DATASETS] CPU: 0.0% | RAM: 922.1MB
INFO - 06/04/26 16:19:29 - 0:13:19 - ### Score distribution ###
INFO - 06/04/26 16:19:29 - 0:13:19 - Valid examples: 708
INFO - 06/04/26 16:19:29 - 0:13:19 - Mean score: 6.986715912412919
INFO - 06/04/26 16:19:29 - 0:13:19 - Median score: 7.0
INFO - 06/04/26 16:19:29 - 0:13:19 - Stdev score: 0.14815791734820083
INFO - 06/04/26 16:19:29 - 0:13:19 - Max score: 7.0
INFO - 06/04/26 16:19:29 - 0:13:19 - Top 1 percentile score: 7.0
INFO - 06/04/26 16:19:29 - 0:13:19 - Distribution of scores:
INFO - 06/04/26 16:19:29 - 0:13:19 - Score 4.998224942639953: Count: 1
INFO - 06/04/26 16:19:29 - 0:13:19 - Score 4.9990900412395884: Count: 2
INFO - 06/04/26 16:19:29 - 0:13:19 - Score 5.748971721977144: Count: 1
INFO - 06/04/26 16:19:29 - 0:13:19 - Score 5.97007992007992: Count: 1
INFO - 06/04/26 16:19:29 - 0:13:19 - Score 5.999791012073669: Count: 1
INFO - 06/04/26 16:19:29 - 0:13:19 - Score 6.97032967032967: Count: 4
INFO - 06/04/26 16:19:29 - 0:13:19 - Score 6.999500499500499: Count: 3
INFO - 06/04/26 16:19:29 - 0:13:19 - Score 6.999865419517671: Count: 1
INFO - 06/04/26 16:19:29 - 0:13:19 - Score 6.999932709758836: Count: 1
INFO - 06/04/26 16:19:29 - 0:13:19 - Score 7.0: Count: 693
INFO - 06/04/26 16:19:29 - 0:13:19 - --------------------------------
INFO - 06/04/26 16:19:29 - 0:13:19 - ==== Starting Epoch 24 =====
INFO - 06/04/26 16:19:29 - 0:13:20 - [Epoch 24 START] CPU: 0.0% | RAM: 922.1MB
INFO - 06/04/26 16:19:29 - 0:13:20 - Encoded train: 708 examples in 0.00s (708 cache hits, 0 misses)
INFO - 06/04/26 16:19:29 - 0:13:20 - Encoded test: 50 examples in 0.00s (47 cache hits, 3 misses)
INFO - 06/04/26 16:19:29 - 0:13:20 - Memory allocated: 28.69MB, reserved: 62.48MB
INFO - 06/04/26 16:19:32 - 0:13:23 - step 100 | loss 0.2567 | steps time 3321.20ms
INFO - 06/04/26 16:19:32 - 0:13:23 - step 100 train loss: 0.26795855060219764 test loss: 0.26094380021095276
INFO - 06/04/26 16:19:36 - 0:13:26 - step 200 | loss 0.2761 | steps time 3318.12ms
INFO - 06/04/26 16:19:36 - 0:13:26 - step 200 train loss: 0.265256562680006 test loss: 0.26575249433517456
INFO - 06/04/26 16:19:39 - 0:13:30 - step 300 | loss 0.2606 | steps time 3318.19ms
INFO - 06/04/26 16:19:39 - 0:13:30 - step 300 train loss: 0.2723676498234272 test loss: 0.25825235247612
INFO - 06/04/26 16:19:43 - 0:13:33 - step 400 | loss 0.2816 | steps time 3341.59ms
INFO - 06/04/26 16:19:43 - 0:13:33 - step 400 train loss: 0.2614876300096512 test loss: 0.24685576558113098
INFO - 06/04/26 16:19:46 - 0:13:37 - step 500 | loss 0.2402 | steps time 3348.27ms
INFO - 06/04/26 16:19:46 - 0:13:37 - step 500 train loss: 0.26663493007421496 test loss: 0.25917643308639526
INFO - 06/04/26 16:19:46 - 0:13:37 - [Epoch 24 AFTER_TRAIN] CPU: 0.0% | RAM: 952.0MB
INFO - 06/04/26 16:19:46 - 0:13:37 - Sample with temperature 1.6900000000000006 to 2.0900000000000007
INFO - 06/04/26 16:19:46 - 0:13:37 - 0 / 960 samples generated, 0 scored
INFO - 06/04/26 16:19:59 - 0:13:50 - 640 / 960 samples generated, 250 scored
INFO - 06/04/26 16:20:05 - 0:13:56 - ### Score distribution ###
INFO - 06/04/26 16:20:05 - 0:13:56 - Invalid examples: before local search: 56, after: 48
INFO - 06/04/26 16:20:05 - 0:13:56 - Valid examples: 387
INFO - 06/04/26 16:20:05 - 0:13:56 - Mean score: 6.99467325196428
INFO - 06/04/26 16:20:05 - 0:13:56 - Median score: 7.0
INFO - 06/04/26 16:20:05 - 0:13:56 - Stdev score: 0.10172630403387381
INFO - 06/04/26 16:20:05 - 0:13:56 - Max score: 7.0
INFO - 06/04/26 16:20:05 - 0:13:56 - Top 1 percentile score: 7.0
INFO - 06/04/26 16:20:05 - 0:13:56 - Distribution of scores:
INFO - 06/04/26 16:20:05 - 0:13:56 - Score 4.9990900412395884: Count: 1
INFO - 06/04/26 16:20:05 - 0:13:56 - Score 6.97032967032967: Count: 2
INFO - 06/04/26 16:20:05 - 0:13:56 - Score 6.999500499500499: Count: 2
INFO - 06/04/26 16:20:05 - 0:13:56 - Score 6.999932709758836: Count: 3
INFO - 06/04/26 16:20:05 - 0:13:56 - Score 7.0: Count: 379
INFO - 06/04/26 16:20:05 - 0:13:56 - --------------------------------
INFO - 06/04/26 16:20:05 - 0:13:56 - [Epoch 24 AFTER_SAMPLE] CPU: 0.0% | RAM: 952.6MB
INFO - 06/04/26 16:20:05 - 0:13:56 - Unique processing: 269 examples left, 118 duplicates
INFO - 06/04/26 16:20:05 - 0:13:56 - ### Score distribution ###
INFO - 06/04/26 16:20:05 - 0:13:56 - Valid examples: 269
INFO - 06/04/26 16:20:05 - 0:13:56 - Mean score: 6.99233871859077
INFO - 06/04/26 16:20:05 - 0:13:56 - Median score: 7.0
INFO - 06/04/26 16:20:05 - 0:13:56 - Stdev score: 0.1220107127807755
INFO - 06/04/26 16:20:05 - 0:13:56 - Max score: 7.0
INFO - 06/04/26 16:20:05 - 0:13:56 - Top 1 percentile score: 7.0
INFO - 06/04/26 16:20:05 - 0:13:56 - Distribution of scores:
INFO - 06/04/26 16:20:05 - 0:13:56 - Score 4.9990900412395884: Count: 1
INFO - 06/04/26 16:20:05 - 0:13:56 - Score 6.97032967032967: Count: 2
INFO - 06/04/26 16:20:05 - 0:13:56 - Score 6.999500499500499: Count: 1
INFO - 06/04/26 16:20:05 - 0:13:56 - Score 6.999932709758836: Count: 2
INFO - 06/04/26 16:20:05 - 0:13:56 - Score 7.0: Count: 263
INFO - 06/04/26 16:20:05 - 0:13:56 - --------------------------------
INFO - 06/04/26 16:20:05 - 0:13:56 - New train and test generated. Size are train: 219, test 50
INFO - 06/04/26 16:20:05 - 0:13:56 - Unique data computed for original train set: 708, generated train set: 28
INFO - 06/04/26 16:20:05 - 0:13:56 - Final train and test generated. Size are train: 736, test 50
INFO - 06/04/26 16:20:06 - 0:13:56 - [Epoch 24 AFTER_UPDATE_DATASETS] CPU: 0.0% | RAM: 952.6MB
INFO - 06/04/26 16:20:06 - 0:13:56 - ### Score distribution ###
INFO - 06/04/26 16:20:06 - 0:13:56 - Valid examples: 736
INFO - 06/04/26 16:20:06 - 0:13:56 - Mean score: 6.987140567987452
INFO - 06/04/26 16:20:06 - 0:13:56 - Median score: 7.0
INFO - 06/04/26 16:20:06 - 0:13:56 - Stdev score: 0.14533182281839474
INFO - 06/04/26 16:20:06 - 0:13:56 - Max score: 7.0
INFO - 06/04/26 16:20:06 - 0:13:56 - Top 1 percentile score: 7.0
INFO - 06/04/26 16:20:06 - 0:13:56 - Distribution of scores:
INFO - 06/04/26 16:20:06 - 0:13:56 - Score 4.998224942639953: Count: 1
INFO - 06/04/26 16:20:06 - 0:13:56 - Score 4.9990900412395884: Count: 2
INFO - 06/04/26 16:20:06 - 0:13:56 - Score 5.748971721977144: Count: 1
INFO - 06/04/26 16:20:06 - 0:13:56 - Score 5.97007992007992: Count: 1
INFO - 06/04/26 16:20:06 - 0:13:56 - Score 5.999791012073669: Count: 1
INFO - 06/04/26 16:20:06 - 0:13:56 - Score 6.97032967032967: Count: 6
INFO - 06/04/26 16:20:06 - 0:13:56 - Score 6.999500499500499: Count: 3
INFO - 06/04/26 16:20:06 - 0:13:56 - Score 6.999865419517671: Count: 1
INFO - 06/04/26 16:20:06 - 0:13:56 - Score 6.999932709758836: Count: 2
INFO - 06/04/26 16:20:06 - 0:13:56 - Score 7.0: Count: 718
INFO - 06/04/26 16:20:06 - 0:13:56 - --------------------------------
INFO - 06/04/26 16:20:06 - 0:13:56 - ==== Starting Epoch 25 =====
INFO - 06/04/26 16:20:06 - 0:13:56 - [Epoch 25 START] CPU: 0.0% | RAM: 952.6MB
INFO - 06/04/26 16:20:06 - 0:13:56 - Encoded train: 736 examples in 0.00s (731 cache hits, 5 misses)
INFO - 06/04/26 16:20:06 - 0:13:56 - Encoded test: 50 examples in 0.00s (46 cache hits, 4 misses)
INFO - 06/04/26 16:20:06 - 0:13:57 - Memory allocated: 28.69MB, reserved: 62.52MB
INFO - 06/04/26 16:20:09 - 0:14:00 - step 100 | loss 0.2488 | steps time 3323.66ms
INFO - 06/04/26 16:20:09 - 0:14:00 - step 100 train loss: 0.26101011529564855 test loss: 0.2666095495223999
INFO - 06/04/26 16:20:13 - 0:14:03 - step 200 | loss 0.2681 | steps time 3343.49ms
INFO - 06/04/26 16:20:13 - 0:14:03 - step 200 train loss: 0.2713525158166885 test loss: 0.28667569160461426
INFO - 06/04/26 16:20:16 - 0:14:07 - step 300 | loss 0.2475 | steps time 3307.36ms
INFO - 06/04/26 16:20:16 - 0:14:07 - step 300 train loss: 0.2658491897583008 test loss: 0.2864510118961334
INFO - 06/04/26 16:20:19 - 0:14:10 - step 400 | loss 0.2927 | steps time 3338.47ms
INFO - 06/04/26 16:20:19 - 0:14:10 - step 400 train loss: 0.2637633259594441 test loss: 0.2706567347049713
INFO - 06/04/26 16:20:23 - 0:14:13 - step 500 | loss 0.2696 | steps time 3329.41ms
INFO - 06/04/26 16:20:23 - 0:14:13 - step 500 train loss: 0.2696671070158482 test loss: 0.29199668765068054
INFO - 06/04/26 16:20:23 - 0:14:14 - [Epoch 25 AFTER_TRAIN] CPU: 0.0% | RAM: 953.7MB
INFO - 06/04/26 16:20:23 - 0:14:14 - Sample with temperature 1.7200000000000006 to 2.1200000000000006
INFO - 06/04/26 16:20:23 - 0:14:14 - 0 / 960 samples generated, 0 scored
INFO - 06/04/26 16:20:34 - 0:14:25 - 640 / 960 samples generated, 214 scored
INFO - 06/04/26 16:20:40 - 0:14:31 - ### Score distribution ###
INFO - 06/04/26 16:20:40 - 0:14:31 - Invalid examples: before local search: 48, after: 43
INFO - 06/04/26 16:20:40 - 0:14:31 - Valid examples: 311
INFO - 06/04/26 16:20:40 - 0:14:31 - Mean score: 6.986844164027287
INFO - 06/04/26 16:20:40 - 0:14:31 - Median score: 7.0
INFO - 06/04/26 16:20:40 - 0:14:31 - Stdev score: 0.16020245183390455
INFO - 06/04/26 16:20:40 - 0:14:31 - Max score: 7.0
INFO - 06/04/26 16:20:40 - 0:14:31 - Top 1 percentile score: 7.0
INFO - 06/04/26 16:20:40 - 0:14:31 - Distribution of scores:
INFO - 06/04/26 16:20:40 - 0:14:31 - Score 4.9990900412395884: Count: 2
INFO - 06/04/26 16:20:40 - 0:14:31 - Score 6.97032967032967: Count: 3
INFO - 06/04/26 16:20:40 - 0:14:31 - Score 6.999500499500499: Count: 1
INFO - 06/04/26 16:20:40 - 0:14:31 - Score 6.999932709758836: Count: 2
INFO - 06/04/26 16:20:40 - 0:14:31 - Score 7.0: Count: 303
INFO - 06/04/26 16:20:40 - 0:14:31 - --------------------------------
INFO - 06/04/26 16:20:40 - 0:14:31 - [Epoch 25 AFTER_SAMPLE] CPU: 0.0% | RAM: 954.3MB
INFO - 06/04/26 16:20:40 - 0:14:31 - Unique processing: 227 examples left, 84 duplicates
INFO - 06/04/26 16:20:40 - 0:14:31 - ### Score distribution ###
INFO - 06/04/26 16:20:40 - 0:14:31 - Valid examples: 227
INFO - 06/04/26 16:20:40 - 0:14:31 - Mean score: 6.982237337761353
INFO - 06/04/26 16:20:40 - 0:14:31 - Median score: 7.0
INFO - 06/04/26 16:20:40 - 0:14:31 - Stdev score: 0.18739646876905364
INFO - 06/04/26 16:20:40 - 0:14:31 - Max score: 7.0
INFO - 06/04/26 16:20:40 - 0:14:31 - Top 1 percentile score: 7.0
INFO - 06/04/26 16:20:40 - 0:14:31 - Distribution of scores:
INFO - 06/04/26 16:20:40 - 0:14:31 - Score 4.9990900412395884: Count: 2
INFO - 06/04/26 16:20:40 - 0:14:31 - Score 6.97032967032967: Count: 1
INFO - 06/04/26 16:20:40 - 0:14:31 - Score 6.999500499500499: Count: 1
INFO - 06/04/26 16:20:40 - 0:14:31 - Score 6.999932709758836: Count: 2
INFO - 06/04/26 16:20:40 - 0:14:31 - Score 7.0: Count: 221
INFO - 06/04/26 16:20:40 - 0:14:31 - --------------------------------
INFO - 06/04/26 16:20:40 - 0:14:31 - New train and test generated. Size are train: 177, test 50
INFO - 06/04/26 16:20:40 - 0:14:31 - Unique data computed for original train set: 736, generated train set: 10
INFO - 06/04/26 16:20:40 - 0:14:31 - Final train and test generated. Size are train: 746, test 50
INFO - 06/04/26 16:20:40 - 0:14:31 - [Epoch 25 AFTER_UPDATE_DATASETS] CPU: 0.0% | RAM: 954.3MB
INFO - 06/04/26 16:20:40 - 0:14:31 - ### Score distribution ###
INFO - 06/04/26 16:20:40 - 0:14:31 - Valid examples: 746
INFO - 06/04/26 16:20:40 - 0:14:31 - Mean score: 6.98731294643266
INFO - 06/04/26 16:20:40 - 0:14:31 - Median score: 7.0
INFO - 06/04/26 16:20:40 - 0:14:31 - Stdev score: 0.14436073126543125
INFO - 06/04/26 16:20:40 - 0:14:31 - Max score: 7.0
INFO - 06/04/26 16:20:40 - 0:14:31 - Top 1 percentile score: 7.0
INFO - 06/04/26 16:20:40 - 0:14:31 - Distribution of scores:
INFO - 06/04/26 16:20:40 - 0:14:31 - Score 4.998224942639953: Count: 1
INFO - 06/04/26 16:20:40 - 0:14:31 - Score 4.9990900412395884: Count: 2
INFO - 06/04/26 16:20:40 - 0:14:31 - Score 5.748971721977144: Count: 1
INFO - 06/04/26 16:20:40 - 0:14:31 - Score 5.97007992007992: Count: 1
INFO - 06/04/26 16:20:40 - 0:14:31 - Score 5.999791012073669: Count: 1
INFO - 06/04/26 16:20:40 - 0:14:31 - Score 6.97032967032967: Count: 6
INFO - 06/04/26 16:20:40 - 0:14:31 - Score 6.999500499500499: Count: 3
INFO - 06/04/26 16:20:40 - 0:14:31 - Score 6.999865419517671: Count: 1
INFO - 06/04/26 16:20:40 - 0:14:31 - Score 6.999932709758836: Count: 2
INFO - 06/04/26 16:20:40 - 0:14:31 - Score 7.0: Count: 728
INFO - 06/04/26 16:20:40 - 0:14:31 - --------------------------------
INFO - 06/04/26 16:20:40 - 0:14:31 - ==== Starting Epoch 26 =====
INFO - 06/04/26 16:20:41 - 0:14:31 - [Epoch 26 START] CPU: 0.0% | RAM: 954.3MB
INFO - 06/04/26 16:20:41 - 0:14:31 - Encoded train: 746 examples in 0.00s (746 cache hits, 0 misses)
INFO - 06/04/26 16:20:41 - 0:14:31 - Encoded test: 50 examples in 0.00s (46 cache hits, 4 misses)
INFO - 06/04/26 16:20:41 - 0:14:31 - Memory allocated: 28.69MB, reserved: 62.52MB
INFO - 06/04/26 16:20:44 - 0:14:35 - step 100 | loss 0.2656 | steps time 3333.41ms
INFO - 06/04/26 16:20:44 - 0:14:35 - step 100 train loss: 0.2660112801194191 test loss: 0.2573547959327698
INFO - 06/04/26 16:20:47 - 0:14:38 - step 200 | loss 0.2502 | steps time 3317.63ms
INFO - 06/04/26 16:20:47 - 0:14:38 - step 200 train loss: 0.2634336739778519 test loss: 0.25401315093040466
INFO - 06/04/26 16:20:51 - 0:14:41 - step 300 | loss 0.2582 | steps time 3371.67ms
INFO - 06/04/26 16:20:51 - 0:14:41 - step 300 train loss: 0.2645774941146374 test loss: 0.25827687978744507
INFO - 06/04/26 16:20:54 - 0:14:45 - step 400 | loss 0.2645 | steps time 3389.27ms
INFO - 06/04/26 16:20:54 - 0:14:45 - step 400 train loss: 0.27027712255716324 test loss: 0.2595233917236328
INFO - 06/04/26 16:20:58 - 0:14:48 - step 500 | loss 0.2619 | steps time 3328.29ms
INFO - 06/04/26 16:20:58 - 0:14:48 - step 500 train loss: 0.2644206361472607 test loss: 0.25622543692588806
INFO - 06/04/26 16:20:58 - 0:14:48 - [Epoch 26 AFTER_TRAIN] CPU: 0.0% | RAM: 955.3MB
INFO - 06/04/26 16:20:58 - 0:14:48 - Sample with temperature 1.7500000000000007 to 2.150000000000001
INFO - 06/04/26 16:20:58 - 0:14:48 - 0 / 960 samples generated, 0 scored
INFO - 06/04/26 16:21:11 - 0:15:01 - 640 / 960 samples generated, 256 scored
INFO - 06/04/26 16:21:16 - 0:15:07 - ### Score distribution ###
INFO - 06/04/26 16:21:16 - 0:15:07 - Invalid examples: before local search: 55, after: 51
INFO - 06/04/26 16:21:16 - 0:15:07 - Valid examples: 342
INFO - 06/04/26 16:21:16 - 0:15:07 - Mean score: 6.980807508176716
INFO - 06/04/26 16:21:16 - 0:15:07 - Median score: 7.0
INFO - 06/04/26 16:21:16 - 0:15:07 - Stdev score: 0.1630882503534246
INFO - 06/04/26 16:21:16 - 0:15:07 - Max score: 7.0
INFO - 06/04/26 16:21:16 - 0:15:07 - Top 1 percentile score: 7.0
INFO - 06/04/26 16:21:16 - 0:15:07 - Distribution of scores:
INFO - 06/04/26 16:21:16 - 0:15:07 - Score 4.9990900412395884: Count: 1
INFO - 06/04/26 16:21:16 - 0:15:07 - Score 5.748971721977144: Count: 2
INFO - 06/04/26 16:21:16 - 0:15:07 - Score 5.97007992007992: Count: 1
INFO - 06/04/26 16:21:16 - 0:15:07 - Score 5.999791012073669: Count: 1
INFO - 06/04/26 16:21:16 - 0:15:07 - Score 6.97032967032967: Count: 1
INFO - 06/04/26 16:21:16 - 0:15:07 - Score 6.999500499500499: Count: 2
INFO - 06/04/26 16:21:16 - 0:15:07 - Score 6.999932709758836: Count: 1
INFO - 06/04/26 16:21:16 - 0:15:07 - Score 7.0: Count: 333
INFO - 06/04/26 16:21:16 - 0:15:07 - --------------------------------
INFO - 06/04/26 16:21:16 - 0:15:07 - [Epoch 26 AFTER_SAMPLE] CPU: 0.0% | RAM: 956.0MB
INFO - 06/04/26 16:21:16 - 0:15:07 - Unique processing: 246 examples left, 96 duplicates
INFO - 06/04/26 16:21:16 - 0:15:07 - ### Score distribution ###
INFO - 06/04/26 16:21:16 - 0:15:07 - Valid examples: 246
INFO - 06/04/26 16:21:16 - 0:15:07 - Mean score: 6.97840323607504
INFO - 06/04/26 16:21:16 - 0:15:07 - Median score: 7.0
INFO - 06/04/26 16:21:16 - 0:15:07 - Stdev score: 0.1751501660775498
INFO - 06/04/26 16:21:16 - 0:15:07 - Max score: 7.0
INFO - 06/04/26 16:21:16 - 0:15:07 - Top 1 percentile score: 7.0
INFO - 06/04/26 16:21:16 - 0:15:07 - Distribution of scores:
INFO - 06/04/26 16:21:16 - 0:15:07 - Score 4.9990900412395884: Count: 1
INFO - 06/04/26 16:21:16 - 0:15:07 - Score 5.748971721977144: Count: 1
INFO - 06/04/26 16:21:16 - 0:15:07 - Score 5.97007992007992: Count: 1
INFO - 06/04/26 16:21:16 - 0:15:07 - Score 5.999791012073669: Count: 1
INFO - 06/04/26 16:21:16 - 0:15:07 - Score 6.97032967032967: Count: 1
INFO - 06/04/26 16:21:16 - 0:15:07 - Score 6.999500499500499: Count: 2
INFO - 06/04/26 16:21:16 - 0:15:07 - Score 6.999932709758836: Count: 1
INFO - 06/04/26 16:21:16 - 0:15:07 - Score 7.0: Count: 238
INFO - 06/04/26 16:21:16 - 0:15:07 - --------------------------------
INFO - 06/04/26 16:21:16 - 0:15:07 - New train and test generated. Size are train: 196, test 50
INFO - 06/04/26 16:21:16 - 0:15:07 - Unique data computed for original train set: 746, generated train set: 14
INFO - 06/04/26 16:21:16 - 0:15:07 - Final train and test generated. Size are train: 760, test 50
INFO - 06/04/26 16:21:16 - 0:15:07 - [Epoch 26 AFTER_UPDATE_DATASETS] CPU: 0.0% | RAM: 956.1MB
INFO - 06/04/26 16:21:16 - 0:15:07 - ### Score distribution ###
INFO - 06/04/26 16:21:16 - 0:15:07 - Valid examples: 760
INFO - 06/04/26 16:21:16 - 0:15:07 - Mean score: 6.986230590856366
INFO - 06/04/26 16:21:16 - 0:15:07 - Median score: 7.0
INFO - 06/04/26 16:21:16 - 0:15:07 - Stdev score: 0.14745186203583183
INFO - 06/04/26 16:21:16 - 0:15:07 - Max score: 7.0
INFO - 06/04/26 16:21:16 - 0:15:07 - Top 1 percentile score: 7.0
INFO - 06/04/26 16:21:16 - 0:15:07 - Distribution of scores:
INFO - 06/04/26 16:21:16 - 0:15:07 - Score 4.998224942639953: Count: 1
INFO - 06/04/26 16:21:16 - 0:15:07 - Score 4.9990900412395884: Count: 2
INFO - 06/04/26 16:21:16 - 0:15:07 - Score 5.748971721977144: Count: 1
INFO - 06/04/26 16:21:16 - 0:15:07 - Score 5.97007992007992: Count: 1
INFO - 06/04/26 16:21:16 - 0:15:07 - Score 5.999791012073669: Count: 2
INFO - 06/04/26 16:21:16 - 0:15:07 - Score 6.97032967032967: Count: 6
INFO - 06/04/26 16:21:16 - 0:15:07 - Score 6.999500499500499: Count: 3
INFO - 06/04/26 16:21:16 - 0:15:07 - Score 6.999865419517671: Count: 1
INFO - 06/04/26 16:21:16 - 0:15:07 - Score 6.999932709758836: Count: 2
INFO - 06/04/26 16:21:16 - 0:15:07 - Score 7.0: Count: 741
INFO - 06/04/26 16:21:16 - 0:15:07 - --------------------------------
INFO - 06/04/26 16:21:16 - 0:15:07 - ==== Starting Epoch 27 =====
INFO - 06/04/26 16:21:16 - 0:15:07 - [Epoch 27 START] CPU: 0.0% | RAM: 956.1MB
INFO - 06/04/26 16:21:16 - 0:15:07 - Encoded train: 760 examples in 0.00s (760 cache hits, 0 misses)
INFO - 06/04/26 16:21:16 - 0:15:07 - Encoded test: 50 examples in 0.00s (49 cache hits, 1 misses)
INFO - 06/04/26 16:21:16 - 0:15:07 - Memory allocated: 28.68MB, reserved: 62.52MB
INFO - 06/04/26 16:21:20 - 0:15:10 - step 100 | loss 0.2870 | steps time 3295.44ms
INFO - 06/04/26 16:21:20 - 0:15:10 - step 100 train loss: 0.2606898057460785 test loss: 0.26330578327178955
INFO - 06/04/26 16:21:23 - 0:15:14 - step 200 | loss 0.2749 | steps time 3336.10ms
INFO - 06/04/26 16:21:23 - 0:15:14 - step 200 train loss: 0.2691004545986652 test loss: 0.2759286165237427
INFO - 06/04/26 16:21:27 - 0:15:17 - step 300 | loss 0.2665 | steps time 3340.02ms
INFO - 06/04/26 16:21:27 - 0:15:17 - step 300 train loss: 0.2671053832769394 test loss: 0.280803918838501
INFO - 06/04/26 16:21:30 - 0:15:21 - step 400 | loss 0.2497 | steps time 3357.51ms
INFO - 06/04/26 16:21:30 - 0:15:21 - step 400 train loss: 0.2618217724561691 test loss: 0.28672996163368225
INFO - 06/04/26 16:21:33 - 0:15:24 - step 500 | loss 0.2869 | steps time 3384.34ms
INFO - 06/04/26 16:21:33 - 0:15:24 - step 500 train loss: 0.26666683062911034 test loss: 0.29321661591529846
INFO - 06/04/26 16:21:34 - 0:15:24 - [Epoch 27 AFTER_TRAIN] CPU: 0.0% | RAM: 957.1MB
INFO - 06/04/26 16:21:34 - 0:15:24 - Sample with temperature 1.7800000000000007 to 2.1800000000000006
INFO - 06/04/26 16:21:34 - 0:15:24 - 0 / 960 samples generated, 0 scored
INFO - 06/04/26 16:21:43 - 0:15:34 - 640 / 960 samples generated, 154 scored
INFO - 06/04/26 16:21:48 - 0:15:39 - ### Score distribution ###
INFO - 06/04/26 16:21:48 - 0:15:39 - Invalid examples: before local search: 56, after: 53
INFO - 06/04/26 16:21:48 - 0:15:39 - Valid examples: 238
INFO - 06/04/26 16:21:48 - 0:15:39 - Mean score: 6.978853643627736
INFO - 06/04/26 16:21:48 - 0:15:39 - Median score: 7.0
INFO - 06/04/26 16:21:48 - 0:15:39 - Stdev score: 0.1938087502420375
INFO - 06/04/26 16:21:48 - 0:15:39 - Max score: 7.0
INFO - 06/04/26 16:21:48 - 0:15:39 - Top 1 percentile score: 7.0
INFO - 06/04/26 16:21:48 - 0:15:39 - Distribution of scores:
INFO - 06/04/26 16:21:48 - 0:15:39 - Score 4.9990900412395884: Count: 2
INFO - 06/04/26 16:21:48 - 0:15:39 - Score 5.999791012073669: Count: 1
INFO - 06/04/26 16:21:48 - 0:15:39 - Score 6.97032967032967: Count: 1
INFO - 06/04/26 16:21:48 - 0:15:39 - Score 6.999500499500499: Count: 2
INFO - 06/04/26 16:21:48 - 0:15:39 - Score 6.999932709758836: Count: 2
INFO - 06/04/26 16:21:48 - 0:15:39 - Score 7.0: Count: 230
INFO - 06/04/26 16:21:48 - 0:15:39 - --------------------------------
INFO - 06/04/26 16:21:48 - 0:15:39 - [Epoch 27 AFTER_SAMPLE] CPU: 0.0% | RAM: 957.6MB
INFO - 06/04/26 16:21:48 - 0:15:39 - Unique processing: 174 examples left, 64 duplicates
INFO - 06/04/26 16:21:48 - 0:15:39 - ### Score distribution ###
INFO - 06/04/26 16:21:48 - 0:15:39 - Valid examples: 174
INFO - 06/04/26 16:21:48 - 0:15:39 - Mean score: 6.971076060193347
INFO - 06/04/26 16:21:48 - 0:15:39 - Median score: 7.0
INFO - 06/04/26 16:21:48 - 0:15:39 - Stdev score: 0.22634329610306875
INFO - 06/04/26 16:21:48 - 0:15:39 - Max score: 7.0
INFO - 06/04/26 16:21:48 - 0:15:39 - Top 1 percentile score: 7.0
INFO - 06/04/26 16:21:48 - 0:15:39 - Distribution of scores:
INFO - 06/04/26 16:21:48 - 0:15:39 - Score 4.9990900412395884: Count: 2
INFO - 06/04/26 16:21:48 - 0:15:39 - Score 5.999791012073669: Count: 1
INFO - 06/04/26 16:21:48 - 0:15:39 - Score 6.97032967032967: Count: 1
INFO - 06/04/26 16:21:48 - 0:15:39 - Score 6.999500499500499: Count: 2
INFO - 06/04/26 16:21:48 - 0:15:39 - Score 6.999932709758836: Count: 1
INFO - 06/04/26 16:21:48 - 0:15:39 - Score 7.0: Count: 167
INFO - 06/04/26 16:21:48 - 0:15:39 - --------------------------------
INFO - 06/04/26 16:21:48 - 0:15:39 - New train and test generated. Size are train: 124, test 50
INFO - 06/04/26 16:21:48 - 0:15:39 - Unique data computed for original train set: 760, generated train set: 8
INFO - 06/04/26 16:21:48 - 0:15:39 - Final train and test generated. Size are train: 768, test 50
INFO - 06/04/26 16:21:49 - 0:15:39 - [Epoch 27 AFTER_UPDATE_DATASETS] CPU: 0.0% | RAM: 957.6MB
INFO - 06/04/26 16:21:49 - 0:15:39 - ### Score distribution ###
INFO - 06/04/26 16:21:49 - 0:15:39 - Valid examples: 768
INFO - 06/04/26 16:21:49 - 0:15:39 - Mean score: 6.986373371810337
INFO - 06/04/26 16:21:49 - 0:15:39 - Median score: 7.0
INFO - 06/04/26 16:21:49 - 0:15:39 - Stdev score: 0.14668747782720706
INFO - 06/04/26 16:21:49 - 0:15:39 - Max score: 7.0
INFO - 06/04/26 16:21:49 - 0:15:39 - Top 1 percentile score: 7.0
INFO - 06/04/26 16:21:49 - 0:15:39 - Distribution of scores:
INFO - 06/04/26 16:21:49 - 0:15:39 - Score 4.998224942639953: Count: 1
INFO - 06/04/26 16:21:49 - 0:15:39 - Score 4.9990900412395884: Count: 2
INFO - 06/04/26 16:21:49 - 0:15:39 - Score 5.748971721977144: Count: 1
INFO - 06/04/26 16:21:49 - 0:15:39 - Score 5.97007992007992: Count: 1
INFO - 06/04/26 16:21:49 - 0:15:39 - Score 5.999791012073669: Count: 2
INFO - 06/04/26 16:21:49 - 0:15:39 - Score 6.97032967032967: Count: 6
INFO - 06/04/26 16:21:49 - 0:15:39 - Score 6.999500499500499: Count: 4
INFO - 06/04/26 16:21:49 - 0:15:39 - Score 6.999865419517671: Count: 1
INFO - 06/04/26 16:21:49 - 0:15:39 - Score 6.999932709758836: Count: 2
INFO - 06/04/26 16:21:49 - 0:15:39 - Score 7.0: Count: 748
INFO - 06/04/26 16:21:49 - 0:15:39 - --------------------------------
INFO - 06/04/26 16:21:49 - 0:15:39 - ==== Starting Epoch 28 =====
INFO - 06/04/26 16:21:49 - 0:15:39 - [Epoch 28 START] CPU: 0.0% | RAM: 957.6MB
INFO - 06/04/26 16:21:49 - 0:15:39 - Encoded train: 768 examples in 0.00s (766 cache hits, 2 misses)
INFO - 06/04/26 16:21:49 - 0:15:39 - Encoded test: 50 examples in 0.00s (42 cache hits, 8 misses)
INFO - 06/04/26 16:21:49 - 0:15:39 - Memory allocated: 28.69MB, reserved: 62.52MB
INFO - 06/04/26 16:21:52 - 0:15:43 - step 100 | loss 0.2465 | steps time 3367.23ms
INFO - 06/04/26 16:21:52 - 0:15:43 - step 100 train loss: 0.276023428440094 test loss: 0.27180957794189453
INFO - 06/04/26 16:21:56 - 0:15:46 - step 200 | loss 0.2452 | steps time 3355.98ms
INFO - 06/04/26 16:21:56 - 0:15:46 - step 200 train loss: 0.2623004713654518 test loss: 0.2569471299648285
INFO - 06/04/26 16:21:59 - 0:15:50 - step 300 | loss 0.2470 | steps time 3370.36ms
INFO - 06/04/26 16:21:59 - 0:15:50 - step 300 train loss: 0.255905813574791 test loss: 0.2602479159832001
INFO - 06/04/26 16:22:02 - 0:15:53 - step 400 | loss 0.2582 | steps time 3342.36ms
INFO - 06/04/26 16:22:02 - 0:15:53 - step 400 train loss: 0.27123617932200433 test loss: 0.2680121064186096
INFO - 06/04/26 16:22:06 - 0:15:56 - step 500 | loss 0.2808 | steps time 3308.08ms
INFO - 06/04/26 16:22:06 - 0:15:57 - step 500 train loss: 0.26214207112789156 test loss: 0.25784340500831604
INFO - 06/04/26 16:22:06 - 0:15:57 - [Epoch 28 AFTER_TRAIN] CPU: 0.0% | RAM: 972.6MB
INFO - 06/04/26 16:22:06 - 0:15:57 - Sample with temperature 1.8100000000000007 to 2.210000000000001
INFO - 06/04/26 16:22:06 - 0:15:57 - 0 / 960 samples generated, 0 scored
INFO - 06/04/26 16:22:16 - 0:16:06 - 640 / 960 samples generated, 151 scored
INFO - 06/04/26 16:22:22 - 0:16:13 - ### Score distribution ###
INFO - 06/04/26 16:22:22 - 0:16:13 - Invalid examples: before local search: 50, after: 43
INFO - 06/04/26 16:22:22 - 0:16:13 - Valid examples: 274
INFO - 06/04/26 16:22:22 - 0:16:13 - Mean score: 6.978090376297911
INFO - 06/04/26 16:22:22 - 0:16:13 - Median score: 7.0
INFO - 06/04/26 16:22:22 - 0:16:13 - Stdev score: 0.1902051062090385
INFO - 06/04/26 16:22:22 - 0:16:13 - Max score: 7.0
INFO - 06/04/26 16:22:22 - 0:16:13 - Top 1 percentile score: 7.0
INFO - 06/04/26 16:22:22 - 0:16:13 - Distribution of scores:
INFO - 06/04/26 16:22:22 - 0:16:13 - Score 4.9990900412395884: Count: 2
INFO - 06/04/26 16:22:22 - 0:16:13 - Score 5.999791012073669: Count: 2
INFO - 06/04/26 16:22:22 - 0:16:13 - Score 6.999500499500499: Count: 2
INFO - 06/04/26 16:22:22 - 0:16:13 - Score 7.0: Count: 268
INFO - 06/04/26 16:22:22 - 0:16:13 - --------------------------------
INFO - 06/04/26 16:22:22 - 0:16:13 - [Epoch 28 AFTER_SAMPLE] CPU: 0.0% | RAM: 973.3MB
INFO - 06/04/26 16:22:22 - 0:16:13 - Unique processing: 206 examples left, 68 duplicates
INFO - 06/04/26 16:22:22 - 0:16:13 - ### Score distribution ###
INFO - 06/04/26 16:22:22 - 0:16:13 - Valid examples: 206
INFO - 06/04/26 16:22:22 - 0:16:13 - Mean score: 6.980573653227609
INFO - 06/04/26 16:22:22 - 0:16:13 - Median score: 7.0
INFO - 06/04/26 16:22:22 - 0:16:13 - Stdev score: 0.17003207823815014
INFO - 06/04/26 16:22:22 - 0:16:13 - Max score: 7.0
INFO - 06/04/26 16:22:22 - 0:16:13 - Top 1 percentile score: 7.0
INFO - 06/04/26 16:22:22 - 0:16:13 - Distribution of scores:
INFO - 06/04/26 16:22:22 - 0:16:13 - Score 4.9990900412395884: Count: 1
INFO - 06/04/26 16:22:22 - 0:16:13 - Score 5.999791012073669: Count: 2
INFO - 06/04/26 16:22:22 - 0:16:13 - Score 6.999500499500499: Count: 1
INFO - 06/04/26 16:22:22 - 0:16:13 - Score 7.0: Count: 202
INFO - 06/04/26 16:22:22 - 0:16:13 - --------------------------------
INFO - 06/04/26 16:22:22 - 0:16:13 - New train and test generated. Size are train: 156, test 50
INFO - 06/04/26 16:22:22 - 0:16:13 - Unique data computed for original train set: 768, generated train set: 9
INFO - 06/04/26 16:22:22 - 0:16:13 - Final train and test generated. Size are train: 777, test 50
INFO - 06/04/26 16:22:22 - 0:16:13 - [Epoch 28 AFTER_UPDATE_DATASETS] CPU: 0.0% | RAM: 973.4MB
INFO - 06/04/26 16:22:23 - 0:16:13 - ### Score distribution ###
INFO - 06/04/26 16:22:23 - 0:16:13 - Valid examples: 777
INFO - 06/04/26 16:22:23 - 0:16:13 - Mean score: 6.986531209202496
INFO - 06/04/26 16:22:23 - 0:16:13 - Median score: 7.0
INFO - 06/04/26 16:22:23 - 0:16:13 - Stdev score: 0.14584165875255217
INFO - 06/04/26 16:22:23 - 0:16:13 - Max score: 7.0
INFO - 06/04/26 16:22:23 - 0:16:13 - Top 1 percentile score: 7.0
INFO - 06/04/26 16:22:23 - 0:16:13 - Distribution of scores:
INFO - 06/04/26 16:22:23 - 0:16:13 - Score 4.998224942639953: Count: 1
INFO - 06/04/26 16:22:23 - 0:16:13 - Score 4.9990900412395884: Count: 2
INFO - 06/04/26 16:22:23 - 0:16:13 - Score 5.748971721977144: Count: 1
INFO - 06/04/26 16:22:23 - 0:16:13 - Score 5.97007992007992: Count: 1
INFO - 06/04/26 16:22:23 - 0:16:13 - Score 5.999791012073669: Count: 2
INFO - 06/04/26 16:22:23 - 0:16:13 - Score 6.97032967032967: Count: 6
INFO - 06/04/26 16:22:23 - 0:16:13 - Score 6.999500499500499: Count: 4
INFO - 06/04/26 16:22:23 - 0:16:13 - Score 6.999865419517671: Count: 1
INFO - 06/04/26 16:22:23 - 0:16:13 - Score 6.999932709758836: Count: 2
INFO - 06/04/26 16:22:23 - 0:16:13 - Score 7.0: Count: 757
INFO - 06/04/26 16:22:23 - 0:16:13 - --------------------------------
INFO - 06/04/26 16:22:23 - 0:16:13 - ==== Starting Epoch 29 =====
INFO - 06/04/26 16:22:23 - 0:16:13 - [Epoch 29 START] CPU: 0.0% | RAM: 973.4MB
INFO - 06/04/26 16:22:23 - 0:16:13 - Encoded train: 777 examples in 0.00s (776 cache hits, 1 misses)
INFO - 06/04/26 16:22:23 - 0:16:13 - Encoded test: 50 examples in 0.00s (46 cache hits, 4 misses)
INFO - 06/04/26 16:22:23 - 0:16:13 - Memory allocated: 28.69MB, reserved: 62.53MB
INFO - 06/04/26 16:22:26 - 0:16:17 - step 100 | loss 0.2448 | steps time 3364.34ms
INFO - 06/04/26 16:22:26 - 0:16:17 - step 100 train loss: 0.26584295615553855 test loss: 0.2622281610965729
INFO - 06/04/26 16:22:30 - 0:16:20 - step 200 | loss 0.2719 | steps time 3422.46ms
INFO - 06/04/26 16:22:30 - 0:16:20 - step 200 train loss: 0.26690760046243667 test loss: 0.2587093710899353
INFO - 06/04/26 16:22:33 - 0:16:24 - step 300 | loss 0.2708 | steps time 3355.98ms
INFO - 06/04/26 16:22:33 - 0:16:24 - step 300 train loss: 0.264311261177063 test loss: 0.26490673422813416
INFO - 06/04/26 16:22:36 - 0:16:27 - step 400 | loss 0.2469 | steps time 3387.97ms
INFO - 06/04/26 16:22:36 - 0:16:27 - step 400 train loss: 0.26513449266552924 test loss: 0.2707555890083313
INFO - 06/04/26 16:22:40 - 0:16:30 - step 500 | loss 0.2481 | steps time 3357.28ms
INFO - 06/04/26 16:22:40 - 0:16:31 - step 500 train loss: 0.26407002672553065 test loss: 0.2718055844306946
INFO - 06/04/26 16:22:40 - 0:16:31 - [Epoch 29 AFTER_TRAIN] CPU: 0.0% | RAM: 974.7MB
INFO - 06/04/26 16:22:40 - 0:16:31 - Sample with temperature 1.8400000000000007 to 2.2400000000000007
INFO - 06/04/26 16:22:40 - 0:16:31 - 0 / 960 samples generated, 0 scored
INFO - 06/04/26 16:22:52 - 0:16:43 - 640 / 960 samples generated, 238 scored
INFO - 06/04/26 16:22:57 - 0:16:48 - ### Score distribution ###
INFO - 06/04/26 16:22:57 - 0:16:48 - Invalid examples: before local search: 50, after: 47
INFO - 06/04/26 16:22:57 - 0:16:48 - Valid examples: 322
INFO - 06/04/26 16:22:57 - 0:16:48 - Mean score: 6.965456070769239
INFO - 06/04/26 16:22:57 - 0:16:48 - Median score: 7.0
INFO - 06/04/26 16:22:57 - 0:16:48 - Stdev score: 0.22884382016420834
INFO - 06/04/26 16:22:57 - 0:16:48 - Max score: 7.0
INFO - 06/04/26 16:22:57 - 0:16:48 - Top 1 percentile score: 7.0
INFO - 06/04/26 16:22:57 - 0:16:48 - Distribution of scores:
INFO - 06/04/26 16:22:57 - 0:16:48 - Score 4.9990900412395884: Count: 3
INFO - 06/04/26 16:22:57 - 0:16:48 - Score 5.97007992007992: Count: 3
INFO - 06/04/26 16:22:57 - 0:16:48 - Score 5.999791012073669: Count: 2
INFO - 06/04/26 16:22:57 - 0:16:48 - Score 6.97032967032967: Count: 1
INFO - 06/04/26 16:22:57 - 0:16:48 - Score 6.999500499500499: Count: 1
INFO - 06/04/26 16:22:57 - 0:16:48 - Score 6.999932709758836: Count: 1
INFO - 06/04/26 16:22:57 - 0:16:48 - Score 7.0: Count: 311
INFO - 06/04/26 16:22:57 - 0:16:48 - --------------------------------
INFO - 06/04/26 16:22:57 - 0:16:48 - [Epoch 29 AFTER_SAMPLE] CPU: 0.0% | RAM: 975.4MB
INFO - 06/04/26 16:22:57 - 0:16:48 - Unique processing: 228 examples left, 94 duplicates
INFO - 06/04/26 16:22:57 - 0:16:48 - ### Score distribution ###
INFO - 06/04/26 16:22:57 - 0:16:48 - Valid examples: 228
INFO - 06/04/26 16:22:57 - 0:16:48 - Mean score: 6.982187385320097
INFO - 06/04/26 16:22:57 - 0:16:48 - Median score: 7.0
INFO - 06/04/26 16:22:57 - 0:16:48 - Stdev score: 0.16248798924089614
INFO - 06/04/26 16:22:57 - 0:16:48 - Max score: 7.0
INFO - 06/04/26 16:22:57 - 0:16:48 - Top 1 percentile score: 7.0
INFO - 06/04/26 16:22:57 - 0:16:48 - Distribution of scores:
INFO - 06/04/26 16:22:57 - 0:16:48 - Score 4.9990900412395884: Count: 1
INFO - 06/04/26 16:22:57 - 0:16:48 - Score 5.97007992007992: Count: 1
INFO - 06/04/26 16:22:57 - 0:16:48 - Score 5.999791012073669: Count: 1
INFO - 06/04/26 16:22:57 - 0:16:48 - Score 6.97032967032967: Count: 1
INFO - 06/04/26 16:22:57 - 0:16:48 - Score 6.999500499500499: Count: 1
INFO - 06/04/26 16:22:57 - 0:16:48 - Score 6.999932709758836: Count: 1
INFO - 06/04/26 16:22:57 - 0:16:48 - Score 7.0: Count: 222
INFO - 06/04/26 16:22:57 - 0:16:48 - --------------------------------
INFO - 06/04/26 16:22:57 - 0:16:48 - New train and test generated. Size are train: 178, test 50
INFO - 06/04/26 16:22:57 - 0:16:48 - Unique data computed for original train set: 777, generated train set: 5
INFO - 06/04/26 16:22:57 - 0:16:48 - Final train and test generated. Size are train: 782, test 50
INFO - 06/04/26 16:22:57 - 0:16:48 - [Epoch 29 AFTER_UPDATE_DATASETS] CPU: 0.0% | RAM: 975.4MB
INFO - 06/04/26 16:22:57 - 0:16:48 - ### Score distribution ###
INFO - 06/04/26 16:22:57 - 0:16:48 - Valid examples: 782
INFO - 06/04/26 16:22:57 - 0:16:48 - Mean score: 6.986617326790714
INFO - 06/04/26 16:22:57 - 0:16:48 - Median score: 7.0
INFO - 06/04/26 16:22:57 - 0:16:48 - Stdev score: 0.14537803534261254
INFO - 06/04/26 16:22:57 - 0:16:48 - Max score: 7.0
INFO - 06/04/26 16:22:57 - 0:16:48 - Top 1 percentile score: 7.0
INFO - 06/04/26 16:22:57 - 0:16:48 - Distribution of scores:
INFO - 06/04/26 16:22:57 - 0:16:48 - Score 4.998224942639953: Count: 1
INFO - 06/04/26 16:22:57 - 0:16:48 - Score 4.9990900412395884: Count: 2
INFO - 06/04/26 16:22:57 - 0:16:48 - Score 5.748971721977144: Count: 1
INFO - 06/04/26 16:22:57 - 0:16:48 - Score 5.97007992007992: Count: 1
INFO - 06/04/26 16:22:57 - 0:16:48 - Score 5.999791012073669: Count: 2
INFO - 06/04/26 16:22:57 - 0:16:48 - Score 6.97032967032967: Count: 6
INFO - 06/04/26 16:22:57 - 0:16:48 - Score 6.999500499500499: Count: 4
INFO - 06/04/26 16:22:57 - 0:16:48 - Score 6.999865419517671: Count: 1
INFO - 06/04/26 16:22:57 - 0:16:48 - Score 6.999932709758836: Count: 2
INFO - 06/04/26 16:22:57 - 0:16:48 - Score 7.0: Count: 762
INFO - 06/04/26 16:22:57 - 0:16:48 - --------------------------------
INFO - 06/04/26 16:22:57 - 0:16:48 - ==== Starting Epoch 30 =====
INFO - 06/04/26 16:22:58 - 0:16:48 - [Epoch 30 START] CPU: 0.0% | RAM: 975.4MB
INFO - 06/04/26 16:22:58 - 0:16:48 - Encoded train: 782 examples in 0.00s (782 cache hits, 0 misses)
INFO - 06/04/26 16:22:58 - 0:16:48 - Encoded test: 50 examples in 0.00s (47 cache hits, 3 misses)
INFO - 06/04/26 16:22:58 - 0:16:48 - Memory allocated: 28.68MB, reserved: 62.53MB
INFO - 06/04/26 16:23:01 - 0:16:52 - step 100 | loss 0.2551 | steps time 3297.37ms
INFO - 06/04/26 16:23:01 - 0:16:52 - step 100 train loss: 0.2651150749623776 test loss: 0.26629284024238586
INFO - 06/04/26 16:23:04 - 0:16:55 - step 200 | loss 0.2471 | steps time 3322.00ms
INFO - 06/04/26 16:23:04 - 0:16:55 - step 200 train loss: 0.26452092185616494 test loss: 0.26825007796287537
INFO - 06/04/26 16:23:08 - 0:16:58 - step 300 | loss 0.2496 | steps time 3348.30ms
INFO - 06/04/26 16:23:08 - 0:16:58 - step 300 train loss: 0.2614395062625408 test loss: 0.26520368456840515
INFO - 06/04/26 16:23:11 - 0:17:02 - step 400 | loss 0.2609 | steps time 3326.88ms
INFO - 06/04/26 16:23:11 - 0:17:02 - step 400 train loss: 0.2617002141475677 test loss: 0.26697680354118347
INFO - 06/04/26 16:23:15 - 0:17:05 - step 500 | loss 0.2539 | steps time 3352.78ms
INFO - 06/04/26 16:23:15 - 0:17:05 - step 500 train loss: 0.2658475752174854 test loss: 0.2641688883304596
INFO - 06/04/26 16:23:15 - 0:17:05 - [Epoch 30 AFTER_TRAIN] CPU: 0.0% | RAM: 976.4MB
INFO - 06/04/26 16:23:15 - 0:17:05 - Sample with temperature 1.8700000000000008 to 2.270000000000001
INFO - 06/04/26 16:23:15 - 0:17:05 - 0 / 960 samples generated, 0 scored
INFO - 06/04/26 16:23:24 - 0:17:15 - 640 / 960 samples generated, 154 scored
INFO - 06/04/26 16:23:30 - 0:17:21 - ### Score distribution ###
INFO - 06/04/26 16:23:30 - 0:17:21 - Invalid examples: before local search: 35, after: 32
INFO - 06/04/26 16:23:30 - 0:17:21 - Valid examples: 253
INFO - 06/04/26 16:23:30 - 0:17:21 - Mean score: 6.983830707879321
INFO - 06/04/26 16:23:30 - 0:17:21 - Median score: 7.0
INFO - 06/04/26 16:23:30 - 0:17:21 - Stdev score: 0.17754695859478853
INFO - 06/04/26 16:23:30 - 0:17:21 - Max score: 7.0
INFO - 06/04/26 16:23:30 - 0:17:21 - Top 1 percentile score: 7.0
INFO - 06/04/26 16:23:30 - 0:17:21 - Distribution of scores:
INFO - 06/04/26 16:23:30 - 0:17:21 - Score 4.9990900412395884: Count: 2
INFO - 06/04/26 16:23:30 - 0:17:21 - Score 6.97032967032967: Count: 3
INFO - 06/04/26 16:23:30 - 0:17:21 - Score 7.0: Count: 248
INFO - 06/04/26 16:23:30 - 0:17:21 - --------------------------------
INFO - 06/04/26 16:23:30 - 0:17:21 - [Epoch 30 AFTER_SAMPLE] CPU: 0.0% | RAM: 977.1MB
INFO - 06/04/26 16:23:30 - 0:17:21 - Unique processing: 194 examples left, 59 duplicates
INFO - 06/04/26 16:23:30 - 0:17:21 - ### Score distribution ###
INFO - 06/04/26 16:23:30 - 0:17:21 - Valid examples: 194
INFO - 06/04/26 16:23:30 - 0:17:21 - Mean score: 6.989380151453087
INFO - 06/04/26 16:23:30 - 0:17:21 - Median score: 7.0
INFO - 06/04/26 16:23:30 - 0:17:21 - Stdev score: 0.14366631189448542
INFO - 06/04/26 16:23:30 - 0:17:21 - Max score: 7.0
INFO - 06/04/26 16:23:30 - 0:17:21 - Top 1 percentile score: 7.0
INFO - 06/04/26 16:23:30 - 0:17:21 - Distribution of scores:
INFO - 06/04/26 16:23:30 - 0:17:21 - Score 4.9990900412395884: Count: 1
INFO - 06/04/26 16:23:30 - 0:17:21 - Score 6.97032967032967: Count: 2
INFO - 06/04/26 16:23:30 - 0:17:21 - Score 7.0: Count: 191
INFO - 06/04/26 16:23:30 - 0:17:21 - --------------------------------
INFO - 06/04/26 16:23:30 - 0:17:21 - New train and test generated. Size are train: 144, test 50
INFO - 06/04/26 16:23:30 - 0:17:21 - Unique data computed for original train set: 782, generated train set: 10
INFO - 06/04/26 16:23:30 - 0:17:21 - Final train and test generated. Size are train: 792, test 50
INFO - 06/04/26 16:23:30 - 0:17:21 - [Epoch 30 AFTER_UPDATE_DATASETS] CPU: 0.0% | RAM: 977.1MB
INFO - 06/04/26 16:23:30 - 0:17:21 - ### Score distribution ###
INFO - 06/04/26 16:23:30 - 0:17:21 - Valid examples: 792
INFO - 06/04/26 16:23:30 - 0:17:21 - Mean score: 6.986786299937297
INFO - 06/04/26 16:23:30 - 0:17:21 - Median score: 7.0
INFO - 06/04/26 16:23:30 - 0:17:21 - Stdev score: 0.14446389924468978
INFO - 06/04/26 16:23:30 - 0:17:21 - Max score: 7.0
INFO - 06/04/26 16:23:30 - 0:17:21 - Top 1 percentile score: 7.0
INFO - 06/04/26 16:23:30 - 0:17:21 - Distribution of scores:
INFO - 06/04/26 16:23:30 - 0:17:21 - Score 4.998224942639953: Count: 1
INFO - 06/04/26 16:23:30 - 0:17:21 - Score 4.9990900412395884: Count: 2
INFO - 06/04/26 16:23:30 - 0:17:21 - Score 5.748971721977144: Count: 1
INFO - 06/04/26 16:23:30 - 0:17:21 - Score 5.97007992007992: Count: 1
INFO - 06/04/26 16:23:30 - 0:17:21 - Score 5.999791012073669: Count: 2
INFO - 06/04/26 16:23:30 - 0:17:21 - Score 6.97032967032967: Count: 6
INFO - 06/04/26 16:23:30 - 0:17:21 - Score 6.999500499500499: Count: 4
INFO - 06/04/26 16:23:30 - 0:17:21 - Score 6.999865419517671: Count: 1
INFO - 06/04/26 16:23:30 - 0:17:21 - Score 6.999932709758836: Count: 2
INFO - 06/04/26 16:23:30 - 0:17:21 - Score 7.0: Count: 772
INFO - 06/04/26 16:23:30 - 0:17:21 - --------------------------------
INFO - 06/04/26 16:23:30 - 0:17:21 - ==== Starting Epoch 31 =====
INFO - 06/04/26 16:23:31 - 0:17:21 - [Epoch 31 START] CPU: 0.0% | RAM: 977.1MB
INFO - 06/04/26 16:23:31 - 0:17:21 - Encoded train: 792 examples in 0.00s (790 cache hits, 2 misses)
INFO - 06/04/26 16:23:31 - 0:17:21 - Encoded test: 50 examples in 0.00s (48 cache hits, 2 misses)
INFO - 06/04/26 16:23:31 - 0:17:21 - Memory allocated: 28.69MB, reserved: 62.53MB
INFO - 06/04/26 16:23:34 - 0:17:25 - step 100 | loss 0.2573 | steps time 3312.25ms
INFO - 06/04/26 16:23:34 - 0:17:25 - step 100 train loss: 0.26327662497758864 test loss: 0.2619517147541046
INFO - 06/04/26 16:23:37 - 0:17:28 - step 200 | loss 0.2432 | steps time 3344.43ms
INFO - 06/04/26 16:23:37 - 0:17:28 - step 200 train loss: 0.26156928047537803 test loss: 0.26233115792274475
INFO - 06/04/26 16:23:41 - 0:17:31 - step 300 | loss 0.2476 | steps time 3368.93ms
INFO - 06/04/26 16:23:41 - 0:17:31 - step 300 train loss: 0.2661483292281628 test loss: 0.27360662817955017
INFO - 06/04/26 16:23:44 - 0:17:35 - step 400 | loss 0.2557 | steps time 3322.38ms
INFO - 06/04/26 16:23:44 - 0:17:35 - step 400 train loss: 0.27033207640051843 test loss: 0.26521727442741394
INFO - 06/04/26 16:23:48 - 0:17:38 - step 500 | loss 0.2498 | steps time 3327.66ms
INFO - 06/04/26 16:23:48 - 0:17:38 - step 500 train loss: 0.25957465305924415 test loss: 0.25315335392951965
INFO - 06/04/26 16:23:48 - 0:17:38 - [Epoch 31 AFTER_TRAIN] CPU: 0.0% | RAM: 978.0MB
INFO - 06/04/26 16:23:48 - 0:17:38 - Sample with temperature 1.9000000000000008 to 2.3000000000000007
INFO - 06/04/26 16:23:48 - 0:17:38 - 0 / 960 samples generated, 0 scored
INFO - 06/04/26 16:23:59 - 0:17:49 - 640 / 960 samples generated, 209 scored
INFO - 06/04/26 16:24:05 - 0:17:55 - ### Score distribution ###
INFO - 06/04/26 16:24:05 - 0:17:55 - Invalid examples: before local search: 45, after: 41
INFO - 06/04/26 16:24:05 - 0:17:55 - Valid examples: 327
INFO - 06/04/26 16:24:05 - 0:17:55 - Mean score: 6.993516130402375
INFO - 06/04/26 16:24:05 - 0:17:55 - Median score: 7.0
INFO - 06/04/26 16:24:05 - 0:17:55 - Stdev score: 0.11067853980798006
INFO - 06/04/26 16:24:05 - 0:17:55 - Max score: 7.0
INFO - 06/04/26 16:24:05 - 0:17:55 - Top 1 percentile score: 7.0
INFO - 06/04/26 16:24:05 - 0:17:55 - Distribution of scores:
INFO - 06/04/26 16:24:05 - 0:17:55 - Score 4.9990900412395884: Count: 1
INFO - 06/04/26 16:24:05 - 0:17:55 - Score 6.97032967032967: Count: 4
INFO - 06/04/26 16:24:05 - 0:17:55 - Score 6.999500499500499: Count: 1
INFO - 06/04/26 16:24:05 - 0:17:55 - Score 6.999932709758836: Count: 2
INFO - 06/04/26 16:24:05 - 0:17:55 - Score 7.0: Count: 319
INFO - 06/04/26 16:24:05 - 0:17:55 - --------------------------------
INFO - 06/04/26 16:24:05 - 0:17:55 - [Epoch 31 AFTER_SAMPLE] CPU: 0.0% | RAM: 978.7MB
INFO - 06/04/26 16:24:05 - 0:17:55 - Unique processing: 247 examples left, 80 duplicates
INFO - 06/04/26 16:24:05 - 0:17:55 - ### Score distribution ###
INFO - 06/04/26 16:24:05 - 0:17:55 - Valid examples: 247
INFO - 06/04/26 16:24:05 - 0:17:55 - Mean score: 6.991416091666301
INFO - 06/04/26 16:24:05 - 0:17:55 - Median score: 7.0
INFO - 06/04/26 16:24:05 - 0:17:55 - Stdev score: 0.12733928840442238
INFO - 06/04/26 16:24:05 - 0:17:55 - Max score: 7.0
INFO - 06/04/26 16:24:05 - 0:17:55 - Top 1 percentile score: 7.0
INFO - 06/04/26 16:24:05 - 0:17:55 - Distribution of scores:
INFO - 06/04/26 16:24:05 - 0:17:55 - Score 4.9990900412395884: Count: 1
INFO - 06/04/26 16:24:05 - 0:17:55 - Score 6.97032967032967: Count: 4
INFO - 06/04/26 16:24:05 - 0:17:55 - Score 6.999500499500499: Count: 1
INFO - 06/04/26 16:24:05 - 0:17:55 - Score 6.999932709758836: Count: 2
INFO - 06/04/26 16:24:05 - 0:17:55 - Score 7.0: Count: 239
INFO - 06/04/26 16:24:05 - 0:17:55 - --------------------------------
INFO - 06/04/26 16:24:05 - 0:17:55 - New train and test generated. Size are train: 197, test 50
INFO - 06/04/26 16:24:05 - 0:17:55 - Unique data computed for original train set: 792, generated train set: 11
INFO - 06/04/26 16:24:05 - 0:17:55 - Final train and test generated. Size are train: 803, test 50
INFO - 06/04/26 16:24:05 - 0:17:55 - [Epoch 31 AFTER_UPDATE_DATASETS] CPU: 0.0% | RAM: 978.7MB
INFO - 06/04/26 16:24:05 - 0:17:56 - ### Score distribution ###
INFO - 06/04/26 16:24:05 - 0:17:56 - Valid examples: 803
INFO - 06/04/26 16:24:05 - 0:17:56 - Mean score: 6.986967309527197
INFO - 06/04/26 16:24:05 - 0:17:56 - Median score: 7.0
INFO - 06/04/26 16:24:05 - 0:17:56 - Stdev score: 0.14347799754427745
INFO - 06/04/26 16:24:05 - 0:17:56 - Max score: 7.0
INFO - 06/04/26 16:24:05 - 0:17:56 - Top 1 percentile score: 7.0
INFO - 06/04/26 16:24:05 - 0:17:56 - Distribution of scores:
INFO - 06/04/26 16:24:05 - 0:17:56 - Score 4.998224942639953: Count: 1
INFO - 06/04/26 16:24:05 - 0:17:56 - Score 4.9990900412395884: Count: 2
INFO - 06/04/26 16:24:05 - 0:17:56 - Score 5.748971721977144: Count: 1
INFO - 06/04/26 16:24:05 - 0:17:56 - Score 5.97007992007992: Count: 1
INFO - 06/04/26 16:24:05 - 0:17:56 - Score 5.999791012073669: Count: 2
INFO - 06/04/26 16:24:05 - 0:17:56 - Score 6.97032967032967: Count: 6
INFO - 06/04/26 16:24:05 - 0:17:56 - Score 6.999500499500499: Count: 4
INFO - 06/04/26 16:24:05 - 0:17:56 - Score 6.999865419517671: Count: 1
INFO - 06/04/26 16:24:05 - 0:17:56 - Score 6.999932709758836: Count: 2
INFO - 06/04/26 16:24:05 - 0:17:56 - Score 7.0: Count: 783
INFO - 06/04/26 16:24:05 - 0:17:56 - --------------------------------
INFO - 06/04/26 16:24:05 - 0:17:56 - ==== Starting Epoch 32 =====
INFO - 06/04/26 16:24:05 - 0:17:56 - [Epoch 32 START] CPU: 0.0% | RAM: 978.7MB
INFO - 06/04/26 16:24:05 - 0:17:56 - Encoded train: 803 examples in 0.00s (800 cache hits, 3 misses)
INFO - 06/04/26 16:24:05 - 0:17:56 - Encoded test: 50 examples in 0.00s (44 cache hits, 6 misses)
INFO - 06/04/26 16:24:05 - 0:17:56 - Memory allocated: 28.68MB, reserved: 70.53MB
INFO - 06/04/26 16:24:08 - 0:17:59 - step 100 | loss 0.2742 | steps time 3314.49ms
INFO - 06/04/26 16:24:09 - 0:17:59 - step 100 train loss: 0.2611213599145412 test loss: 0.27167630195617676
INFO - 06/04/26 16:24:12 - 0:18:02 - step 200 | loss 0.2501 | steps time 3327.72ms
INFO - 06/04/26 16:24:12 - 0:18:03 - step 200 train loss: 0.2669599048793316 test loss: 0.27807703614234924
INFO - 06/04/26 16:24:15 - 0:18:06 - step 300 | loss 0.2574 | steps time 3292.85ms
INFO - 06/04/26 16:24:15 - 0:18:06 - step 300 train loss: 0.2642353293299675 test loss: 0.2719506323337555
INFO - 06/04/26 16:24:19 - 0:18:09 - step 400 | loss 0.2495 | steps time 3333.08ms
INFO - 06/04/26 16:24:19 - 0:18:09 - step 400 train loss: 0.2629894261062145 test loss: 0.2571640610694885
INFO - 06/04/26 16:24:22 - 0:18:13 - step 500 | loss 0.2575 | steps time 3336.30ms
INFO - 06/04/26 16:24:22 - 0:18:13 - step 500 train loss: 0.2633123128116131 test loss: 0.25743037462234497
INFO - 06/04/26 16:24:22 - 0:18:13 - [Epoch 32 AFTER_TRAIN] CPU: 0.0% | RAM: 979.7MB
INFO - 06/04/26 16:24:22 - 0:18:13 - Sample with temperature 1.9300000000000008 to 2.330000000000001
INFO - 06/04/26 16:24:22 - 0:18:13 - 0 / 960 samples generated, 0 scored
INFO - 06/04/26 16:24:33 - 0:18:23 - 640 / 960 samples generated, 177 scored
INFO - 06/04/26 16:24:38 - 0:18:28 - ### Score distribution ###
INFO - 06/04/26 16:24:38 - 0:18:28 - Invalid examples: before local search: 45, after: 39
INFO - 06/04/26 16:24:38 - 0:18:28 - Valid examples: 264
INFO - 06/04/26 16:24:38 - 0:18:28 - Mean score: 6.984278705619276
INFO - 06/04/26 16:24:38 - 0:18:28 - Median score: 7.0
INFO - 06/04/26 16:24:38 - 0:18:28 - Stdev score: 0.1510805897418506
INFO - 06/04/26 16:24:38 - 0:18:28 - Max score: 7.0
INFO - 06/04/26 16:24:38 - 0:18:28 - Top 1 percentile score: 7.0
INFO - 06/04/26 16:24:38 - 0:18:28 - Distribution of scores:
INFO - 06/04/26 16:24:38 - 0:18:28 - Score 4.9990900412395884: Count: 1
INFO - 06/04/26 16:24:38 - 0:18:28 - Score 5.97007992007992: Count: 1
INFO - 06/04/26 16:24:38 - 0:18:28 - Score 5.999791012073669: Count: 1
INFO - 06/04/26 16:24:38 - 0:18:28 - Score 6.97032967032967: Count: 4
INFO - 06/04/26 16:24:38 - 0:18:28 - Score 6.999500499500499: Count: 1
INFO - 06/04/26 16:24:38 - 0:18:28 - Score 6.999932709758836: Count: 3
INFO - 06/04/26 16:24:38 - 0:18:28 - Score 7.0: Count: 253
INFO - 06/04/26 16:24:38 - 0:18:28 - --------------------------------
INFO - 06/04/26 16:24:38 - 0:18:28 - [Epoch 32 AFTER_SAMPLE] CPU: 0.0% | RAM: 980.3MB
INFO - 06/04/26 16:24:38 - 0:18:28 - Unique processing: 196 examples left, 68 duplicates
INFO - 06/04/26 16:24:38 - 0:18:28 - ### Score distribution ###
INFO - 06/04/26 16:24:38 - 0:18:28 - Valid examples: 196
INFO - 06/04/26 16:24:38 - 0:18:28 - Mean score: 6.97912782409853
INFO - 06/04/26 16:24:38 - 0:18:28 - Median score: 7.0
INFO - 06/04/26 16:24:38 - 0:18:28 - Stdev score: 0.17513610839026758
INFO - 06/04/26 16:24:38 - 0:18:28 - Max score: 7.0
INFO - 06/04/26 16:24:38 - 0:18:28 - Top 1 percentile score: 7.0
INFO - 06/04/26 16:24:38 - 0:18:28 - Distribution of scores:
INFO - 06/04/26 16:24:38 - 0:18:28 - Score 4.9990900412395884: Count: 1
INFO - 06/04/26 16:24:38 - 0:18:28 - Score 5.97007992007992: Count: 1
INFO - 06/04/26 16:24:38 - 0:18:28 - Score 5.999791012073669: Count: 1
INFO - 06/04/26 16:24:38 - 0:18:28 - Score 6.97032967032967: Count: 2
INFO - 06/04/26 16:24:38 - 0:18:28 - Score 6.999500499500499: Count: 1
INFO - 06/04/26 16:24:38 - 0:18:28 - Score 6.999932709758836: Count: 1
INFO - 06/04/26 16:24:38 - 0:18:28 - Score 7.0: Count: 189
INFO - 06/04/26 16:24:38 - 0:18:28 - --------------------------------
INFO - 06/04/26 16:24:38 - 0:18:28 - New train and test generated. Size are train: 146, test 50
INFO - 06/04/26 16:24:38 - 0:18:28 - Unique data computed for original train set: 803, generated train set: 5
INFO - 06/04/26 16:24:38 - 0:18:28 - Final train and test generated. Size are train: 808, test 50
INFO - 06/04/26 16:24:38 - 0:18:29 - [Epoch 32 AFTER_UPDATE_DATASETS] CPU: 0.0% | RAM: 980.3MB
INFO - 06/04/26 16:24:38 - 0:18:29 - ### Score distribution ###
INFO - 06/04/26 16:24:38 - 0:18:29 - Valid examples: 808
INFO - 06/04/26 16:24:38 - 0:18:29 - Mean score: 6.987047339170593
INFO - 06/04/26 16:24:38 - 0:18:29 - Median score: 7.0
INFO - 06/04/26 16:24:38 - 0:18:29 - Stdev score: 0.14303642834119512
INFO - 06/04/26 16:24:38 - 0:18:29 - Max score: 7.0
INFO - 06/04/26 16:24:38 - 0:18:29 - Top 1 percentile score: 7.0
INFO - 06/04/26 16:24:38 - 0:18:29 - Distribution of scores:
INFO - 06/04/26 16:24:38 - 0:18:29 - Score 4.998224942639953: Count: 1
INFO - 06/04/26 16:24:38 - 0:18:29 - Score 4.9990900412395884: Count: 2
INFO - 06/04/26 16:24:38 - 0:18:29 - Score 5.748971721977144: Count: 1
INFO - 06/04/26 16:24:38 - 0:18:29 - Score 5.97007992007992: Count: 1
INFO - 06/04/26 16:24:38 - 0:18:29 - Score 5.999791012073669: Count: 2
INFO - 06/04/26 16:24:38 - 0:18:29 - Score 6.97032967032967: Count: 6
INFO - 06/04/26 16:24:38 - 0:18:29 - Score 6.999500499500499: Count: 5
INFO - 06/04/26 16:24:38 - 0:18:29 - Score 6.999865419517671: Count: 1
INFO - 06/04/26 16:24:38 - 0:18:29 - Score 6.999932709758836: Count: 2
INFO - 06/04/26 16:24:38 - 0:18:29 - Score 7.0: Count: 787
INFO - 06/04/26 16:24:38 - 0:18:29 - --------------------------------
INFO - 06/04/26 16:24:38 - 0:18:29 - ==== Starting Epoch 33 =====
INFO - 06/04/26 16:24:38 - 0:18:29 - [Epoch 33 START] CPU: 0.0% | RAM: 980.3MB
INFO - 06/04/26 16:24:38 - 0:18:29 - Encoded train: 808 examples in 0.00s (808 cache hits, 0 misses)
INFO - 06/04/26 16:24:38 - 0:18:29 - Encoded test: 50 examples in 0.00s (46 cache hits, 4 misses)
INFO - 06/04/26 16:24:38 - 0:18:29 - Memory allocated: 28.69MB, reserved: 62.53MB
INFO - 06/04/26 16:24:41 - 0:18:32 - step 100 | loss 0.2677 | steps time 3288.23ms
INFO - 06/04/26 16:24:42 - 0:18:32 - step 100 train loss: 0.25732977569103244 test loss: 0.25159934163093567
INFO - 06/04/26 16:24:45 - 0:18:36 - step 200 | loss 0.2612 | steps time 3326.89ms
INFO - 06/04/26 16:24:45 - 0:18:36 - step 200 train loss: 0.26344943523406983 test loss: 0.2867525517940521
INFO - 06/04/26 16:24:48 - 0:18:39 - step 300 | loss 0.2612 | steps time 3361.42ms
INFO - 06/04/26 16:24:48 - 0:18:39 - step 300 train loss: 0.26805357217788695 test loss: 0.26194316148757935
INFO - 06/04/26 16:24:52 - 0:18:42 - step 400 | loss 0.2569 | steps time 3344.88ms
INFO - 06/04/26 16:24:52 - 0:18:42 - step 400 train loss: 0.26238913714885714 test loss: 0.26504644751548767
INFO - 06/04/26 16:24:55 - 0:18:46 - step 500 | loss 0.2499 | steps time 3378.37ms
INFO - 06/04/26 16:24:55 - 0:18:46 - step 500 train loss: 0.26338526234030724 test loss: 0.2610546052455902
INFO - 06/04/26 16:24:55 - 0:18:46 - [Epoch 33 AFTER_TRAIN] CPU: 0.0% | RAM: 981.3MB
INFO - 06/04/26 16:24:55 - 0:18:46 - Sample with temperature 1.9600000000000009 to 2.3600000000000008
INFO - 06/04/26 16:24:55 - 0:18:46 - 0 / 960 samples generated, 0 scored
INFO - 06/04/26 16:25:05 - 0:18:56 - 640 / 960 samples generated, 167 scored
INFO - 06/04/26 16:25:10 - 0:19:01 - ### Score distribution ###
INFO - 06/04/26 16:25:10 - 0:19:01 - Invalid examples: before local search: 37, after: 34
INFO - 06/04/26 16:25:10 - 0:19:01 - Valid examples: 254
INFO - 06/04/26 16:25:10 - 0:19:01 - Mean score: 6.972074755721963
INFO - 06/04/26 16:25:10 - 0:19:01 - Median score: 7.0
INFO - 06/04/26 16:25:10 - 0:19:01 - Stdev score: 0.2084658464966976
INFO - 06/04/26 16:25:10 - 0:19:01 - Max score: 7.0
INFO - 06/04/26 16:25:10 - 0:19:01 - Top 1 percentile score: 7.0
INFO - 06/04/26 16:25:10 - 0:19:01 - Distribution of scores:
INFO - 06/04/26 16:25:10 - 0:19:01 - Score 4.998224942639953: Count: 1
INFO - 06/04/26 16:25:10 - 0:19:01 - Score 4.9990900412395884: Count: 1
INFO - 06/04/26 16:25:10 - 0:19:01 - Score 5.97007992007992: Count: 3
INFO - 06/04/26 16:25:10 - 0:19:01 - Score 6.999500499500499: Count: 1
INFO - 06/04/26 16:25:10 - 0:19:01 - Score 6.999932709758836: Count: 1
INFO - 06/04/26 16:25:10 - 0:19:01 - Score 7.0: Count: 247
INFO - 06/04/26 16:25:10 - 0:19:01 - --------------------------------
INFO - 06/04/26 16:25:10 - 0:19:01 - [Epoch 33 AFTER_SAMPLE] CPU: 0.0% | RAM: 981.9MB
INFO - 06/04/26 16:25:10 - 0:19:01 - Unique processing: 205 examples left, 49 duplicates
INFO - 06/04/26 16:25:10 - 0:19:01 - ### Score distribution ###
INFO - 06/04/26 16:25:10 - 0:19:01 - Valid examples: 205
INFO - 06/04/26 16:25:10 - 0:19:01 - Mean score: 6.975447942015702
INFO - 06/04/26 16:25:10 - 0:19:01 - Median score: 7.0
INFO - 06/04/26 16:25:10 - 0:19:01 - Stdev score: 0.20943323308276002
INFO - 06/04/26 16:25:10 - 0:19:01 - Max score: 7.0
INFO - 06/04/26 16:25:10 - 0:19:01 - Top 1 percentile score: 7.0
INFO - 06/04/26 16:25:10 - 0:19:01 - Distribution of scores:
INFO - 06/04/26 16:25:10 - 0:19:01 - Score 4.998224942639953: Count: 1
INFO - 06/04/26 16:25:10 - 0:19:01 - Score 4.9990900412395884: Count: 1
INFO - 06/04/26 16:25:10 - 0:19:01 - Score 5.97007992007992: Count: 1
INFO - 06/04/26 16:25:10 - 0:19:01 - Score 6.999500499500499: Count: 1
INFO - 06/04/26 16:25:10 - 0:19:01 - Score 6.999932709758836: Count: 1
INFO - 06/04/26 16:25:10 - 0:19:01 - Score 7.0: Count: 200
INFO - 06/04/26 16:25:10 - 0:19:01 - --------------------------------
INFO - 06/04/26 16:25:10 - 0:19:01 - New train and test generated. Size are train: 155, test 50
INFO - 06/04/26 16:25:10 - 0:19:01 - Unique data computed for original train set: 808, generated train set: 13
INFO - 06/04/26 16:25:10 - 0:19:01 - Final train and test generated. Size are train: 821, test 50
INFO - 06/04/26 16:25:11 - 0:19:01 - [Epoch 33 AFTER_UPDATE_DATASETS] CPU: 0.0% | RAM: 981.9MB
INFO - 06/04/26 16:25:11 - 0:19:01 - ### Score distribution ###
INFO - 06/04/26 16:25:11 - 0:19:01 - Valid examples: 821
INFO - 06/04/26 16:25:11 - 0:19:01 - Mean score: 6.98481422045369
INFO - 06/04/26 16:25:11 - 0:19:01 - Median score: 7.0
INFO - 06/04/26 16:25:11 - 0:19:01 - Stdev score: 0.15797531996331343
INFO - 06/04/26 16:25:11 - 0:19:01 - Max score: 7.0
INFO - 06/04/26 16:25:11 - 0:19:01 - Top 1 percentile score: 7.0
INFO - 06/04/26 16:25:11 - 0:19:01 - Distribution of scores:
INFO - 06/04/26 16:25:11 - 0:19:01 - Score 4.998224942639953: Count: 2
INFO - 06/04/26 16:25:11 - 0:19:01 - Score 4.9990900412395884: Count: 2
INFO - 06/04/26 16:25:11 - 0:19:01 - Score 5.748971721977144: Count: 1
INFO - 06/04/26 16:25:11 - 0:19:01 - Score 5.97007992007992: Count: 1
INFO - 06/04/26 16:25:11 - 0:19:01 - Score 5.999791012073669: Count: 2
INFO - 06/04/26 16:25:11 - 0:19:01 - Score 6.97032967032967: Count: 6
INFO - 06/04/26 16:25:11 - 0:19:01 - Score 6.999500499500499: Count: 5
INFO - 06/04/26 16:25:11 - 0:19:01 - Score 6.999865419517671: Count: 1
INFO - 06/04/26 16:25:11 - 0:19:01 - Score 6.999932709758836: Count: 2
INFO - 06/04/26 16:25:11 - 0:19:01 - Score 7.0: Count: 799
INFO - 06/04/26 16:25:11 - 0:19:01 - --------------------------------
INFO - 06/04/26 16:25:11 - 0:19:01 - ==== Starting Epoch 34 =====
INFO - 06/04/26 16:25:11 - 0:19:01 - [Epoch 34 START] CPU: 0.0% | RAM: 981.9MB
INFO - 06/04/26 16:25:11 - 0:19:01 - Encoded train: 821 examples in 0.00s (819 cache hits, 2 misses)
INFO - 06/04/26 16:25:11 - 0:19:01 - Encoded test: 50 examples in 0.00s (46 cache hits, 4 misses)
INFO - 06/04/26 16:25:11 - 0:19:01 - Memory allocated: 28.68MB, reserved: 62.53MB
INFO - 06/04/26 16:25:14 - 0:19:05 - step 100 | loss 0.2673 | steps time 3502.25ms
INFO - 06/04/26 16:25:14 - 0:19:05 - step 100 train loss: 0.26312914058566095 test loss: 0.32287758588790894
INFO - 06/04/26 16:25:18 - 0:19:09 - step 200 | loss 0.2670 | steps time 3542.55ms
INFO - 06/04/26 16:25:18 - 0:19:09 - step 200 train loss: 0.2624271209537983 test loss: 0.31634339690208435
INFO - 06/04/26 16:25:22 - 0:19:12 - step 300 | loss 0.3349 | steps time 3588.96ms
INFO - 06/04/26 16:25:22 - 0:19:12 - step 300 train loss: 0.26756653308868406 test loss: 0.32525548338890076
INFO - 06/04/26 16:25:25 - 0:19:16 - step 400 | loss 0.2502 | steps time 3576.25ms
INFO - 06/04/26 16:25:25 - 0:19:16 - step 400 train loss: 0.2635221938788891 test loss: 0.30366992950439453
INFO - 06/04/26 16:25:29 - 0:19:20 - step 500 | loss 0.2597 | steps time 3587.06ms
INFO - 06/04/26 16:25:29 - 0:19:20 - step 500 train loss: 0.2638415549695492 test loss: 0.3100052773952484
INFO - 06/04/26 16:25:29 - 0:19:20 - [Epoch 34 AFTER_TRAIN] CPU: 0.0% | RAM: 756.6MB
INFO - 06/04/26 16:25:29 - 0:19:20 - Sample with temperature 1.9900000000000009 to 2.390000000000001
INFO - 06/04/26 16:25:29 - 0:19:20 - 0 / 960 samples generated, 0 scored
INFO - 06/04/26 16:25:40 - 0:19:31 - 640 / 960 samples generated, 169 scored
INFO - 06/04/26 16:25:46 - 0:19:36 - ### Score distribution ###
INFO - 06/04/26 16:25:46 - 0:19:36 - Invalid examples: before local search: 48, after: 45
INFO - 06/04/26 16:25:46 - 0:19:36 - Valid examples: 262
INFO - 06/04/26 16:25:46 - 0:19:36 - Mean score: 6.949394849603688
INFO - 06/04/26 16:25:46 - 0:19:36 - Median score: 7.0
INFO - 06/04/26 16:25:46 - 0:19:36 - Stdev score: 0.3355690098363736
INFO - 06/04/26 16:25:46 - 0:19:36 - Max score: 7.0
INFO - 06/04/26 16:25:46 - 0:19:36 - Top 1 percentile score: 7.0
INFO - 06/04/26 16:25:46 - 0:19:36 - Distribution of scores:
INFO - 06/04/26 16:25:46 - 0:19:36 - Score 2.892789388640564: Count: 1
INFO - 06/04/26 16:25:46 - 0:19:36 - Score 4.9990900412395884: Count: 2
INFO - 06/04/26 16:25:46 - 0:19:36 - Score 5.97007992007992: Count: 3
INFO - 06/04/26 16:25:46 - 0:19:36 - Score 5.999791012073669: Count: 2
INFO - 06/04/26 16:25:46 - 0:19:36 - Score 6.97032967032967: Count: 2
INFO - 06/04/26 16:25:46 - 0:19:36 - Score 7.0: Count: 252
INFO - 06/04/26 16:25:46 - 0:19:36 - --------------------------------
INFO - 06/04/26 16:25:46 - 0:19:37 - [Epoch 34 AFTER_SAMPLE] CPU: 0.0% | RAM: 459.4MB
INFO - 06/04/26 16:25:46 - 0:19:37 - Unique processing: 199 examples left, 63 duplicates
INFO - 06/04/26 16:25:46 - 0:19:37 - ### Score distribution ###
INFO - 06/04/26 16:25:46 - 0:19:37 - Valid examples: 199
INFO - 06/04/26 16:25:46 - 0:19:37 - Mean score: 6.948604425300737
INFO - 06/04/26 16:25:46 - 0:19:37 - Median score: 7.0
INFO - 06/04/26 16:25:46 - 0:19:37 - Stdev score: 0.35155662210815625
INFO - 06/04/26 16:25:46 - 0:19:37 - Max score: 7.0
INFO - 06/04/26 16:25:46 - 0:19:37 - Top 1 percentile score: 7.0
INFO - 06/04/26 16:25:46 - 0:19:37 - Distribution of scores:
INFO - 06/04/26 16:25:46 - 0:19:37 - Score 2.892789388640564: Count: 1
INFO - 06/04/26 16:25:46 - 0:19:37 - Score 4.9990900412395884: Count: 1
INFO - 06/04/26 16:25:46 - 0:19:37 - Score 5.97007992007992: Count: 2
INFO - 06/04/26 16:25:46 - 0:19:37 - Score 5.999791012073669: Count: 2
INFO - 06/04/26 16:25:46 - 0:19:37 - Score 6.97032967032967: Count: 2
INFO - 06/04/26 16:25:46 - 0:19:37 - Score 7.0: Count: 191
INFO - 06/04/26 16:25:46 - 0:19:37 - --------------------------------
INFO - 06/04/26 16:25:46 - 0:19:37 - New train and test generated. Size are train: 149, test 50
INFO - 06/04/26 16:25:46 - 0:19:37 - Unique data computed for original train set: 821, generated train set: 8
INFO - 06/04/26 16:25:46 - 0:19:37 - Final train and test generated. Size are train: 829, test 50
INFO - 06/04/26 16:25:46 - 0:19:37 - [Epoch 34 AFTER_UPDATE_DATASETS] CPU: 0.0% | RAM: 462.5MB
INFO - 06/04/26 16:25:46 - 0:19:37 - ### Score distribution ###
INFO - 06/04/26 16:25:46 - 0:19:37 - Valid examples: 829
INFO - 06/04/26 16:25:46 - 0:19:37 - Mean score: 6.978692404875584
INFO - 06/04/26 16:25:46 - 0:19:37 - Median score: 7.0
INFO - 06/04/26 16:25:46 - 0:19:37 - Stdev score: 0.2148157064477555
INFO - 06/04/26 16:25:46 - 0:19:37 - Max score: 7.0
INFO - 06/04/26 16:25:46 - 0:19:37 - Top 1 percentile score: 7.0
INFO - 06/04/26 16:25:46 - 0:19:37 - Distribution of scores:
INFO - 06/04/26 16:25:46 - 0:19:37 - Score 2.892789388640564: Count: 1
INFO - 06/04/26 16:25:46 - 0:19:37 - Score 4.998224942639953: Count: 2
INFO - 06/04/26 16:25:46 - 0:19:37 - Score 4.9990900412395884: Count: 2
INFO - 06/04/26 16:25:46 - 0:19:37 - Score 5.748971721977144: Count: 1
INFO - 06/04/26 16:25:46 - 0:19:37 - Score 5.97007992007992: Count: 2
INFO - 06/04/26 16:25:46 - 0:19:37 - Score 5.999791012073669: Count: 2
INFO - 06/04/26 16:25:46 - 0:19:37 - Score 6.97032967032967: Count: 8
INFO - 06/04/26 16:25:46 - 0:19:37 - Score 6.999500499500499: Count: 5
INFO - 06/04/26 16:25:46 - 0:19:37 - Score 6.999865419517671: Count: 1
INFO - 06/04/26 16:25:46 - 0:19:37 - Score 6.999932709758836: Count: 2
INFO - 06/04/26 16:25:46 - 0:19:37 - Score 7.0: Count: 803
INFO - 06/04/26 16:25:46 - 0:19:37 - --------------------------------
INFO - 06/04/26 16:25:46 - 0:19:37 - ==== Starting Epoch 35 =====
INFO - 06/04/26 16:25:46 - 0:19:37 - [Epoch 35 START] CPU: 0.0% | RAM: 528.8MB
INFO - 06/04/26 16:25:46 - 0:19:37 - Encoded train: 829 examples in 0.00s (829 cache hits, 0 misses)
INFO - 06/04/26 16:25:46 - 0:19:37 - Encoded test: 50 examples in 0.00s (46 cache hits, 4 misses)
INFO - 06/04/26 16:25:46 - 0:19:37 - Memory allocated: 28.69MB, reserved: 62.53MB
INFO - 06/04/26 16:25:50 - 0:19:41 - step 100 | loss 0.2628 | steps time 3669.32ms
INFO - 06/04/26 16:25:50 - 0:19:41 - step 100 train loss: 0.26379016786813736 test loss: 0.2595524787902832
INFO - 06/04/26 16:25:54 - 0:19:44 - step 200 | loss 0.2736 | steps time 3530.01ms
INFO - 06/04/26 16:25:54 - 0:19:44 - step 200 train loss: 0.2601534608006477 test loss: 0.2590707242488861
INFO - 06/04/26 16:25:57 - 0:19:48 - step 300 | loss 0.2604 | steps time 3619.94ms
INFO - 06/04/26 16:25:57 - 0:19:48 - step 300 train loss: 0.27080282986164095 test loss: 0.26732000708580017
INFO - 06/04/26 16:26:01 - 0:19:52 - step 400 | loss 0.2559 | steps time 3647.56ms
INFO - 06/04/26 16:26:01 - 0:19:52 - step 400 train loss: 0.25871279641985895 test loss: 0.25574496388435364
INFO - 06/04/26 16:26:05 - 0:19:55 - step 500 | loss 0.2620 | steps time 3623.22ms
INFO - 06/04/26 16:26:05 - 0:19:55 - step 500 train loss: 0.26325951486825944 test loss: 0.26831337809562683
INFO - 06/04/26 16:26:05 - 0:19:55 - [Epoch 35 AFTER_TRAIN] CPU: 0.0% | RAM: 535.5MB
INFO - 06/04/26 16:26:05 - 0:19:56 - Sample with temperature 2.020000000000001 to 2.420000000000001
INFO - 06/04/26 16:26:05 - 0:19:56 - 0 / 960 samples generated, 0 scored
INFO - 06/04/26 16:26:15 - 0:20:06 - 640 / 960 samples generated, 145 scored
INFO - 06/04/26 16:26:20 - 0:20:11 - ### Score distribution ###
INFO - 06/04/26 16:26:20 - 0:20:11 - Invalid examples: before local search: 39, after: 37
INFO - 06/04/26 16:26:20 - 0:20:11 - Valid examples: 214
INFO - 06/04/26 16:26:20 - 0:20:11 - Mean score: 6.962456238489636
INFO - 06/04/26 16:26:20 - 0:20:11 - Median score: 7.0
INFO - 06/04/26 16:26:20 - 0:20:11 - Stdev score: 0.2350470083008203
INFO - 06/04/26 16:26:20 - 0:20:11 - Max score: 7.0
INFO - 06/04/26 16:26:20 - 0:20:11 - Top 1 percentile score: 7.0
INFO - 06/04/26 16:26:20 - 0:20:11 - Distribution of scores:
INFO - 06/04/26 16:26:20 - 0:20:11 - Score 4.9990900412395884: Count: 2
INFO - 06/04/26 16:26:20 - 0:20:11 - Score 5.97007992007992: Count: 1
INFO - 06/04/26 16:26:20 - 0:20:11 - Score 5.999791012073669: Count: 3
INFO - 06/04/26 16:26:20 - 0:20:11 - Score 6.999500499500499: Count: 4
INFO - 06/04/26 16:26:20 - 0:20:11 - Score 7.0: Count: 204
INFO - 06/04/26 16:26:20 - 0:20:11 - --------------------------------
INFO - 06/04/26 16:26:20 - 0:20:11 - [Epoch 35 AFTER_SAMPLE] CPU: 0.0% | RAM: 526.9MB
INFO - 06/04/26 16:26:20 - 0:20:11 - Unique processing: 157 examples left, 57 duplicates
INFO - 06/04/26 16:26:20 - 0:20:11 - ### Score distribution ###
INFO - 06/04/26 16:26:20 - 0:20:11 - Valid examples: 157
INFO - 06/04/26 16:26:20 - 0:20:11 - Mean score: 6.9552028218197925
INFO - 06/04/26 16:26:20 - 0:20:11 - Median score: 7.0
INFO - 06/04/26 16:26:20 - 0:20:11 - Stdev score: 0.2625538729708109
INFO - 06/04/26 16:26:20 - 0:20:11 - Max score: 7.0
INFO - 06/04/26 16:26:20 - 0:20:11 - Top 1 percentile score: 7.0
INFO - 06/04/26 16:26:20 - 0:20:11 - Distribution of scores:
INFO - 06/04/26 16:26:20 - 0:20:11 - Score 4.9990900412395884: Count: 2
INFO - 06/04/26 16:26:20 - 0:20:11 - Score 5.97007992007992: Count: 1
INFO - 06/04/26 16:26:20 - 0:20:11 - Score 5.999791012073669: Count: 2
INFO - 06/04/26 16:26:20 - 0:20:11 - Score 6.999500499500499: Count: 2
INFO - 06/04/26 16:26:20 - 0:20:11 - Score 7.0: Count: 150
INFO - 06/04/26 16:26:20 - 0:20:11 - --------------------------------
INFO - 06/04/26 16:26:20 - 0:20:11 - New train and test generated. Size are train: 107, test 50
INFO - 06/04/26 16:26:20 - 0:20:11 - Unique data computed for original train set: 829, generated train set: 2
INFO - 06/04/26 16:26:20 - 0:20:11 - Final train and test generated. Size are train: 831, test 50
INFO - 06/04/26 16:26:20 - 0:20:11 - [Epoch 35 AFTER_UPDATE_DATASETS] CPU: 0.0% | RAM: 527.0MB
INFO - 06/04/26 16:26:20 - 0:20:11 - ### Score distribution ###
INFO - 06/04/26 16:26:20 - 0:20:11 - Valid examples: 831
INFO - 06/04/26 16:26:20 - 0:20:11 - Mean score: 6.9787436866929715
INFO - 06/04/26 16:26:20 - 0:20:11 - Median score: 7.0
INFO - 06/04/26 16:26:20 - 0:20:11 - Stdev score: 0.21455927955487925
INFO - 06/04/26 16:26:20 - 0:20:11 - Max score: 7.0
INFO - 06/04/26 16:26:20 - 0:20:11 - Top 1 percentile score: 7.0
INFO - 06/04/26 16:26:20 - 0:20:11 - Distribution of scores:
INFO - 06/04/26 16:26:20 - 0:20:11 - Score 2.892789388640564: Count: 1
INFO - 06/04/26 16:26:20 - 0:20:11 - Score 4.998224942639953: Count: 2
INFO - 06/04/26 16:26:20 - 0:20:11 - Score 4.9990900412395884: Count: 2
INFO - 06/04/26 16:26:20 - 0:20:11 - Score 5.748971721977144: Count: 1
INFO - 06/04/26 16:26:20 - 0:20:11 - Score 5.97007992007992: Count: 2
INFO - 06/04/26 16:26:20 - 0:20:11 - Score 5.999791012073669: Count: 2
INFO - 06/04/26 16:26:20 - 0:20:11 - Score 6.97032967032967: Count: 8
INFO - 06/04/26 16:26:20 - 0:20:11 - Score 6.999500499500499: Count: 5
INFO - 06/04/26 16:26:20 - 0:20:11 - Score 6.999865419517671: Count: 1
INFO - 06/04/26 16:26:20 - 0:20:11 - Score 6.999932709758836: Count: 2
INFO - 06/04/26 16:26:20 - 0:20:11 - Score 7.0: Count: 805
INFO - 06/04/26 16:26:20 - 0:20:11 - --------------------------------
INFO - 06/04/26 16:26:20 - 0:20:11 - ==== Starting Epoch 36 =====
INFO - 06/04/26 16:26:21 - 0:20:11 - [Epoch 36 START] CPU: 0.0% | RAM: 527.0MB
INFO - 06/04/26 16:26:21 - 0:20:11 - Encoded train: 831 examples in 0.00s (831 cache hits, 0 misses)
INFO - 06/04/26 16:26:21 - 0:20:11 - Encoded test: 50 examples in 0.00s (45 cache hits, 5 misses)
INFO - 06/04/26 16:26:21 - 0:20:11 - Memory allocated: 28.69MB, reserved: 62.53MB
INFO - 06/04/26 16:26:24 - 0:20:15 - step 100 | loss 0.2379 | steps time 3336.38ms
INFO - 06/04/26 16:26:24 - 0:20:15 - step 100 train loss: 0.26439237549901007 test loss: 0.26492804288864136
INFO - 06/04/26 16:26:27 - 0:20:18 - step 200 | loss 0.2569 | steps time 3347.40ms
INFO - 06/04/26 16:26:27 - 0:20:18 - step 200 train loss: 0.26322677224874497 test loss: 0.2607976794242859
INFO - 06/04/26 16:26:31 - 0:20:21 - step 300 | loss 0.2515 | steps time 3372.01ms
INFO - 06/04/26 16:26:31 - 0:20:22 - step 300 train loss: 0.26191270977258685 test loss: 0.2561236023902893
INFO - 06/04/26 16:26:34 - 0:20:25 - step 400 | loss 0.2498 | steps time 3335.16ms
INFO - 06/04/26 16:26:34 - 0:20:25 - step 400 train loss: 0.26640838488936425 test loss: 0.2652365565299988
INFO - 06/04/26 16:26:38 - 0:20:28 - step 500 | loss 0.2546 | steps time 3316.18ms
INFO - 06/04/26 16:26:38 - 0:20:28 - step 500 train loss: 0.257406260818243 test loss: 0.26865142583847046
INFO - 06/04/26 16:26:38 - 0:20:28 - [Epoch 36 AFTER_TRAIN] CPU: 0.0% | RAM: 529.1MB
INFO - 06/04/26 16:26:38 - 0:20:28 - Sample with temperature 2.0500000000000007 to 2.4500000000000006
INFO - 06/04/26 16:26:38 - 0:20:28 - 0 / 960 samples generated, 0 scored
INFO - 06/04/26 16:26:49 - 0:20:39 - 640 / 960 samples generated, 172 scored
INFO - 06/04/26 16:26:54 - 0:20:44 - ### Score distribution ###
INFO - 06/04/26 16:26:54 - 0:20:44 - Invalid examples: before local search: 32, after: 31
INFO - 06/04/26 16:26:54 - 0:20:44 - Valid examples: 260
INFO - 06/04/26 16:26:54 - 0:20:44 - Mean score: 6.9922970228524655
INFO - 06/04/26 16:26:54 - 0:20:44 - Median score: 7.0
INFO - 06/04/26 16:26:54 - 0:20:44 - Stdev score: 0.12414458746315957
INFO - 06/04/26 16:26:54 - 0:20:44 - Max score: 7.0
INFO - 06/04/26 16:26:54 - 0:20:44 - Top 1 percentile score: 7.0
INFO - 06/04/26 16:26:54 - 0:20:44 - Distribution of scores:
INFO - 06/04/26 16:26:54 - 0:20:44 - Score 4.998224942639953: Count: 1
INFO - 06/04/26 16:26:54 - 0:20:44 - Score 6.999500499500499: Count: 2
INFO - 06/04/26 16:26:54 - 0:20:44 - Score 7.0: Count: 257
INFO - 06/04/26 16:26:54 - 0:20:44 - --------------------------------
INFO - 06/04/26 16:26:54 - 0:20:45 - [Epoch 36 AFTER_SAMPLE] CPU: 0.0% | RAM: 530.3MB
INFO - 06/04/26 16:26:54 - 0:20:45 - Unique processing: 204 examples left, 56 duplicates
INFO - 06/04/26 16:26:54 - 0:20:45 - ### Score distribution ###
INFO - 06/04/26 16:26:54 - 0:20:45 - Valid examples: 204
INFO - 06/04/26 16:26:54 - 0:20:45 - Mean score: 6.990182480106083
INFO - 06/04/26 16:26:54 - 0:20:45 - Median score: 7.0
INFO - 06/04/26 16:26:54 - 0:20:45 - Stdev score: 0.14015195140738254
INFO - 06/04/26 16:26:54 - 0:20:45 - Max score: 7.0
INFO - 06/04/26 16:26:54 - 0:20:45 - Top 1 percentile score: 7.0
INFO - 06/04/26 16:26:54 - 0:20:45 - Distribution of scores:
INFO - 06/04/26 16:26:54 - 0:20:45 - Score 4.998224942639953: Count: 1
INFO - 06/04/26 16:26:54 - 0:20:45 - Score 6.999500499500499: Count: 2
INFO - 06/04/26 16:26:54 - 0:20:45 - Score 7.0: Count: 201
INFO - 06/04/26 16:26:54 - 0:20:45 - --------------------------------
INFO - 06/04/26 16:26:54 - 0:20:45 - New train and test generated. Size are train: 154, test 50
INFO - 06/04/26 16:26:54 - 0:20:45 - Unique data computed for original train set: 831, generated train set: 3
INFO - 06/04/26 16:26:54 - 0:20:45 - Final train and test generated. Size are train: 834, test 50
INFO - 06/04/26 16:26:54 - 0:20:45 - [Epoch 36 AFTER_UPDATE_DATASETS] CPU: 0.0% | RAM: 530.4MB
INFO - 06/04/26 16:26:54 - 0:20:45 - ### Score distribution ###
INFO - 06/04/26 16:26:54 - 0:20:45 - Valid examples: 834
INFO - 06/04/26 16:26:54 - 0:20:45 - Mean score: 6.978820148251629
INFO - 06/04/26 16:26:54 - 0:20:45 - Median score: 7.0
INFO - 06/04/26 16:26:54 - 0:20:45 - Stdev score: 0.21417635502031665
INFO - 06/04/26 16:26:54 - 0:20:45 - Max score: 7.0
INFO - 06/04/26 16:26:54 - 0:20:45 - Top 1 percentile score: 7.0
INFO - 06/04/26 16:26:54 - 0:20:45 - Distribution of scores:
INFO - 06/04/26 16:26:54 - 0:20:45 - Score 2.892789388640564: Count: 1
INFO - 06/04/26 16:26:54 - 0:20:45 - Score 4.998224942639953: Count: 2
INFO - 06/04/26 16:26:54 - 0:20:45 - Score 4.9990900412395884: Count: 2
INFO - 06/04/26 16:26:54 - 0:20:45 - Score 5.748971721977144: Count: 1
INFO - 06/04/26 16:26:54 - 0:20:45 - Score 5.97007992007992: Count: 2
INFO - 06/04/26 16:26:54 - 0:20:45 - Score 5.999791012073669: Count: 2
INFO - 06/04/26 16:26:54 - 0:20:45 - Score 6.97032967032967: Count: 8
INFO - 06/04/26 16:26:54 - 0:20:45 - Score 6.999500499500499: Count: 5
INFO - 06/04/26 16:26:54 - 0:20:45 - Score 6.999865419517671: Count: 1
INFO - 06/04/26 16:26:54 - 0:20:45 - Score 6.999932709758836: Count: 2
INFO - 06/04/26 16:26:54 - 0:20:45 - Score 7.0: Count: 808
INFO - 06/04/26 16:26:54 - 0:20:45 - --------------------------------
INFO - 06/04/26 16:26:54 - 0:20:45 - ==== Starting Epoch 37 =====
INFO - 06/04/26 16:26:54 - 0:20:45 - [Epoch 37 START] CPU: 0.0% | RAM: 530.4MB
INFO - 06/04/26 16:26:54 - 0:20:45 - Encoded train: 834 examples in 0.00s (834 cache hits, 0 misses)
INFO - 06/04/26 16:26:54 - 0:20:45 - Encoded test: 50 examples in 0.00s (46 cache hits, 4 misses)
INFO - 06/04/26 16:26:54 - 0:20:45 - Memory allocated: 28.69MB, reserved: 62.53MB
INFO - 06/04/26 16:26:58 - 0:20:48 - step 100 | loss 0.2543 | steps time 3294.84ms
INFO - 06/04/26 16:26:58 - 0:20:48 - step 100 train loss: 0.2643440923094749 test loss: 0.2771356403827667
INFO - 06/04/26 16:27:01 - 0:20:52 - step 200 | loss 0.3159 | steps time 3321.59ms
INFO - 06/04/26 16:27:01 - 0:20:52 - step 200 train loss: 0.26679233223199844 test loss: 0.27266114950180054
INFO - 06/04/26 16:27:04 - 0:20:55 - step 300 | loss 0.2550 | steps time 3349.91ms
INFO - 06/04/26 16:27:04 - 0:20:55 - step 300 train loss: 0.2577370512485504 test loss: 0.2755524516105652
INFO - 06/04/26 16:27:08 - 0:20:58 - step 400 | loss 0.2616 | steps time 3318.62ms
INFO - 06/04/26 16:27:08 - 0:20:59 - step 400 train loss: 0.25921642169356346 test loss: 0.27347132563591003
INFO - 06/04/26 16:27:11 - 0:21:02 - step 500 | loss 0.2583 | steps time 3327.69ms
INFO - 06/04/26 16:27:11 - 0:21:02 - step 500 train loss: 0.2634213709831238 test loss: 0.26661327481269836
INFO - 06/04/26 16:27:11 - 0:21:02 - [Epoch 37 AFTER_TRAIN] CPU: 0.0% | RAM: 542.9MB
INFO - 06/04/26 16:27:11 - 0:21:02 - Sample with temperature 2.0800000000000005 to 2.4800000000000004
INFO - 06/04/26 16:27:11 - 0:21:02 - 0 / 960 samples generated, 0 scored
INFO - 06/04/26 16:27:21 - 0:21:11 - 640 / 960 samples generated, 146 scored
INFO - 06/04/26 16:27:25 - 0:21:16 - ### Score distribution ###
INFO - 06/04/26 16:27:25 - 0:21:16 - Invalid examples: before local search: 33, after: 32
INFO - 06/04/26 16:27:25 - 0:21:16 - Valid examples: 206
INFO - 06/04/26 16:27:25 - 0:21:16 - Mean score: 6.999709513787184
INFO - 06/04/26 16:27:25 - 0:21:16 - Median score: 7.0
INFO - 06/04/26 16:27:25 - 0:21:16 - Stdev score: 0.002916332214367894
INFO - 06/04/26 16:27:25 - 0:21:16 - Max score: 7.0
INFO - 06/04/26 16:27:25 - 0:21:16 - Top 1 percentile score: 7.0
INFO - 06/04/26 16:27:25 - 0:21:16 - Distribution of scores:
INFO - 06/04/26 16:27:25 - 0:21:16 - Score 6.97032967032967: Count: 2
INFO - 06/04/26 16:27:25 - 0:21:16 - Score 6.999500499500499: Count: 1
INFO - 06/04/26 16:27:25 - 0:21:16 - Score 7.0: Count: 203
INFO - 06/04/26 16:27:25 - 0:21:16 - --------------------------------
INFO - 06/04/26 16:27:25 - 0:21:16 - [Epoch 37 AFTER_SAMPLE] CPU: 0.0% | RAM: 543.6MB
INFO - 06/04/26 16:27:25 - 0:21:16 - Unique processing: 161 examples left, 45 duplicates
INFO - 06/04/26 16:27:25 - 0:21:16 - ### Score distribution ###
INFO - 06/04/26 16:27:25 - 0:21:16 - Valid examples: 161
INFO - 06/04/26 16:27:25 - 0:21:16 - Mean score: 6.99962832198857
INFO - 06/04/26 16:27:25 - 0:21:16 - Median score: 7.0
INFO - 06/04/26 16:27:25 - 0:21:16 - Stdev score: 0.00329646131729547
INFO - 06/04/26 16:27:25 - 0:21:16 - Max score: 7.0
INFO - 06/04/26 16:27:25 - 0:21:16 - Top 1 percentile score: 7.0
INFO - 06/04/26 16:27:25 - 0:21:16 - Distribution of scores:
INFO - 06/04/26 16:27:25 - 0:21:16 - Score 6.97032967032967: Count: 2
INFO - 06/04/26 16:27:25 - 0:21:16 - Score 6.999500499500499: Count: 1
INFO - 06/04/26 16:27:25 - 0:21:16 - Score 7.0: Count: 158
INFO - 06/04/26 16:27:25 - 0:21:16 - --------------------------------
INFO - 06/04/26 16:27:25 - 0:21:16 - New train and test generated. Size are train: 111, test 50
INFO - 06/04/26 16:27:25 - 0:21:16 - Unique data computed for original train set: 834, generated train set: 5
INFO - 06/04/26 16:27:25 - 0:21:16 - Final train and test generated. Size are train: 839, test 50
INFO - 06/04/26 16:27:25 - 0:21:16 - [Epoch 37 AFTER_UPDATE_DATASETS] CPU: 0.0% | RAM: 543.6MB
INFO - 06/04/26 16:27:25 - 0:21:16 - ### Score distribution ###
INFO - 06/04/26 16:27:25 - 0:21:16 - Valid examples: 839
INFO - 06/04/26 16:27:25 - 0:21:16 - Mean score: 6.978911005139677
INFO - 06/04/26 16:27:25 - 0:21:16 - Median score: 7.0
INFO - 06/04/26 16:27:25 - 0:21:16 - Stdev score: 0.2135416438659491
INFO - 06/04/26 16:27:25 - 0:21:16 - Max score: 7.0
INFO - 06/04/26 16:27:25 - 0:21:16 - Top 1 percentile score: 7.0
INFO - 06/04/26 16:27:25 - 0:21:16 - Distribution of scores:
INFO - 06/04/26 16:27:25 - 0:21:16 - Score 2.892789388640564: Count: 1
INFO - 06/04/26 16:27:25 - 0:21:16 - Score 4.998224942639953: Count: 2
INFO - 06/04/26 16:27:25 - 0:21:16 - Score 4.9990900412395884: Count: 2
INFO - 06/04/26 16:27:25 - 0:21:16 - Score 5.748971721977144: Count: 1
INFO - 06/04/26 16:27:25 - 0:21:16 - Score 5.97007992007992: Count: 2
INFO - 06/04/26 16:27:25 - 0:21:16 - Score 5.999791012073669: Count: 2
INFO - 06/04/26 16:27:25 - 0:21:16 - Score 6.97032967032967: Count: 9
INFO - 06/04/26 16:27:25 - 0:21:16 - Score 6.999500499500499: Count: 5
INFO - 06/04/26 16:27:25 - 0:21:16 - Score 6.999865419517671: Count: 1
INFO - 06/04/26 16:27:25 - 0:21:16 - Score 6.999932709758836: Count: 2
INFO - 06/04/26 16:27:25 - 0:21:16 - Score 7.0: Count: 812
INFO - 06/04/26 16:27:25 - 0:21:16 - --------------------------------
INFO - 06/04/26 16:27:25 - 0:21:16 - ==== Starting Epoch 38 =====
INFO - 06/04/26 16:27:26 - 0:21:16 - [Epoch 38 START] CPU: 0.0% | RAM: 543.6MB
INFO - 06/04/26 16:27:26 - 0:21:16 - Encoded train: 839 examples in 0.00s (839 cache hits, 0 misses)
INFO - 06/04/26 16:27:26 - 0:21:16 - Encoded test: 50 examples in 0.00s (45 cache hits, 5 misses)
INFO - 06/04/26 16:27:26 - 0:21:16 - Memory allocated: 28.69MB, reserved: 62.53MB
INFO - 06/04/26 16:27:29 - 0:21:20 - step 100 | loss 0.2559 | steps time 3343.35ms
INFO - 06/04/26 16:27:29 - 0:21:20 - step 100 train loss: 0.26352006793022154 test loss: 0.2656308710575104
INFO - 06/04/26 16:27:32 - 0:21:23 - step 200 | loss 0.2824 | steps time 3353.89ms
INFO - 06/04/26 16:27:32 - 0:21:23 - step 200 train loss: 0.26071925580501554 test loss: 0.2694014012813568
INFO - 06/04/26 16:27:36 - 0:21:26 - step 300 | loss 0.2778 | steps time 3348.43ms
INFO - 06/04/26 16:27:36 - 0:21:26 - step 300 train loss: 0.2636939540505409 test loss: 0.2700187563896179
INFO - 06/04/26 16:27:39 - 0:21:30 - step 400 | loss 0.2782 | steps time 3356.97ms
INFO - 06/04/26 16:27:39 - 0:21:30 - step 400 train loss: 0.2621722555160522 test loss: 0.25881800055503845
INFO - 06/04/26 16:27:43 - 0:21:33 - step 500 | loss 0.2749 | steps time 3404.17ms
INFO - 06/04/26 16:27:43 - 0:21:33 - step 500 train loss: 0.2567335383594036 test loss: 0.2620716691017151
INFO - 06/04/26 16:27:43 - 0:21:34 - [Epoch 38 AFTER_TRAIN] CPU: 0.0% | RAM: 566.1MB
INFO - 06/04/26 16:27:43 - 0:21:34 - Sample with temperature 2.1100000000000003 to 2.5100000000000002
INFO - 06/04/26 16:27:43 - 0:21:34 - 0 / 960 samples generated, 0 scored
INFO - 06/04/26 16:27:52 - 0:21:43 - 640 / 960 samples generated, 122 scored
INFO - 06/04/26 16:27:57 - 0:21:48 - ### Score distribution ###
INFO - 06/04/26 16:27:57 - 0:21:48 - Invalid examples: before local search: 30, after: 28
INFO - 06/04/26 16:27:57 - 0:21:48 - Valid examples: 197
INFO - 06/04/26 16:27:57 - 0:21:48 - Mean score: 6.95838001482883
INFO - 06/04/26 16:27:57 - 0:21:48 - Median score: 7.0
INFO - 06/04/26 16:27:57 - 0:21:48 - Stdev score: 0.3245964460774595
INFO - 06/04/26 16:27:57 - 0:21:48 - Max score: 7.0
INFO - 06/04/26 16:27:57 - 0:21:48 - Top 1 percentile score: 7.0
INFO - 06/04/26 16:27:57 - 0:21:48 - Distribution of scores:
INFO - 06/04/26 16:27:57 - 0:21:48 - Score 2.892789388640564: Count: 1
INFO - 06/04/26 16:27:57 - 0:21:48 - Score 5.97007992007992: Count: 2
INFO - 06/04/26 16:27:57 - 0:21:48 - Score 5.999791012073669: Count: 2
INFO - 06/04/26 16:27:57 - 0:21:48 - Score 6.97032967032967: Count: 1
INFO - 06/04/26 16:27:57 - 0:21:48 - Score 6.999500499500499: Count: 4
INFO - 06/04/26 16:27:57 - 0:21:48 - Score 7.0: Count: 187
INFO - 06/04/26 16:27:57 - 0:21:48 - --------------------------------
INFO - 06/04/26 16:27:58 - 0:21:48 - [Epoch 38 AFTER_SAMPLE] CPU: 0.0% | RAM: 566.9MB
INFO - 06/04/26 16:27:58 - 0:21:48 - Unique processing: 157 examples left, 40 duplicates
INFO - 06/04/26 16:27:58 - 0:21:48 - ### Score distribution ###
INFO - 06/04/26 16:27:58 - 0:21:48 - Valid examples: 157
INFO - 06/04/26 16:27:58 - 0:21:48 - Mean score: 6.947782560014512
INFO - 06/04/26 16:27:58 - 0:21:48 - Median score: 7.0
INFO - 06/04/26 16:27:58 - 0:21:48 - Stdev score: 0.36307342648952745
INFO - 06/04/26 16:27:58 - 0:21:48 - Max score: 7.0
INFO - 06/04/26 16:27:58 - 0:21:48 - Top 1 percentile score: 7.0
INFO - 06/04/26 16:27:58 - 0:21:48 - Distribution of scores:
INFO - 06/04/26 16:27:58 - 0:21:48 - Score 2.892789388640564: Count: 1
INFO - 06/04/26 16:27:58 - 0:21:48 - Score 5.97007992007992: Count: 2
INFO - 06/04/26 16:27:58 - 0:21:48 - Score 5.999791012073669: Count: 2
INFO - 06/04/26 16:27:58 - 0:21:48 - Score 6.97032967032967: Count: 1
INFO - 06/04/26 16:27:58 - 0:21:48 - Score 6.999500499500499: Count: 2
INFO - 06/04/26 16:27:58 - 0:21:48 - Score 7.0: Count: 149
INFO - 06/04/26 16:27:58 - 0:21:48 - --------------------------------
INFO - 06/04/26 16:27:58 - 0:21:48 - New train and test generated. Size are train: 107, test 50
INFO - 06/04/26 16:27:58 - 0:21:48 - Unique data computed for original train set: 839, generated train set: 3
INFO - 06/04/26 16:27:58 - 0:21:48 - Final train and test generated. Size are train: 842, test 50
INFO - 06/04/26 16:27:58 - 0:21:48 - [Epoch 38 AFTER_UPDATE_DATASETS] CPU: 0.0% | RAM: 566.9MB
INFO - 06/04/26 16:27:58 - 0:21:48 - ### Score distribution ###
INFO - 06/04/26 16:27:58 - 0:21:48 - Valid examples: 842
INFO - 06/04/26 16:27:58 - 0:21:48 - Mean score: 6.9789861440762335
INFO - 06/04/26 16:27:58 - 0:21:48 - Median score: 7.0
INFO - 06/04/26 16:27:58 - 0:21:48 - Stdev score: 0.21316414071158707
INFO - 06/04/26 16:27:58 - 0:21:48 - Max score: 7.0
INFO - 06/04/26 16:27:58 - 0:21:48 - Top 1 percentile score: 7.0
INFO - 06/04/26 16:27:58 - 0:21:48 - Distribution of scores:
INFO - 06/04/26 16:27:58 - 0:21:48 - Score 2.892789388640564: Count: 1
INFO - 06/04/26 16:27:58 - 0:21:48 - Score 4.998224942639953: Count: 2
INFO - 06/04/26 16:27:58 - 0:21:48 - Score 4.9990900412395884: Count: 2
INFO - 06/04/26 16:27:58 - 0:21:48 - Score 5.748971721977144: Count: 1
INFO - 06/04/26 16:27:58 - 0:21:48 - Score 5.97007992007992: Count: 2
INFO - 06/04/26 16:27:58 - 0:21:48 - Score 5.999791012073669: Count: 2
INFO - 06/04/26 16:27:58 - 0:21:48 - Score 6.97032967032967: Count: 9
INFO - 06/04/26 16:27:58 - 0:21:48 - Score 6.999500499500499: Count: 5
INFO - 06/04/26 16:27:58 - 0:21:48 - Score 6.999865419517671: Count: 1
INFO - 06/04/26 16:27:58 - 0:21:48 - Score 6.999932709758836: Count: 2
INFO - 06/04/26 16:27:58 - 0:21:48 - Score 7.0: Count: 815
INFO - 06/04/26 16:27:58 - 0:21:48 - --------------------------------
INFO - 06/04/26 16:27:58 - 0:21:48 - ==== Starting Epoch 39 =====
INFO - 06/04/26 16:27:58 - 0:21:49 - [Epoch 39 START] CPU: 0.0% | RAM: 566.9MB
INFO - 06/04/26 16:27:58 - 0:21:49 - Encoded train: 842 examples in 0.00s (842 cache hits, 0 misses)
INFO - 06/04/26 16:27:58 - 0:21:49 - Encoded test: 50 examples in 0.00s (47 cache hits, 3 misses)
INFO - 06/04/26 16:27:58 - 0:21:49 - Memory allocated: 28.83MB, reserved: 62.53MB
INFO - 06/04/26 16:28:01 - 0:21:52 - step 100 | loss 0.2805 | steps time 3364.15ms
INFO - 06/04/26 16:28:01 - 0:21:52 - step 100 train loss: 0.2639015343785286 test loss: 0.2534049153327942
INFO - 06/04/26 16:28:05 - 0:21:55 - step 200 | loss 0.2428 | steps time 3388.79ms
INFO - 06/04/26 16:28:05 - 0:21:56 - step 200 train loss: 0.2627819648385048 test loss: 0.25612789392471313
INFO - 06/04/26 16:28:08 - 0:21:59 - step 300 | loss 0.2633 | steps time 3367.60ms
INFO - 06/04/26 16:28:08 - 0:21:59 - step 300 train loss: 0.25912327110767364 test loss: 0.2515218257904053
INFO - 06/04/26 16:28:12 - 0:22:02 - step 400 | loss 0.2522 | steps time 3326.92ms
INFO - 06/04/26 16:28:12 - 0:22:02 - step 400 train loss: 0.26791794985532763 test loss: 0.2557341754436493
INFO - 06/04/26 16:28:15 - 0:22:06 - step 500 | loss 0.2360 | steps time 3361.55ms
INFO - 06/04/26 16:28:15 - 0:22:06 - step 500 train loss: 0.25855289414525034 test loss: 0.25959816575050354
INFO - 06/04/26 16:28:15 - 0:22:06 - [Epoch 39 AFTER_TRAIN] CPU: 0.0% | RAM: 570.8MB
INFO - 06/04/26 16:28:15 - 0:22:06 - Sample with temperature 2.14 to 2.54
INFO - 06/04/26 16:28:15 - 0:22:06 - 0 / 960 samples generated, 0 scored
INFO - 06/04/26 16:28:26 - 0:22:16 - 640 / 960 samples generated, 182 scored
INFO - 06/04/26 16:28:30 - 0:22:21 - ### Score distribution ###
INFO - 06/04/26 16:28:30 - 0:22:21 - Invalid examples: before local search: 42, after: 38
INFO - 06/04/26 16:28:30 - 0:22:21 - Valid examples: 246
INFO - 06/04/26 16:28:30 - 0:22:21 - Mean score: 6.975479578076422
INFO - 06/04/26 16:28:30 - 0:22:21 - Median score: 7.0
INFO - 06/04/26 16:28:30 - 0:22:21 - Stdev score: 0.17976995025095344
INFO - 06/04/26 16:28:30 - 0:22:21 - Max score: 7.0
INFO - 06/04/26 16:28:30 - 0:22:21 - Top 1 percentile score: 7.0
INFO - 06/04/26 16:28:30 - 0:22:21 - Distribution of scores:
INFO - 06/04/26 16:28:30 - 0:22:21 - Score 4.9990900412395884: Count: 1
INFO - 06/04/26 16:28:30 - 0:22:21 - Score 5.97007992007992: Count: 1
INFO - 06/04/26 16:28:30 - 0:22:21 - Score 5.999791012073669: Count: 3
INFO - 06/04/26 16:28:30 - 0:22:21 - Score 6.999500499500499: Count: 1
INFO - 06/04/26 16:28:30 - 0:22:21 - Score 6.999932709758836: Count: 1
INFO - 06/04/26 16:28:30 - 0:22:21 - Score 7.0: Count: 239
INFO - 06/04/26 16:28:30 - 0:22:21 - --------------------------------
INFO - 06/04/26 16:28:30 - 0:22:21 - [Epoch 39 AFTER_SAMPLE] CPU: 0.0% | RAM: 571.3MB
INFO - 06/04/26 16:28:30 - 0:22:21 - Unique processing: 187 examples left, 59 duplicates
INFO - 06/04/26 16:28:30 - 0:22:21 - ### Score distribution ###
INFO - 06/04/26 16:28:30 - 0:22:21 - Valid examples: 187
INFO - 06/04/26 16:28:30 - 0:22:21 - Mean score: 6.97844061060242
INFO - 06/04/26 16:28:30 - 0:22:21 - Median score: 7.0
INFO - 06/04/26 16:28:30 - 0:22:21 - Stdev score: 0.17927385412778996
INFO - 06/04/26 16:28:30 - 0:22:21 - Max score: 7.0
INFO - 06/04/26 16:28:30 - 0:22:21 - Top 1 percentile score: 7.0
INFO - 06/04/26 16:28:30 - 0:22:21 - Distribution of scores:
INFO - 06/04/26 16:28:30 - 0:22:21 - Score 4.9990900412395884: Count: 1
INFO - 06/04/26 16:28:30 - 0:22:21 - Score 5.97007992007992: Count: 1
INFO - 06/04/26 16:28:30 - 0:22:21 - Score 5.999791012073669: Count: 1
INFO - 06/04/26 16:28:30 - 0:22:21 - Score 6.999500499500499: Count: 1
INFO - 06/04/26 16:28:30 - 0:22:21 - Score 6.999932709758836: Count: 1
INFO - 06/04/26 16:28:30 - 0:22:21 - Score 7.0: Count: 182
INFO - 06/04/26 16:28:30 - 0:22:21 - --------------------------------
INFO - 06/04/26 16:28:30 - 0:22:21 - New train and test generated. Size are train: 137, test 50
INFO - 06/04/26 16:28:30 - 0:22:21 - Unique data computed for original train set: 842, generated train set: 7
INFO - 06/04/26 16:28:30 - 0:22:21 - Final train and test generated. Size are train: 849, test 50
INFO - 06/04/26 16:28:31 - 0:22:21 - [Epoch 39 AFTER_UPDATE_DATASETS] CPU: 0.0% | RAM: 571.4MB
INFO - 06/04/26 16:28:31 - 0:22:21 - ### Score distribution ###
INFO - 06/04/26 16:28:31 - 0:22:21 - Valid examples: 849
INFO - 06/04/26 16:28:31 - 0:22:21 - Mean score: 6.9791594031945685
INFO - 06/04/26 16:28:31 - 0:22:21 - Median score: 7.0
INFO - 06/04/26 16:28:31 - 0:22:21 - Stdev score: 0.21229102733583935
INFO - 06/04/26 16:28:31 - 0:22:21 - Max score: 7.0
INFO - 06/04/26 16:28:31 - 0:22:21 - Top 1 percentile score: 7.0
INFO - 06/04/26 16:28:31 - 0:22:21 - Distribution of scores:
INFO - 06/04/26 16:28:31 - 0:22:21 - Score 2.892789388640564: Count: 1
INFO - 06/04/26 16:28:31 - 0:22:21 - Score 4.998224942639953: Count: 2
INFO - 06/04/26 16:28:31 - 0:22:21 - Score 4.9990900412395884: Count: 2
INFO - 06/04/26 16:28:31 - 0:22:21 - Score 5.748971721977144: Count: 1
INFO - 06/04/26 16:28:31 - 0:22:21 - Score 5.97007992007992: Count: 2
INFO - 06/04/26 16:28:31 - 0:22:21 - Score 5.999791012073669: Count: 2
INFO - 06/04/26 16:28:31 - 0:22:21 - Score 6.97032967032967: Count: 9
INFO - 06/04/26 16:28:31 - 0:22:21 - Score 6.999500499500499: Count: 5
INFO - 06/04/26 16:28:31 - 0:22:21 - Score 6.999865419517671: Count: 1
INFO - 06/04/26 16:28:31 - 0:22:21 - Score 6.999932709758836: Count: 2
INFO - 06/04/26 16:28:31 - 0:22:21 - Score 7.0: Count: 822
INFO - 06/04/26 16:28:31 - 0:22:21 - --------------------------------
INFO - 06/04/26 16:28:31 - 0:22:21 - ==== Starting Epoch 40 =====
INFO - 06/04/26 16:28:31 - 0:22:21 - [Epoch 40 START] CPU: 0.0% | RAM: 571.4MB
INFO - 06/04/26 16:28:31 - 0:22:21 - Encoded train: 849 examples in 0.00s (848 cache hits, 1 misses)
INFO - 06/04/26 16:28:31 - 0:22:21 - Encoded test: 50 examples in 0.00s (48 cache hits, 2 misses)
INFO - 06/04/26 16:28:31 - 0:22:21 - Memory allocated: 29.01MB, reserved: 54.53MB
INFO - 06/04/26 16:28:34 - 0:22:25 - step 100 | loss 0.2563 | steps time 3375.47ms
INFO - 06/04/26 16:28:34 - 0:22:25 - step 100 train loss: 0.2620801194012165 test loss: 0.2629425823688507
INFO - 06/04/26 16:28:38 - 0:22:28 - step 200 | loss 0.2410 | steps time 3368.76ms
INFO - 06/04/26 16:28:38 - 0:22:28 - step 200 train loss: 0.264206455796957 test loss: 0.25595635175704956
INFO - 06/04/26 16:28:41 - 0:22:32 - step 300 | loss 0.2622 | steps time 3308.68ms
INFO - 06/04/26 16:28:41 - 0:22:32 - step 300 train loss: 0.2618143025040627 test loss: 0.2598550319671631
INFO - 06/04/26 16:28:44 - 0:22:35 - step 400 | loss 0.2457 | steps time 3357.89ms
INFO - 06/04/26 16:28:44 - 0:22:35 - step 400 train loss: 0.26098347440361974 test loss: 0.27402764558792114
INFO - 06/04/26 16:28:48 - 0:22:38 - step 500 | loss 0.2617 | steps time 3394.34ms
INFO - 06/04/26 16:28:48 - 0:22:39 - step 500 train loss: 0.2618017527461052 test loss: 0.2548661530017853
INFO - 06/04/26 16:28:48 - 0:22:39 - [Epoch 40 AFTER_TRAIN] CPU: 0.0% | RAM: 572.4MB
INFO - 06/04/26 16:28:48 - 0:22:39 - Sample with temperature 2.17 to 2.57
INFO - 06/04/26 16:28:48 - 0:22:39 - 0 / 960 samples generated, 0 scored
INFO - 06/04/26 16:28:57 - 0:22:47 - 640 / 960 samples generated, 112 scored
INFO - 06/04/26 16:29:01 - 0:22:52 - ### Score distribution ###
INFO - 06/04/26 16:29:01 - 0:22:52 - Invalid examples: before local search: 23, after: 22
INFO - 06/04/26 16:29:01 - 0:22:52 - Valid examples: 167
INFO - 06/04/26 16:29:01 - 0:22:52 - Mean score: 6.975859294821659
INFO - 06/04/26 16:29:01 - 0:22:52 - Median score: 7.0
INFO - 06/04/26 16:29:01 - 0:22:52 - Stdev score: 0.18865462293232643
INFO - 06/04/26 16:29:01 - 0:22:52 - Max score: 7.0
INFO - 06/04/26 16:29:01 - 0:22:52 - Top 1 percentile score: 7.0
INFO - 06/04/26 16:29:01 - 0:22:52 - Distribution of scores:
INFO - 06/04/26 16:29:01 - 0:22:52 - Score 4.9990900412395884: Count: 1
INFO - 06/04/26 16:29:01 - 0:22:52 - Score 5.999791012073669: Count: 2
INFO - 06/04/26 16:29:01 - 0:22:52 - Score 6.97032967032967: Count: 1
INFO - 06/04/26 16:29:01 - 0:22:52 - Score 6.999500499500499: Count: 1
INFO - 06/04/26 16:29:01 - 0:22:52 - Score 7.0: Count: 162
INFO - 06/04/26 16:29:01 - 0:22:52 - --------------------------------
INFO - 06/04/26 16:29:01 - 0:22:52 - [Epoch 40 AFTER_SAMPLE] CPU: 0.0% | RAM: 573.0MB
INFO - 06/04/26 16:29:01 - 0:22:52 - Unique processing: 132 examples left, 35 duplicates
INFO - 06/04/26 16:29:01 - 0:22:52 - ### Score distribution ###
INFO - 06/04/26 16:29:01 - 0:22:52 - Valid examples: 132
INFO - 06/04/26 16:29:01 - 0:22:52 - Mean score: 6.969458350266796
INFO - 06/04/26 16:29:01 - 0:22:52 - Median score: 7.0
INFO - 06/04/26 16:29:01 - 0:22:52 - Stdev score: 0.2119021214253008
INFO - 06/04/26 16:29:01 - 0:22:52 - Max score: 7.0
INFO - 06/04/26 16:29:01 - 0:22:52 - Top 1 percentile score: 7.0
INFO - 06/04/26 16:29:01 - 0:22:52 - Distribution of scores:
INFO - 06/04/26 16:29:01 - 0:22:52 - Score 4.9990900412395884: Count: 1
INFO - 06/04/26 16:29:01 - 0:22:52 - Score 5.999791012073669: Count: 2
INFO - 06/04/26 16:29:01 - 0:22:52 - Score 6.97032967032967: Count: 1
INFO - 06/04/26 16:29:01 - 0:22:52 - Score 6.999500499500499: Count: 1
INFO - 06/04/26 16:29:01 - 0:22:52 - Score 7.0: Count: 127
INFO - 06/04/26 16:29:01 - 0:22:52 - --------------------------------
INFO - 06/04/26 16:29:01 - 0:22:52 - New train and test generated. Size are train: 82, test 50
INFO - 06/04/26 16:29:01 - 0:22:52 - Unique data computed for original train set: 849, generated train set: 2
INFO - 06/04/26 16:29:01 - 0:22:52 - Final train and test generated. Size are train: 851, test 50
INFO - 06/04/26 16:29:01 - 0:22:52 - [Epoch 40 AFTER_UPDATE_DATASETS] CPU: 0.0% | RAM: 573.0MB
INFO - 06/04/26 16:29:01 - 0:22:52 - ### Score distribution ###
INFO - 06/04/26 16:29:01 - 0:22:52 - Valid examples: 851
INFO - 06/04/26 16:29:01 - 0:22:52 - Mean score: 6.9792083822704925
INFO - 06/04/26 16:29:01 - 0:22:52 - Median score: 7.0
INFO - 06/04/26 16:29:01 - 0:22:52 - Stdev score: 0.21204353022317243
INFO - 06/04/26 16:29:01 - 0:22:52 - Max score: 7.0
INFO - 06/04/26 16:29:01 - 0:22:52 - Top 1 percentile score: 7.0
INFO - 06/04/26 16:29:01 - 0:22:52 - Distribution of scores:
INFO - 06/04/26 16:29:01 - 0:22:52 - Score 2.892789388640564: Count: 1
INFO - 06/04/26 16:29:01 - 0:22:52 - Score 4.998224942639953: Count: 2
INFO - 06/04/26 16:29:01 - 0:22:52 - Score 4.9990900412395884: Count: 2
INFO - 06/04/26 16:29:01 - 0:22:52 - Score 5.748971721977144: Count: 1
INFO - 06/04/26 16:29:01 - 0:22:52 - Score 5.97007992007992: Count: 2
INFO - 06/04/26 16:29:01 - 0:22:52 - Score 5.999791012073669: Count: 2
INFO - 06/04/26 16:29:01 - 0:22:52 - Score 6.97032967032967: Count: 9
INFO - 06/04/26 16:29:01 - 0:22:52 - Score 6.999500499500499: Count: 5
INFO - 06/04/26 16:29:01 - 0:22:52 - Score 6.999865419517671: Count: 1
INFO - 06/04/26 16:29:01 - 0:22:52 - Score 6.999932709758836: Count: 2
INFO - 06/04/26 16:29:01 - 0:22:52 - Score 7.0: Count: 824
INFO - 06/04/26 16:29:01 - 0:22:52 - --------------------------------
INFO - 06/04/26 16:29:01 - 0:22:52 - ==== Starting Epoch 41 =====
INFO - 06/04/26 16:29:02 - 0:22:52 - [Epoch 41 START] CPU: 0.0% | RAM: 573.0MB
INFO - 06/04/26 16:29:02 - 0:22:52 - Encoded train: 851 examples in 0.00s (851 cache hits, 0 misses)
INFO - 06/04/26 16:29:02 - 0:22:52 - Encoded test: 50 examples in 0.00s (45 cache hits, 5 misses)
INFO - 06/04/26 16:29:02 - 0:22:52 - Memory allocated: 29.06MB, reserved: 54.53MB
INFO - 06/04/26 16:29:05 - 0:22:56 - step 100 | loss 0.2617 | steps time 3296.72ms
INFO - 06/04/26 16:29:05 - 0:22:56 - step 100 train loss: 0.2606796261668205 test loss: 0.259822815656662
INFO - 06/04/26 16:29:08 - 0:22:59 - step 200 | loss 0.2627 | steps time 3322.24ms
INFO - 06/04/26 16:29:08 - 0:22:59 - step 200 train loss: 0.26544547095894816 test loss: 0.2659990191459656
INFO - 06/04/26 16:29:12 - 0:23:02 - step 300 | loss 0.2567 | steps time 3347.69ms
INFO - 06/04/26 16:29:12 - 0:23:02 - step 300 train loss: 0.25791575998067856 test loss: 0.26016396284103394
INFO - 06/04/26 16:29:15 - 0:23:06 - step 400 | loss 0.2579 | steps time 3372.55ms
INFO - 06/04/26 16:29:15 - 0:23:06 - step 400 train loss: 0.25656648010015487 test loss: 0.2630133032798767
INFO - 06/04/26 16:29:19 - 0:23:09 - step 500 | loss 0.2452 | steps time 3306.07ms
INFO - 06/04/26 16:29:19 - 0:23:09 - step 500 train loss: 0.2636843693256378 test loss: 0.2698202431201935
INFO - 06/04/26 16:29:19 - 0:23:09 - [Epoch 41 AFTER_TRAIN] CPU: 0.0% | RAM: 574.0MB
INFO - 06/04/26 16:29:19 - 0:23:09 - Sample with temperature 2.1999999999999997 to 2.5999999999999996
INFO - 06/04/26 16:29:19 - 0:23:09 - 0 / 960 samples generated, 0 scored
INFO - 06/04/26 16:29:27 - 0:23:18 - 640 / 960 samples generated, 116 scored
INFO - 06/04/26 16:29:31 - 0:23:22 - ### Score distribution ###
INFO - 06/04/26 16:29:31 - 0:23:22 - Invalid examples: before local search: 35, after: 30
INFO - 06/04/26 16:29:31 - 0:23:22 - Valid examples: 168
INFO - 06/04/26 16:29:31 - 0:23:22 - Mean score: 6.9940370548829405
INFO - 06/04/26 16:29:31 - 0:23:22 - Median score: 7.0
INFO - 06/04/26 16:29:31 - 0:23:22 - Stdev score: 0.07716710402290376
INFO - 06/04/26 16:29:31 - 0:23:22 - Max score: 7.0
INFO - 06/04/26 16:29:31 - 0:23:22 - Top 1 percentile score: 7.0
INFO - 06/04/26 16:29:31 - 0:23:22 - Distribution of scores:
INFO - 06/04/26 16:29:31 - 0:23:22 - Score 5.999791012073669: Count: 1
INFO - 06/04/26 16:29:31 - 0:23:22 - Score 6.999500499500499: Count: 3
INFO - 06/04/26 16:29:31 - 0:23:22 - Score 6.999932709758836: Count: 1
INFO - 06/04/26 16:29:31 - 0:23:22 - Score 7.0: Count: 163
INFO - 06/04/26 16:29:31 - 0:23:22 - --------------------------------
INFO - 06/04/26 16:29:31 - 0:23:22 - [Epoch 41 AFTER_SAMPLE] CPU: 0.0% | RAM: 574.6MB
INFO - 06/04/26 16:29:31 - 0:23:22 - Unique processing: 135 examples left, 33 duplicates
INFO - 06/04/26 16:29:31 - 0:23:22 - ### Score distribution ###
INFO - 06/04/26 16:29:31 - 0:23:22 - Valid examples: 135
INFO - 06/04/26 16:29:31 - 0:23:22 - Mean score: 6.992583146080248
INFO - 06/04/26 16:29:31 - 0:23:22 - Median score: 7.0
INFO - 06/04/26 16:29:31 - 0:23:22 - Stdev score: 0.08608361999350957
INFO - 06/04/26 16:29:31 - 0:23:22 - Max score: 7.0
INFO - 06/04/26 16:29:31 - 0:23:22 - Top 1 percentile score: 7.0
INFO - 06/04/26 16:29:31 - 0:23:22 - Distribution of scores:
INFO - 06/04/26 16:29:31 - 0:23:22 - Score 5.999791012073669: Count: 1
INFO - 06/04/26 16:29:31 - 0:23:22 - Score 6.999500499500499: Count: 2
INFO - 06/04/26 16:29:31 - 0:23:22 - Score 6.999932709758836: Count: 1
INFO - 06/04/26 16:29:31 - 0:23:22 - Score 7.0: Count: 131
INFO - 06/04/26 16:29:31 - 0:23:22 - --------------------------------
INFO - 06/04/26 16:29:31 - 0:23:22 - New train and test generated. Size are train: 85, test 50
INFO - 06/04/26 16:29:31 - 0:23:22 - Unique data computed for original train set: 851, generated train set: 4
INFO - 06/04/26 16:29:31 - 0:23:22 - Final train and test generated. Size are train: 855, test 50
INFO - 06/04/26 16:29:32 - 0:23:22 - [Epoch 41 AFTER_UPDATE_DATASETS] CPU: 0.0% | RAM: 574.6MB
INFO - 06/04/26 16:29:32 - 0:23:22 - ### Score distribution ###
INFO - 06/04/26 16:29:32 - 0:23:22 - Valid examples: 855
INFO - 06/04/26 16:29:32 - 0:23:22 - Mean score: 6.979305652996712
INFO - 06/04/26 16:29:32 - 0:23:22 - Median score: 7.0
INFO - 06/04/26 16:29:32 - 0:23:22 - Stdev score: 0.21155112153911837
INFO - 06/04/26 16:29:32 - 0:23:22 - Max score: 7.0
INFO - 06/04/26 16:29:32 - 0:23:22 - Top 1 percentile score: 7.0
INFO - 06/04/26 16:29:32 - 0:23:22 - Distribution of scores:
INFO - 06/04/26 16:29:32 - 0:23:22 - Score 2.892789388640564: Count: 1
INFO - 06/04/26 16:29:32 - 0:23:22 - Score 4.998224942639953: Count: 2
INFO - 06/04/26 16:29:32 - 0:23:22 - Score 4.9990900412395884: Count: 2
INFO - 06/04/26 16:29:32 - 0:23:22 - Score 5.748971721977144: Count: 1
INFO - 06/04/26 16:29:32 - 0:23:22 - Score 5.97007992007992: Count: 2
INFO - 06/04/26 16:29:32 - 0:23:22 - Score 5.999791012073669: Count: 2
INFO - 06/04/26 16:29:32 - 0:23:22 - Score 6.97032967032967: Count: 9
INFO - 06/04/26 16:29:32 - 0:23:22 - Score 6.999500499500499: Count: 5
INFO - 06/04/26 16:29:32 - 0:23:22 - Score 6.999865419517671: Count: 1
INFO - 06/04/26 16:29:32 - 0:23:22 - Score 6.999932709758836: Count: 2
INFO - 06/04/26 16:29:32 - 0:23:22 - Score 7.0: Count: 828
INFO - 06/04/26 16:29:32 - 0:23:22 - --------------------------------
INFO - 06/04/26 16:29:32 - 0:23:22 - ==== Starting Epoch 42 =====
INFO - 06/04/26 16:29:32 - 0:23:22 - [Epoch 42 START] CPU: 0.0% | RAM: 574.6MB
INFO - 06/04/26 16:29:32 - 0:23:22 - Encoded train: 855 examples in 0.00s (855 cache hits, 0 misses)
INFO - 06/04/26 16:29:32 - 0:23:22 - Encoded test: 50 examples in 0.00s (43 cache hits, 7 misses)
INFO - 06/04/26 16:29:32 - 0:23:23 - Memory allocated: 28.75MB, reserved: 62.53MB
INFO - 06/04/26 16:29:35 - 0:23:26 - step 100 | loss 0.2703 | steps time 3302.30ms
INFO - 06/04/26 16:29:35 - 0:23:26 - step 100 train loss: 0.26003866747021676 test loss: 0.262542188167572
INFO - 06/04/26 16:29:39 - 0:23:29 - step 200 | loss 0.2481 | steps time 3371.21ms
INFO - 06/04/26 16:29:39 - 0:23:29 - step 200 train loss: 0.26130078673362733 test loss: 0.2758963406085968
INFO - 06/04/26 16:29:42 - 0:23:33 - step 300 | loss 0.2613 | steps time 3299.98ms
INFO - 06/04/26 16:29:42 - 0:23:33 - step 300 train loss: 0.26437816381454465 test loss: 0.2673758864402771
INFO - 06/04/26 16:29:45 - 0:23:36 - step 400 | loss 0.2547 | steps time 3345.30ms
INFO - 06/04/26 16:29:45 - 0:23:36 - step 400 train loss: 0.2553710325062275 test loss: 0.28675132989883423
INFO - 06/04/26 16:29:49 - 0:23:39 - step 500 | loss 0.2654 | steps time 3355.80ms
INFO - 06/04/26 16:29:49 - 0:23:39 - step 500 train loss: 0.26627046227455137 test loss: 0.27039268612861633
INFO - 06/04/26 16:29:49 - 0:23:40 - [Epoch 42 AFTER_TRAIN] CPU: 0.0% | RAM: 576.1MB
INFO - 06/04/26 16:29:49 - 0:23:40 - Sample with temperature 2.2299999999999995 to 2.6299999999999994
INFO - 06/04/26 16:29:49 - 0:23:40 - 0 / 960 samples generated, 0 scored
INFO - 06/04/26 16:29:58 - 0:23:49 - 640 / 960 samples generated, 112 scored
INFO - 06/04/26 16:30:02 - 0:23:52 - ### Score distribution ###
INFO - 06/04/26 16:30:02 - 0:23:52 - Invalid examples: before local search: 42, after: 39
INFO - 06/04/26 16:30:02 - 0:23:52 - Valid examples: 153
INFO - 06/04/26 16:30:02 - 0:23:52 - Mean score: 6.979790013479112
INFO - 06/04/26 16:30:02 - 0:23:52 - Median score: 7.0
INFO - 06/04/26 16:30:02 - 0:23:52 - Stdev score: 0.18035434424248428
INFO - 06/04/26 16:30:02 - 0:23:52 - Max score: 7.0
INFO - 06/04/26 16:30:02 - 0:23:52 - Top 1 percentile score: 7.0
INFO - 06/04/26 16:30:02 - 0:23:52 - Distribution of scores:
INFO - 06/04/26 16:30:02 - 0:23:52 - Score 4.9990900412395884: Count: 1
INFO - 06/04/26 16:30:02 - 0:23:52 - Score 5.999791012073669: Count: 1
INFO - 06/04/26 16:30:02 - 0:23:52 - Score 6.97032967032967: Count: 3
INFO - 06/04/26 16:30:02 - 0:23:52 - Score 6.999500499500499: Count: 4
INFO - 06/04/26 16:30:02 - 0:23:52 - Score 7.0: Count: 144
INFO - 06/04/26 16:30:02 - 0:23:52 - --------------------------------
INFO - 06/04/26 16:30:02 - 0:23:53 - [Epoch 42 AFTER_SAMPLE] CPU: 0.0% | RAM: 576.8MB
INFO - 06/04/26 16:30:02 - 0:23:53 - Unique processing: 137 examples left, 16 duplicates
INFO - 06/04/26 16:30:02 - 0:23:53 - ### Score distribution ###
INFO - 06/04/26 16:30:02 - 0:23:53 - Valid examples: 137
INFO - 06/04/26 16:30:02 - 0:23:53 - Mean score: 6.97743336907156
INFO - 06/04/26 16:30:02 - 0:23:53 - Median score: 7.0
INFO - 06/04/26 16:30:02 - 0:23:53 - Stdev score: 0.1905281509726476
INFO - 06/04/26 16:30:02 - 0:23:53 - Max score: 7.0
INFO - 06/04/26 16:30:02 - 0:23:53 - Top 1 percentile score: 7.0
INFO - 06/04/26 16:30:02 - 0:23:53 - Distribution of scores:
INFO - 06/04/26 16:30:02 - 0:23:53 - Score 4.9990900412395884: Count: 1
INFO - 06/04/26 16:30:02 - 0:23:53 - Score 5.999791012073669: Count: 1
INFO - 06/04/26 16:30:02 - 0:23:53 - Score 6.97032967032967: Count: 3
INFO - 06/04/26 16:30:02 - 0:23:53 - Score 6.999500499500499: Count: 3
INFO - 06/04/26 16:30:02 - 0:23:53 - Score 7.0: Count: 129
INFO - 06/04/26 16:30:02 - 0:23:53 - --------------------------------
INFO - 06/04/26 16:30:02 - 0:23:53 - New train and test generated. Size are train: 87, test 50
INFO - 06/04/26 16:30:02 - 0:23:53 - Unique data computed for original train set: 855, generated train set: 3
INFO - 06/04/26 16:30:02 - 0:23:53 - Final train and test generated. Size are train: 858, test 50
INFO - 06/04/26 16:30:02 - 0:23:53 - [Epoch 42 AFTER_UPDATE_DATASETS] CPU: 0.0% | RAM: 576.8MB
INFO - 06/04/26 16:30:02 - 0:23:53 - ### Score distribution ###
INFO - 06/04/26 16:30:02 - 0:23:53 - Valid examples: 858
INFO - 06/04/26 16:30:02 - 0:23:53 - Mean score: 6.979343430049555
INFO - 06/04/26 16:30:02 - 0:23:53 - Median score: 7.0
INFO - 06/04/26 16:30:02 - 0:23:53 - Stdev score: 0.21118310623216693
INFO - 06/04/26 16:30:02 - 0:23:53 - Max score: 7.0
INFO - 06/04/26 16:30:02 - 0:23:53 - Top 1 percentile score: 7.0
INFO - 06/04/26 16:30:02 - 0:23:53 - Distribution of scores:
INFO - 06/04/26 16:30:02 - 0:23:53 - Score 2.892789388640564: Count: 1
INFO - 06/04/26 16:30:02 - 0:23:53 - Score 4.998224942639953: Count: 2
INFO - 06/04/26 16:30:02 - 0:23:53 - Score 4.9990900412395884: Count: 2
INFO - 06/04/26 16:30:02 - 0:23:53 - Score 5.748971721977144: Count: 1
INFO - 06/04/26 16:30:02 - 0:23:53 - Score 5.97007992007992: Count: 2
INFO - 06/04/26 16:30:02 - 0:23:53 - Score 5.999791012073669: Count: 2
INFO - 06/04/26 16:30:02 - 0:23:53 - Score 6.97032967032967: Count: 10
INFO - 06/04/26 16:30:02 - 0:23:53 - Score 6.999500499500499: Count: 5
INFO - 06/04/26 16:30:02 - 0:23:53 - Score 6.999865419517671: Count: 1
INFO - 06/04/26 16:30:02 - 0:23:53 - Score 6.999932709758836: Count: 2
INFO - 06/04/26 16:30:02 - 0:23:53 - Score 7.0: Count: 830
INFO - 06/04/26 16:30:02 - 0:23:53 - --------------------------------
INFO - 06/04/26 16:30:02 - 0:23:53 - ==== Starting Epoch 43 =====
INFO - 06/04/26 16:30:02 - 0:23:53 - [Epoch 43 START] CPU: 0.0% | RAM: 576.8MB
INFO - 06/04/26 16:30:02 - 0:23:53 - Encoded train: 858 examples in 0.00s (857 cache hits, 1 misses)
INFO - 06/04/26 16:30:02 - 0:23:53 - Encoded test: 50 examples in 0.00s (46 cache hits, 4 misses)
INFO - 06/04/26 16:30:02 - 0:23:53 - Memory allocated: 28.73MB, reserved: 62.53MB
INFO - 06/04/26 16:30:06 - 0:23:56 - step 100 | loss 0.2408 | steps time 3277.06ms
INFO - 06/04/26 16:30:06 - 0:23:56 - step 100 train loss: 0.2593364095687866 test loss: 0.2581184506416321
INFO - 06/04/26 16:30:09 - 0:24:00 - step 200 | loss 0.2806 | steps time 3282.52ms
INFO - 06/04/26 16:30:09 - 0:24:00 - step 200 train loss: 0.2587528948485851 test loss: 0.2768116295337677
INFO - 06/04/26 16:30:13 - 0:24:03 - step 300 | loss 0.2585 | steps time 3299.40ms
INFO - 06/04/26 16:30:13 - 0:24:03 - step 300 train loss: 0.26419575080275537 test loss: 0.2700340747833252
INFO - 06/04/26 16:30:16 - 0:24:07 - step 400 | loss 0.2516 | steps time 3371.23ms
INFO - 06/04/26 16:30:16 - 0:24:07 - step 400 train loss: 0.2591887889802456 test loss: 0.26554030179977417
INFO - 06/04/26 16:30:19 - 0:24:10 - step 500 | loss 0.2667 | steps time 3363.77ms
INFO - 06/04/26 16:30:19 - 0:24:10 - step 500 train loss: 0.2633317783474922 test loss: 0.26936325430870056
INFO - 06/04/26 16:30:20 - 0:24:10 - [Epoch 43 AFTER_TRAIN] CPU: 0.0% | RAM: 600.3MB
INFO - 06/04/26 16:30:20 - 0:24:10 - Sample with temperature 2.2599999999999993 to 2.6599999999999993
INFO - 06/04/26 16:30:20 - 0:24:10 - 0 / 960 samples generated, 0 scored
INFO - 06/04/26 16:30:29 - 0:24:20 - 640 / 960 samples generated, 134 scored
INFO - 06/04/26 16:30:34 - 0:24:25 - ### Score distribution ###
INFO - 06/04/26 16:30:34 - 0:24:25 - Invalid examples: before local search: 32, after: 31
INFO - 06/04/26 16:30:34 - 0:24:25 - Valid examples: 210
INFO - 06/04/26 16:30:34 - 0:24:25 - Mean score: 6.990184101612673
INFO - 06/04/26 16:30:34 - 0:24:25 - Median score: 7.0
INFO - 06/04/26 16:30:34 - 0:24:25 - Stdev score: 0.100268481686147
INFO - 06/04/26 16:30:34 - 0:24:25 - Max score: 7.0
INFO - 06/04/26 16:30:34 - 0:24:25 - Top 1 percentile score: 7.0
INFO - 06/04/26 16:30:34 - 0:24:25 - Distribution of scores:
INFO - 06/04/26 16:30:34 - 0:24:25 - Score 5.97007992007992: Count: 2
INFO - 06/04/26 16:30:34 - 0:24:25 - Score 6.999500499500499: Count: 3
INFO - 06/04/26 16:30:34 - 0:24:25 - Score 7.0: Count: 205
INFO - 06/04/26 16:30:34 - 0:24:25 - --------------------------------
INFO - 06/04/26 16:30:34 - 0:24:25 - [Epoch 43 AFTER_SAMPLE] CPU: 0.0% | RAM: 600.9MB
INFO - 06/04/26 16:30:34 - 0:24:25 - Unique processing: 168 examples left, 42 duplicates
INFO - 06/04/26 16:30:34 - 0:24:25 - ### Score distribution ###
INFO - 06/04/26 16:30:34 - 0:24:25 - Valid examples: 168
INFO - 06/04/26 16:30:34 - 0:24:25 - Mean score: 6.993863576899291
INFO - 06/04/26 16:30:34 - 0:24:25 - Median score: 7.0
INFO - 06/04/26 16:30:34 - 0:24:25 - Stdev score: 0.07945961631493056
INFO - 06/04/26 16:30:34 - 0:24:25 - Max score: 7.0
INFO - 06/04/26 16:30:34 - 0:24:25 - Top 1 percentile score: 7.0
INFO - 06/04/26 16:30:34 - 0:24:25 - Distribution of scores:
INFO - 06/04/26 16:30:34 - 0:24:25 - Score 5.97007992007992: Count: 1
INFO - 06/04/26 16:30:34 - 0:24:25 - Score 6.999500499500499: Count: 2
INFO - 06/04/26 16:30:34 - 0:24:25 - Score 7.0: Count: 165
INFO - 06/04/26 16:30:34 - 0:24:25 - --------------------------------
INFO - 06/04/26 16:30:34 - 0:24:25 - New train and test generated. Size are train: 118, test 50
INFO - 06/04/26 16:30:34 - 0:24:25 - Unique data computed for original train set: 858, generated train set: 5
INFO - 06/04/26 16:30:34 - 0:24:25 - Final train and test generated. Size are train: 863, test 50
INFO - 06/04/26 16:30:34 - 0:24:25 - [Epoch 43 AFTER_UPDATE_DATASETS] CPU: 0.0% | RAM: 600.9MB
INFO - 06/04/26 16:30:34 - 0:24:25 - ### Score distribution ###
INFO - 06/04/26 16:30:34 - 0:24:25 - Valid examples: 863
INFO - 06/04/26 16:30:34 - 0:24:25 - Mean score: 6.979463108902107
INFO - 06/04/26 16:30:34 - 0:24:25 - Median score: 7.0
INFO - 06/04/26 16:30:34 - 0:24:25 - Stdev score: 0.21057557830906345
INFO - 06/04/26 16:30:34 - 0:24:25 - Max score: 7.0
INFO - 06/04/26 16:30:34 - 0:24:25 - Top 1 percentile score: 7.0
INFO - 06/04/26 16:30:34 - 0:24:25 - Distribution of scores:
INFO - 06/04/26 16:30:34 - 0:24:25 - Score 2.892789388640564: Count: 1
INFO - 06/04/26 16:30:34 - 0:24:25 - Score 4.998224942639953: Count: 2
INFO - 06/04/26 16:30:34 - 0:24:25 - Score 4.9990900412395884: Count: 2
INFO - 06/04/26 16:30:34 - 0:24:25 - Score 5.748971721977144: Count: 1
INFO - 06/04/26 16:30:34 - 0:24:25 - Score 5.97007992007992: Count: 2
INFO - 06/04/26 16:30:34 - 0:24:25 - Score 5.999791012073669: Count: 2
INFO - 06/04/26 16:30:34 - 0:24:25 - Score 6.97032967032967: Count: 10
INFO - 06/04/26 16:30:34 - 0:24:25 - Score 6.999500499500499: Count: 5
INFO - 06/04/26 16:30:34 - 0:24:25 - Score 6.999865419517671: Count: 1
INFO - 06/04/26 16:30:34 - 0:24:25 - Score 6.999932709758836: Count: 2
INFO - 06/04/26 16:30:34 - 0:24:25 - Score 7.0: Count: 835
INFO - 06/04/26 16:30:34 - 0:24:25 - --------------------------------
INFO - 06/04/26 16:30:34 - 0:24:25 - ==== Starting Epoch 44 =====
INFO - 06/04/26 16:30:34 - 0:24:25 - [Epoch 44 START] CPU: 0.0% | RAM: 600.9MB
INFO - 06/04/26 16:30:34 - 0:24:25 - Encoded train: 863 examples in 0.00s (863 cache hits, 0 misses)
INFO - 06/04/26 16:30:34 - 0:24:25 - Encoded test: 50 examples in 0.00s (43 cache hits, 7 misses)
INFO - 06/04/26 16:30:35 - 0:24:25 - Memory allocated: 28.68MB, reserved: 62.56MB
INFO - 06/04/26 16:30:38 - 0:24:28 - step 100 | loss 0.2567 | steps time 3297.92ms
INFO - 06/04/26 16:30:38 - 0:24:29 - step 100 train loss: 0.26253857135772707 test loss: 0.2617497146129608
INFO - 06/04/26 16:30:41 - 0:24:32 - step 200 | loss 0.2442 | steps time 3343.88ms
INFO - 06/04/26 16:30:41 - 0:24:32 - step 200 train loss: 0.26237221390008925 test loss: 0.2804984748363495
INFO - 06/04/26 16:30:45 - 0:24:35 - step 300 | loss 0.2447 | steps time 3381.34ms
INFO - 06/04/26 16:30:45 - 0:24:35 - step 300 train loss: 0.2608277314901352 test loss: 0.26018738746643066
INFO - 06/04/26 16:30:48 - 0:24:39 - step 400 | loss 0.2495 | steps time 3325.11ms
INFO - 06/04/26 16:30:48 - 0:24:39 - step 400 train loss: 0.26016298472881316 test loss: 0.25928905606269836
INFO - 06/04/26 16:30:52 - 0:24:42 - step 500 | loss 0.2491 | steps time 3415.12ms
INFO - 06/04/26 16:30:52 - 0:24:42 - step 500 train loss: 0.258803525865078 test loss: 0.2574732005596161
INFO - 06/04/26 16:30:52 - 0:24:42 - [Epoch 44 AFTER_TRAIN] CPU: 0.0% | RAM: 602.3MB
INFO - 06/04/26 16:30:52 - 0:24:42 - Sample with temperature 2.289999999999999 to 2.689999999999999
INFO - 06/04/26 16:30:52 - 0:24:42 - 0 / 960 samples generated, 0 scored
INFO - 06/04/26 16:31:00 - 0:24:51 - 640 / 960 samples generated, 98 scored
INFO - 06/04/26 16:31:05 - 0:24:55 - ### Score distribution ###
INFO - 06/04/26 16:31:05 - 0:24:55 - Invalid examples: before local search: 22, after: 16
INFO - 06/04/26 16:31:05 - 0:24:55 - Valid examples: 165
INFO - 06/04/26 16:31:05 - 0:24:55 - Mean score: 6.981628552867536
INFO - 06/04/26 16:31:05 - 0:24:55 - Median score: 7.0
INFO - 06/04/26 16:31:05 - 0:24:55 - Stdev score: 0.17371918219502658
INFO - 06/04/26 16:31:05 - 0:24:55 - Max score: 7.0
INFO - 06/04/26 16:31:05 - 0:24:55 - Top 1 percentile score: 7.0
INFO - 06/04/26 16:31:05 - 0:24:55 - Distribution of scores:
INFO - 06/04/26 16:31:05 - 0:24:55 - Score 4.9990900412395884: Count: 1
INFO - 06/04/26 16:31:05 - 0:24:55 - Score 5.999791012073669: Count: 1
INFO - 06/04/26 16:31:05 - 0:24:55 - Score 6.97032967032967: Count: 1
INFO - 06/04/26 16:31:05 - 0:24:55 - Score 6.999500499500499: Count: 1
INFO - 06/04/26 16:31:05 - 0:24:55 - Score 7.0: Count: 161
INFO - 06/04/26 16:31:05 - 0:24:55 - --------------------------------
INFO - 06/04/26 16:31:05 - 0:24:55 - [Epoch 44 AFTER_SAMPLE] CPU: 0.0% | RAM: 602.8MB
INFO - 06/04/26 16:31:05 - 0:24:55 - Unique processing: 140 examples left, 25 duplicates
INFO - 06/04/26 16:31:05 - 0:24:55 - ### Score distribution ###
INFO - 06/04/26 16:31:05 - 0:24:55 - Valid examples: 140
INFO - 06/04/26 16:31:05 - 0:24:55 - Mean score: 6.978347937308167
INFO - 06/04/26 16:31:05 - 0:24:55 - Median score: 7.0
INFO - 06/04/26 16:31:05 - 0:24:55 - Stdev score: 0.1885061609192058
INFO - 06/04/26 16:31:05 - 0:24:55 - Max score: 7.0
INFO - 06/04/26 16:31:05 - 0:24:55 - Top 1 percentile score: 7.0
INFO - 06/04/26 16:31:05 - 0:24:55 - Distribution of scores:
INFO - 06/04/26 16:31:05 - 0:24:55 - Score 4.9990900412395884: Count: 1
INFO - 06/04/26 16:31:05 - 0:24:55 - Score 5.999791012073669: Count: 1
INFO - 06/04/26 16:31:05 - 0:24:55 - Score 6.97032967032967: Count: 1
INFO - 06/04/26 16:31:05 - 0:24:55 - Score 6.999500499500499: Count: 1
INFO - 06/04/26 16:31:05 - 0:24:55 - Score 7.0: Count: 136
INFO - 06/04/26 16:31:05 - 0:24:55 - --------------------------------
INFO - 06/04/26 16:31:05 - 0:24:55 - New train and test generated. Size are train: 90, test 50
INFO - 06/04/26 16:31:05 - 0:24:55 - Unique data computed for original train set: 863, generated train set: 0
INFO - 06/04/26 16:31:05 - 0:24:55 - Final train and test generated. Size are train: 863, test 50
INFO - 06/04/26 16:31:05 - 0:24:55 - [Epoch 44 AFTER_UPDATE_DATASETS] CPU: 0.0% | RAM: 602.9MB
INFO - 06/04/26 16:31:05 - 0:24:56 - ### Score distribution ###
INFO - 06/04/26 16:31:05 - 0:24:56 - Valid examples: 863
INFO - 06/04/26 16:31:05 - 0:24:56 - Mean score: 6.979463108902107
INFO - 06/04/26 16:31:05 - 0:24:56 - Median score: 7.0
INFO - 06/04/26 16:31:05 - 0:24:56 - Stdev score: 0.21057557830906345
INFO - 06/04/26 16:31:05 - 0:24:56 - Max score: 7.0
INFO - 06/04/26 16:31:05 - 0:24:56 - Top 1 percentile score: 7.0
INFO - 06/04/26 16:31:05 - 0:24:56 - Distribution of scores:
INFO - 06/04/26 16:31:05 - 0:24:56 - Score 2.892789388640564: Count: 1
INFO - 06/04/26 16:31:05 - 0:24:56 - Score 4.998224942639953: Count: 2
INFO - 06/04/26 16:31:05 - 0:24:56 - Score 4.9990900412395884: Count: 2
INFO - 06/04/26 16:31:05 - 0:24:56 - Score 5.748971721977144: Count: 1
INFO - 06/04/26 16:31:05 - 0:24:56 - Score 5.97007992007992: Count: 2
INFO - 06/04/26 16:31:05 - 0:24:56 - Score 5.999791012073669: Count: 2
INFO - 06/04/26 16:31:05 - 0:24:56 - Score 6.97032967032967: Count: 10
INFO - 06/04/26 16:31:05 - 0:24:56 - Score 6.999500499500499: Count: 5
INFO - 06/04/26 16:31:05 - 0:24:56 - Score 6.999865419517671: Count: 1
INFO - 06/04/26 16:31:05 - 0:24:56 - Score 6.999932709758836: Count: 2
INFO - 06/04/26 16:31:05 - 0:24:56 - Score 7.0: Count: 835
INFO - 06/04/26 16:31:05 - 0:24:56 - --------------------------------
INFO - 06/04/26 16:31:05 - 0:24:56 - ==== Starting Epoch 45 =====
INFO - 06/04/26 16:31:05 - 0:24:56 - [Epoch 45 START] CPU: 0.0% | RAM: 602.9MB
INFO - 06/04/26 16:31:05 - 0:24:56 - Encoded train: 863 examples in 0.00s (863 cache hits, 0 misses)
INFO - 06/04/26 16:31:05 - 0:24:56 - Encoded test: 50 examples in 0.00s (43 cache hits, 7 misses)
INFO - 06/04/26 16:31:05 - 0:24:56 - Memory allocated: 28.74MB, reserved: 62.56MB
INFO - 06/04/26 16:31:08 - 0:24:59 - step 100 | loss 0.2685 | steps time 3283.52ms
INFO - 06/04/26 16:31:08 - 0:24:59 - step 100 train loss: 0.26022087290883067 test loss: 0.2666339576244354
INFO - 06/04/26 16:31:12 - 0:25:02 - step 200 | loss 0.2589 | steps time 3291.02ms
INFO - 06/04/26 16:31:12 - 0:25:02 - step 200 train loss: 0.26141909942030905 test loss: 0.2648661136627197
INFO - 06/04/26 16:31:15 - 0:25:06 - step 300 | loss 0.2427 | steps time 3319.49ms
INFO - 06/04/26 16:31:15 - 0:25:06 - step 300 train loss: 0.2585603418946266 test loss: 0.26180773973464966
INFO - 06/04/26 16:31:19 - 0:25:09 - step 400 | loss 0.2623 | steps time 3368.87ms
INFO - 06/04/26 16:31:19 - 0:25:09 - step 400 train loss: 0.2593093614280224 test loss: 0.26829561591148376
INFO - 06/04/26 16:31:22 - 0:25:13 - step 500 | loss 0.2555 | steps time 3354.61ms
INFO - 06/04/26 16:31:22 - 0:25:13 - step 500 train loss: 0.26381335556507113 test loss: 0.27751612663269043
INFO - 06/04/26 16:31:22 - 0:25:13 - [Epoch 45 AFTER_TRAIN] CPU: 0.0% | RAM: 603.8MB
INFO - 06/04/26 16:31:22 - 0:25:13 - Sample with temperature 2.319999999999999 to 2.719999999999999
INFO - 06/04/26 16:31:22 - 0:25:13 - 0 / 960 samples generated, 0 scored
INFO - 06/04/26 16:31:30 - 0:25:21 - 640 / 960 samples generated, 77 scored
INFO - 06/04/26 16:31:34 - 0:25:25 - ### Score distribution ###
INFO - 06/04/26 16:31:34 - 0:25:25 - Invalid examples: before local search: 28, after: 27
INFO - 06/04/26 16:31:34 - 0:25:25 - Valid examples: 112
INFO - 06/04/26 16:31:34 - 0:25:25 - Mean score: 6.9908046489500295
INFO - 06/04/26 16:31:34 - 0:25:25 - Median score: 7.0
INFO - 06/04/26 16:31:34 - 0:25:25 - Stdev score: 0.09452718976436013
INFO - 06/04/26 16:31:34 - 0:25:25 - Max score: 7.0
INFO - 06/04/26 16:31:34 - 0:25:25 - Top 1 percentile score: 7.0
INFO - 06/04/26 16:31:34 - 0:25:25 - Distribution of scores:
INFO - 06/04/26 16:31:34 - 0:25:25 - Score 5.999791012073669: Count: 1
INFO - 06/04/26 16:31:34 - 0:25:25 - Score 6.97032967032967: Count: 1
INFO - 06/04/26 16:31:34 - 0:25:25 - Score 7.0: Count: 110
INFO - 06/04/26 16:31:34 - 0:25:25 - --------------------------------
INFO - 06/04/26 16:31:34 - 0:25:25 - [Epoch 45 AFTER_SAMPLE] CPU: 0.0% | RAM: 604.2MB
INFO - 06/04/26 16:31:34 - 0:25:25 - Unique processing: 96 examples left, 16 duplicates
INFO - 06/04/26 16:31:34 - 0:25:25 - ### Score distribution ###
INFO - 06/04/26 16:31:34 - 0:25:25 - Valid examples: 96
INFO - 06/04/26 16:31:34 - 0:25:25 - Mean score: 6.989272090441702
INFO - 06/04/26 16:31:34 - 0:25:25 - Median score: 7.0
INFO - 06/04/26 16:31:34 - 0:25:25 - Stdev score: 0.10209644026044672
INFO - 06/04/26 16:31:34 - 0:25:25 - Max score: 7.0
INFO - 06/04/26 16:31:34 - 0:25:25 - Top 1 percentile score: 7.0
INFO - 06/04/26 16:31:34 - 0:25:25 - Distribution of scores:
INFO - 06/04/26 16:31:34 - 0:25:25 - Score 5.999791012073669: Count: 1
INFO - 06/04/26 16:31:34 - 0:25:25 - Score 6.97032967032967: Count: 1
INFO - 06/04/26 16:31:34 - 0:25:25 - Score 7.0: Count: 94
INFO - 06/04/26 16:31:34 - 0:25:25 - --------------------------------
INFO - 06/04/26 16:31:34 - 0:25:25 - New train and test generated. Size are train: 96, test 50
INFO - 06/04/26 16:31:34 - 0:25:25 - Unique data computed for original train set: 863, generated train set: 1
INFO - 06/04/26 16:31:34 - 0:25:25 - Final train and test generated. Size are train: 864, test 50
INFO - 06/04/26 16:31:34 - 0:25:25 - [Epoch 45 AFTER_UPDATE_DATASETS] CPU: 0.0% | RAM: 604.2MB
INFO - 06/04/26 16:31:34 - 0:25:25 - ### Score distribution ###
INFO - 06/04/26 16:31:34 - 0:25:25 - Valid examples: 864
INFO - 06/04/26 16:31:34 - 0:25:25 - Mean score: 6.979486878451989
INFO - 06/04/26 16:31:34 - 0:25:25 - Median score: 7.0
INFO - 06/04/26 16:31:34 - 0:25:25 - Stdev score: 0.2104547006332342
INFO - 06/04/26 16:31:34 - 0:25:25 - Max score: 7.0
INFO - 06/04/26 16:31:34 - 0:25:25 - Top 1 percentile score: 7.0
INFO - 06/04/26 16:31:34 - 0:25:25 - Distribution of scores:
INFO - 06/04/26 16:31:34 - 0:25:25 - Score 2.892789388640564: Count: 1
INFO - 06/04/26 16:31:34 - 0:25:25 - Score 4.998224942639953: Count: 2
INFO - 06/04/26 16:31:34 - 0:25:25 - Score 4.9990900412395884: Count: 2
INFO - 06/04/26 16:31:34 - 0:25:25 - Score 5.748971721977144: Count: 1
INFO - 06/04/26 16:31:34 - 0:25:25 - Score 5.97007992007992: Count: 2
INFO - 06/04/26 16:31:34 - 0:25:25 - Score 5.999791012073669: Count: 2
INFO - 06/04/26 16:31:34 - 0:25:25 - Score 6.97032967032967: Count: 10
INFO - 06/04/26 16:31:34 - 0:25:25 - Score 6.999500499500499: Count: 5
INFO - 06/04/26 16:31:34 - 0:25:25 - Score 6.999865419517671: Count: 1
INFO - 06/04/26 16:31:34 - 0:25:25 - Score 6.999932709758836: Count: 2
INFO - 06/04/26 16:31:34 - 0:25:25 - Score 7.0: Count: 836
INFO - 06/04/26 16:31:34 - 0:25:25 - --------------------------------
INFO - 06/04/26 16:31:34 - 0:25:25 - ==== Starting Epoch 46 =====
INFO - 06/04/26 16:31:34 - 0:25:25 - [Epoch 46 START] CPU: 0.0% | RAM: 604.2MB
INFO - 06/04/26 16:31:34 - 0:25:25 - Encoded train: 864 examples in 0.00s (864 cache hits, 0 misses)
INFO - 06/04/26 16:31:34 - 0:25:25 - Encoded test: 50 examples in 0.00s (50 cache hits, 0 misses)
INFO - 06/04/26 16:31:34 - 0:25:25 - Memory allocated: 28.69MB, reserved: 62.56MB
