INFO - 06/04/26 17:05:56 - 0:00:00 - ============ Initialized logger ============
INFO - 06/04/26 17:05:56 - 0:00:00 - N: 8
                                     always_search: False
                                     batch_size: 16
                                     command: python train.py --env_name hyperelliptic_factorized_fixed --exp_name hfactor_fixed_g8_noseed_explore --dump_path './dump' --N 8 --p 3 --max_len 58 --gensize 20000 --pop_size 3000 --ntest 50 --keep_only_unique true --always_search false --redeem_only false --local_search_steps 0 --local_search_batch_size 16 --score_batch_size 16 --process_pool false --batch_size 16 --eval_batch_size 8 --gen_batch_size 128 --max_epochs 10000 --max_steps 500 --num_eval_steps 100 --num_samples_from_model 2000 --n_layer 3 --n_head 4 --n_embd 192 --temperature '1.25' --temp_span 8 --inc_temp '0.06' --top_k '-1' --exp_id "2026_06_04_17_05_56"
                                     cpu: False
                                     data_generation_only: False
                                     device: mps
                                     dump_path: ./dump/hfactor_fixed_g8_noseed_explore/2026_06_04_17_05_56
                                     env_name: hyperelliptic_factorized_fixed
                                     eos_genus_quota: 0
                                     eos_max_genus: 0
                                     eos_min_genus: 0
                                     eval_batch_size: 8
                                     exp_id: 2026_06_04_17_05_56
                                     exp_name: hfactor_fixed_g8_noseed_explore
                                     frontier_high_prob: 0.35
                                     frontier_high_width: 6
                                     frontier_low_cutoff: 4
                                     frontier_low_prob: 0.1
                                     frontier_max_repeat: 20
                                     frontier_mid_prob: 0.45
                                     frontier_top_prob: 0.1
                                     frontier_top_width: 2
                                     gen_batch_size: 128
                                     gensize: 20000
                                     genus_sampling: none
                                     inc_temp: 0.06
                                     initial_data_max_rows: 0
                                     initial_data_sqlite: 
                                     keep_only_unique: True
                                     learning_rate: 0.0005
                                     local_search_batch_size: 16
                                     local_search_steps: 0
                                     max_epochs: 10000
                                     max_len: 58
                                     max_steps: 500
                                     n_embd: 192
                                     n_head: 4
                                     n_layer: 3
                                     new_proportion: 0.0
                                     no_positional: False
                                     ntest: 50
                                     num_eval_steps: 100
                                     num_samples_from_model: 2000
                                     num_workers: 8
                                     p: 3
                                     pop_size: 3000
                                     process_pool: False
                                     redeem_only: False
                                     save_best: False
                                     score_batch_size: 16
                                     seed: -1
                                     temp_span: 8
                                     temperature: 1.25
                                     top_k: -1
                                     weight_decay: 0.01
INFO - 06/04/26 17:05:56 - 0:00:00 - The experiment will be stored in ./dump/hfactor_fixed_g8_noseed_explore/2026_06_04_17_05_56
                                     
INFO - 06/04/26 17:05:56 - 0:00:00 - Running command: python train.py --env_name hyperelliptic_factorized_fixed --exp_name hfactor_fixed_g8_noseed_explore --dump_path './dump' --N 8 --p 3 --max_len 58 --gensize 20000 --pop_size 3000 --ntest 50 --keep_only_unique true --always_search false --redeem_only false --local_search_steps 0 --local_search_batch_size 16 --score_batch_size 16 --process_pool false --batch_size 16 --eval_batch_size 8 --gen_batch_size 128 --max_epochs 10000 --max_steps 500 --num_eval_steps 100 --num_samples_from_model 2000 --n_layer 3 --n_head 4 --n_embd 192 --temperature '1.25' --temp_span 8 --inc_temp '0.06' --top_k '-1'

INFO - 06/04/26 17:05:56 - 0:00:00 - seed: 159133495
INFO - 06/04/26 17:05:57 - 0:00:00 - Number of parameters: 1.35M
INFO - 06/04/26 17:06:06 - 0:00:09 - Generated and scored initial data: 128 / 20000; valid kept so far: 0
INFO - 06/04/26 17:06:12 - 0:00:16 - Generated and scored initial data: 16000 / 20000; valid kept so far: 0
INFO - 06/04/26 17:06:14 - 0:00:18 - Generated and scored initial data: 20000 / 20000; valid kept so far: 1
INFO - 06/04/26 17:06:14 - 0:00:18 - Unique processing: 1 examples left, 0 duplicates
INFO - 06/04/26 17:06:14 - 0:00:18 - ### Score distribution ###
INFO - 06/04/26 17:06:14 - 0:00:18 - Valid examples: 1
INFO - 06/04/26 17:06:14 - 0:00:18 - Mean score: 4.999018006196533
INFO - 06/04/26 17:06:14 - 0:00:18 - Median score: 4.999018006196533
INFO - 06/04/26 17:06:14 - 0:00:18 - Stdev score: 0.0
INFO - 06/04/26 17:06:14 - 0:00:18 - Max score: 4.999018006196533
INFO - 06/04/26 17:06:14 - 0:00:18 - Top 1 percentile score: 4.999018006196533
INFO - 06/04/26 17:06:14 - 0:00:18 - Distribution of scores:
INFO - 06/04/26 17:06:14 - 0:00:18 - Score 4.999018006196533: Count: 1
INFO - 06/04/26 17:06:14 - 0:00:18 - --------------------------------
INFO - 06/04/26 17:06:14 - 0:00:18 - New train and test generated. Size are train: 1, test 0
INFO - 06/04/26 17:06:14 - 0:00:18 - Unique data computed for original train set: 0, generated train set: 1
INFO - 06/04/26 17:06:14 - 0:00:18 - Final train and test generated. Size are train: 1, test 0
INFO - 06/04/26 17:06:14 - 0:00:18 - ### Score distribution ###
INFO - 06/04/26 17:06:14 - 0:00:18 - Valid examples: 1
INFO - 06/04/26 17:06:14 - 0:00:18 - Mean score: 4.999018006196533
INFO - 06/04/26 17:06:14 - 0:00:18 - Median score: 4.999018006196533
INFO - 06/04/26 17:06:14 - 0:00:18 - Stdev score: 0.0
INFO - 06/04/26 17:06:14 - 0:00:18 - Max score: 4.999018006196533
INFO - 06/04/26 17:06:14 - 0:00:18 - Top 1 percentile score: 4.999018006196533
INFO - 06/04/26 17:06:14 - 0:00:18 - Distribution of scores:
INFO - 06/04/26 17:06:14 - 0:00:18 - Score 4.999018006196533: Count: 1
INFO - 06/04/26 17:06:14 - 0:00:18 - --------------------------------
INFO - 06/04/26 17:06:14 - 0:00:18 - ==== Starting Epoch 0 =====
INFO - 06/04/26 17:06:14 - 0:00:18 - [Epoch 0 START] CPU: 0.0% | RAM: 257.1MB
INFO - 06/04/26 17:06:14 - 0:00:18 - Encoded train: 1 examples in 0.00s (0 cache hits, 1 misses)
INFO - 06/04/26 17:06:14 - 0:00:18 - Encoded test: 0 examples in 0.00s (0 cache hits, 0 misses)
INFO - 06/04/26 17:06:14 - 0:00:18 - Memory allocated: 5.18MB, reserved: 8.42MB
INFO - 06/04/26 17:06:18 - 0:00:22 - step 100 | loss 0.0142 | steps time 4077.73ms
INFO - 06/04/26 17:06:18 - 0:00:22 - step 100 train loss: 0.16685527605935932 test loss: nan
INFO - 06/04/26 17:06:22 - 0:00:25 - step 200 | loss 0.0046 | steps time 3286.21ms
INFO - 06/04/26 17:06:22 - 0:00:25 - step 200 train loss: 0.00808078614063561 test loss: nan
INFO - 06/04/26 17:06:25 - 0:00:29 - step 300 | loss 0.0020 | steps time 3365.44ms
INFO - 06/04/26 17:06:25 - 0:00:29 - step 300 train loss: 0.003071792353875935 test loss: nan
INFO - 06/04/26 17:06:28 - 0:00:32 - step 400 | loss 0.0010 | steps time 3317.83ms
INFO - 06/04/26 17:06:28 - 0:00:32 - step 400 train loss: 0.0014595038036350162 test loss: nan
INFO - 06/04/26 17:06:32 - 0:00:35 - step 500 | loss 0.0006 | steps time 3341.42ms
INFO - 06/04/26 17:06:32 - 0:00:35 - step 500 train loss: 0.0007639171410119161 test loss: nan
INFO - 06/04/26 17:06:32 - 0:00:36 - [Epoch 0 AFTER_TRAIN] CPU: 0.0% | RAM: 362.4MB
INFO - 06/04/26 17:06:32 - 0:00:36 - Sample with temperature 1.25 to 2.05
INFO - 06/04/26 17:06:32 - 0:00:36 - 0 / 1920 samples generated, 0 scored
INFO - 06/04/26 17:06:46 - 0:00:50 - 1280 / 1920 samples generated, 536 scored
INFO - 06/04/26 17:06:52 - 0:00:55 - ### Score distribution ###
INFO - 06/04/26 17:06:52 - 0:00:55 - Invalid examples: before local search: 5, after: 5
INFO - 06/04/26 17:06:52 - 0:00:55 - Valid examples: 703
INFO - 06/04/26 17:06:52 - 0:00:55 - Mean score: 4.999018006196533
INFO - 06/04/26 17:06:52 - 0:00:55 - Median score: 4.999018006196533
INFO - 06/04/26 17:06:52 - 0:00:55 - Stdev score: 0.0
INFO - 06/04/26 17:06:52 - 0:00:55 - Max score: 4.999018006196533
INFO - 06/04/26 17:06:52 - 0:00:55 - Top 1 percentile score: 4.999018006196533
INFO - 06/04/26 17:06:52 - 0:00:55 - Distribution of scores:
INFO - 06/04/26 17:06:52 - 0:00:55 - Score 4.999018006196533: Count: 703
INFO - 06/04/26 17:06:52 - 0:00:55 - --------------------------------
INFO - 06/04/26 17:06:52 - 0:00:55 - [Epoch 0 AFTER_SAMPLE] CPU: 0.0% | RAM: 785.3MB
INFO - 06/04/26 17:06:52 - 0:00:55 - Unique processing: 1 examples left, 702 duplicates
INFO - 06/04/26 17:06:52 - 0:00:55 - ### Score distribution ###
INFO - 06/04/26 17:06:52 - 0:00:55 - Valid examples: 1
INFO - 06/04/26 17:06:52 - 0:00:55 - Mean score: 4.999018006196533
INFO - 06/04/26 17:06:52 - 0:00:55 - Median score: 4.999018006196533
INFO - 06/04/26 17:06:52 - 0:00:55 - Stdev score: 0.0
INFO - 06/04/26 17:06:52 - 0:00:55 - Max score: 4.999018006196533
INFO - 06/04/26 17:06:52 - 0:00:55 - Top 1 percentile score: 4.999018006196533
INFO - 06/04/26 17:06:52 - 0:00:55 - Distribution of scores:
INFO - 06/04/26 17:06:52 - 0:00:55 - Score 4.999018006196533: Count: 1
INFO - 06/04/26 17:06:52 - 0:00:55 - --------------------------------
INFO - 06/04/26 17:06:52 - 0:00:55 - New train and test generated. Size are train: 1, test 0
INFO - 06/04/26 17:06:52 - 0:00:55 - Unique data computed for original train set: 1, generated train set: 0
INFO - 06/04/26 17:06:52 - 0:00:55 - Final train and test generated. Size are train: 1, test 0
INFO - 06/04/26 17:06:52 - 0:00:55 - [Epoch 0 AFTER_UPDATE_DATASETS] CPU: 0.0% | RAM: 785.3MB
INFO - 06/04/26 17:06:52 - 0:00:56 - ### Score distribution ###
INFO - 06/04/26 17:06:52 - 0:00:56 - Valid examples: 1
INFO - 06/04/26 17:06:52 - 0:00:56 - Mean score: 4.999018006196533
INFO - 06/04/26 17:06:52 - 0:00:56 - Median score: 4.999018006196533
INFO - 06/04/26 17:06:52 - 0:00:56 - Stdev score: 0.0
INFO - 06/04/26 17:06:52 - 0:00:56 - Max score: 4.999018006196533
INFO - 06/04/26 17:06:52 - 0:00:56 - Top 1 percentile score: 4.999018006196533
INFO - 06/04/26 17:06:52 - 0:00:56 - Distribution of scores:
INFO - 06/04/26 17:06:52 - 0:00:56 - Score 4.999018006196533: Count: 1
INFO - 06/04/26 17:06:52 - 0:00:56 - --------------------------------
INFO - 06/04/26 17:06:52 - 0:00:56 - ==== Starting Epoch 1 =====
INFO - 06/04/26 17:06:52 - 0:00:56 - [Epoch 1 START] CPU: 0.0% | RAM: 785.3MB
INFO - 06/04/26 17:06:52 - 0:00:56 - Encoded train: 1 examples in 0.00s (1 cache hits, 0 misses)
INFO - 06/04/26 17:06:52 - 0:00:56 - Encoded test: 0 examples in 0.00s (0 cache hits, 0 misses)
INFO - 06/04/26 17:06:52 - 0:00:56 - Memory allocated: 28.18MB, reserved: 42.97MB
INFO - 06/04/26 17:06:55 - 0:00:59 - step 100 | loss 0.0003 | steps time 3262.39ms
INFO - 06/04/26 17:06:55 - 0:00:59 - step 100 train loss: 0.0004200511582894251 test loss: nan
INFO - 06/04/26 17:06:59 - 0:01:02 - step 200 | loss 0.0002 | steps time 3275.12ms
INFO - 06/04/26 17:06:59 - 0:01:02 - step 200 train loss: 0.0002372857568843756 test loss: nan
INFO - 06/04/26 17:07:02 - 0:01:06 - step 300 | loss 0.0001 | steps time 3287.30ms
INFO - 06/04/26 17:07:02 - 0:01:06 - step 300 train loss: 0.0001361108970013447 test loss: nan
INFO - 06/04/26 17:07:05 - 0:01:09 - step 400 | loss 0.0001 | steps time 3279.55ms
INFO - 06/04/26 17:07:05 - 0:01:09 - step 400 train loss: 7.877672935137525e-05 test loss: nan
INFO - 06/04/26 17:07:09 - 0:01:12 - step 500 | loss 0.0000 | steps time 3283.63ms
INFO - 06/04/26 17:07:09 - 0:01:12 - step 500 train loss: 4.583595298754517e-05 test loss: nan
INFO - 06/04/26 17:07:09 - 0:01:12 - [Epoch 1 AFTER_TRAIN] CPU: 0.0% | RAM: 788.4MB
INFO - 06/04/26 17:07:09 - 0:01:12 - Sample with temperature 1.31 to 2.1100000000000003
INFO - 06/04/26 17:07:09 - 0:01:12 - 0 / 1920 samples generated, 0 scored
INFO - 06/04/26 17:07:25 - 0:01:28 - 1280 / 1920 samples generated, 985 scored
INFO - 06/04/26 17:07:32 - 0:01:36 - ### Score distribution ###
INFO - 06/04/26 17:07:32 - 0:01:36 - Invalid examples: before local search: 6, after: 6
INFO - 06/04/26 17:07:32 - 0:01:36 - Valid examples: 1428
INFO - 06/04/26 17:07:32 - 0:01:36 - Mean score: 4.999018006196533
INFO - 06/04/26 17:07:32 - 0:01:36 - Median score: 4.999018006196533
INFO - 06/04/26 17:07:32 - 0:01:36 - Stdev score: 0.0
INFO - 06/04/26 17:07:32 - 0:01:36 - Max score: 4.999018006196533
INFO - 06/04/26 17:07:32 - 0:01:36 - Top 1 percentile score: 4.999018006196533
INFO - 06/04/26 17:07:32 - 0:01:36 - Distribution of scores:
INFO - 06/04/26 17:07:32 - 0:01:36 - Score 4.999018006196533: Count: 1428
INFO - 06/04/26 17:07:32 - 0:01:36 - --------------------------------
INFO - 06/04/26 17:07:33 - 0:01:36 - [Epoch 1 AFTER_SAMPLE] CPU: 0.0% | RAM: 790.4MB
INFO - 06/04/26 17:07:33 - 0:01:36 - Unique processing: 1 examples left, 1427 duplicates
INFO - 06/04/26 17:07:33 - 0:01:36 - ### Score distribution ###
INFO - 06/04/26 17:07:33 - 0:01:36 - Valid examples: 1
INFO - 06/04/26 17:07:33 - 0:01:36 - Mean score: 4.999018006196533
INFO - 06/04/26 17:07:33 - 0:01:36 - Median score: 4.999018006196533
INFO - 06/04/26 17:07:33 - 0:01:36 - Stdev score: 0.0
INFO - 06/04/26 17:07:33 - 0:01:36 - Max score: 4.999018006196533
INFO - 06/04/26 17:07:33 - 0:01:36 - Top 1 percentile score: 4.999018006196533
INFO - 06/04/26 17:07:33 - 0:01:36 - Distribution of scores:
INFO - 06/04/26 17:07:33 - 0:01:36 - Score 4.999018006196533: Count: 1
INFO - 06/04/26 17:07:33 - 0:01:36 - --------------------------------
INFO - 06/04/26 17:07:33 - 0:01:36 - New train and test generated. Size are train: 1, test 0
INFO - 06/04/26 17:07:33 - 0:01:36 - Unique data computed for original train set: 1, generated train set: 0
INFO - 06/04/26 17:07:33 - 0:01:36 - Final train and test generated. Size are train: 1, test 0
INFO - 06/04/26 17:07:33 - 0:01:36 - [Epoch 1 AFTER_UPDATE_DATASETS] CPU: 0.0% | RAM: 790.4MB
INFO - 06/04/26 17:07:33 - 0:01:36 - ### Score distribution ###
INFO - 06/04/26 17:07:33 - 0:01:36 - Valid examples: 1
INFO - 06/04/26 17:07:33 - 0:01:36 - Mean score: 4.999018006196533
INFO - 06/04/26 17:07:33 - 0:01:36 - Median score: 4.999018006196533
INFO - 06/04/26 17:07:33 - 0:01:36 - Stdev score: 0.0
INFO - 06/04/26 17:07:33 - 0:01:36 - Max score: 4.999018006196533
INFO - 06/04/26 17:07:33 - 0:01:36 - Top 1 percentile score: 4.999018006196533
INFO - 06/04/26 17:07:33 - 0:01:36 - Distribution of scores:
INFO - 06/04/26 17:07:33 - 0:01:36 - Score 4.999018006196533: Count: 1
INFO - 06/04/26 17:07:33 - 0:01:36 - --------------------------------
INFO - 06/04/26 17:07:33 - 0:01:36 - ==== Starting Epoch 2 =====
INFO - 06/04/26 17:07:33 - 0:01:36 - [Epoch 2 START] CPU: 0.0% | RAM: 790.4MB
INFO - 06/04/26 17:07:33 - 0:01:36 - Encoded train: 1 examples in 0.00s (1 cache hits, 0 misses)
INFO - 06/04/26 17:07:33 - 0:01:36 - Encoded test: 0 examples in 0.00s (0 cache hits, 0 misses)
INFO - 06/04/26 17:07:33 - 0:01:36 - Memory allocated: 28.18MB, reserved: 42.97MB
INFO - 06/04/26 17:07:36 - 0:01:40 - step 100 | loss 0.0000 | steps time 3279.51ms
INFO - 06/04/26 17:07:36 - 0:01:40 - step 100 train loss: 2.6755465914902742e-05 test loss: nan
INFO - 06/04/26 17:07:39 - 0:01:43 - step 200 | loss 0.0000 | steps time 3284.46ms
INFO - 06/04/26 17:07:39 - 0:01:43 - step 200 train loss: 1.5649157112420654e-05 test loss: nan
INFO - 06/04/26 17:07:43 - 0:01:46 - step 300 | loss 0.0000 | steps time 3309.40ms
INFO - 06/04/26 17:07:43 - 0:01:46 - step 300 train loss: 9.15631759653479e-06 test loss: nan
INFO - 06/04/26 17:07:46 - 0:01:50 - step 400 | loss 0.0000 | steps time 3354.01ms
INFO - 06/04/26 17:07:46 - 0:01:50 - step 400 train loss: 5.388441745708406e-06 test loss: nan
INFO - 06/04/26 17:07:49 - 0:01:53 - step 500 | loss 0.0000 | steps time 3280.61ms
INFO - 06/04/26 17:07:49 - 0:01:53 - step 500 train loss: 3.119055695606221e-06 test loss: nan
INFO - 06/04/26 17:07:50 - 0:01:53 - [Epoch 2 AFTER_TRAIN] CPU: 0.0% | RAM: 792.3MB
INFO - 06/04/26 17:07:50 - 0:01:53 - Sample with temperature 1.37 to 2.17
INFO - 06/04/26 17:07:50 - 0:01:53 - 0 / 1920 samples generated, 0 scored
INFO - 06/04/26 17:08:06 - 0:02:10 - 1280 / 1920 samples generated, 1166 scored
INFO - 06/04/26 17:08:15 - 0:02:19 - ### Score distribution ###
INFO - 06/04/26 17:08:15 - 0:02:19 - Invalid examples: before local search: 1, after: 1
INFO - 06/04/26 17:08:15 - 0:02:19 - Valid examples: 1745
INFO - 06/04/26 17:08:15 - 0:02:19 - Mean score: 4.999018006196533
INFO - 06/04/26 17:08:15 - 0:02:19 - Median score: 4.999018006196533
INFO - 06/04/26 17:08:15 - 0:02:19 - Stdev score: 0.0
INFO - 06/04/26 17:08:15 - 0:02:19 - Max score: 4.999018006196533
INFO - 06/04/26 17:08:15 - 0:02:19 - Top 1 percentile score: 4.999018006196533
INFO - 06/04/26 17:08:15 - 0:02:19 - Distribution of scores:
INFO - 06/04/26 17:08:15 - 0:02:19 - Score 4.999018006196533: Count: 1745
INFO - 06/04/26 17:08:15 - 0:02:19 - --------------------------------
INFO - 06/04/26 17:08:15 - 0:02:19 - [Epoch 2 AFTER_SAMPLE] CPU: 0.0% | RAM: 795.3MB
INFO - 06/04/26 17:08:15 - 0:02:19 - Unique processing: 1 examples left, 1744 duplicates
INFO - 06/04/26 17:08:15 - 0:02:19 - ### Score distribution ###
INFO - 06/04/26 17:08:15 - 0:02:19 - Valid examples: 1
INFO - 06/04/26 17:08:15 - 0:02:19 - Mean score: 4.999018006196533
INFO - 06/04/26 17:08:15 - 0:02:19 - Median score: 4.999018006196533
INFO - 06/04/26 17:08:15 - 0:02:19 - Stdev score: 0.0
INFO - 06/04/26 17:08:15 - 0:02:19 - Max score: 4.999018006196533
INFO - 06/04/26 17:08:15 - 0:02:19 - Top 1 percentile score: 4.999018006196533
INFO - 06/04/26 17:08:15 - 0:02:19 - Distribution of scores:
INFO - 06/04/26 17:08:15 - 0:02:19 - Score 4.999018006196533: Count: 1
INFO - 06/04/26 17:08:15 - 0:02:19 - --------------------------------
INFO - 06/04/26 17:08:15 - 0:02:19 - New train and test generated. Size are train: 1, test 0
INFO - 06/04/26 17:08:15 - 0:02:19 - Unique data computed for original train set: 1, generated train set: 0
INFO - 06/04/26 17:08:15 - 0:02:19 - Final train and test generated. Size are train: 1, test 0
INFO - 06/04/26 17:08:15 - 0:02:19 - [Epoch 2 AFTER_UPDATE_DATASETS] CPU: 0.0% | RAM: 795.3MB
INFO - 06/04/26 17:08:15 - 0:02:19 - ### Score distribution ###
INFO - 06/04/26 17:08:15 - 0:02:19 - Valid examples: 1
INFO - 06/04/26 17:08:15 - 0:02:19 - Mean score: 4.999018006196533
INFO - 06/04/26 17:08:15 - 0:02:19 - Median score: 4.999018006196533
INFO - 06/04/26 17:08:15 - 0:02:19 - Stdev score: 0.0
INFO - 06/04/26 17:08:15 - 0:02:19 - Max score: 4.999018006196533
INFO - 06/04/26 17:08:15 - 0:02:19 - Top 1 percentile score: 4.999018006196533
INFO - 06/04/26 17:08:15 - 0:02:19 - Distribution of scores:
INFO - 06/04/26 17:08:15 - 0:02:19 - Score 4.999018006196533: Count: 1
INFO - 06/04/26 17:08:15 - 0:02:19 - --------------------------------
INFO - 06/04/26 17:08:15 - 0:02:19 - ==== Starting Epoch 3 =====
INFO - 06/04/26 17:08:16 - 0:02:19 - [Epoch 3 START] CPU: 0.0% | RAM: 795.3MB
INFO - 06/04/26 17:08:16 - 0:02:19 - Encoded train: 1 examples in 0.00s (1 cache hits, 0 misses)
INFO - 06/04/26 17:08:16 - 0:02:19 - Encoded test: 0 examples in 0.00s (0 cache hits, 0 misses)
INFO - 06/04/26 17:08:16 - 0:02:19 - Memory allocated: 28.17MB, reserved: 42.97MB
INFO - 06/04/26 17:08:19 - 0:02:22 - step 100 | loss 0.0000 | steps time 3277.81ms
INFO - 06/04/26 17:08:19 - 0:02:22 - step 100 train loss: 1.8161018942919326e-06 test loss: nan
INFO - 06/04/26 17:08:22 - 0:02:26 - step 200 | loss 0.0000 | steps time 3293.25ms
INFO - 06/04/26 17:08:22 - 0:02:26 - step 200 train loss: 1.068015237706277e-06 test loss: nan
INFO - 06/04/26 17:08:25 - 0:02:29 - step 300 | loss 0.0000 | steps time 3299.45ms
INFO - 06/04/26 17:08:25 - 0:02:29 - step 300 train loss: 5.92370628567096e-07 test loss: nan
INFO - 06/04/26 17:08:29 - 0:02:32 - step 400 | loss 0.0000 | steps time 3275.71ms
INFO - 06/04/26 17:08:29 - 0:02:32 - step 400 train loss: 3.033875913160955e-07 test loss: nan
INFO - 06/04/26 17:08:32 - 0:02:36 - step 500 | loss 0.0000 | steps time 3302.22ms
INFO - 06/04/26 17:08:32 - 0:02:36 - step 500 train loss: 1.893937246677524e-07 test loss: nan
INFO - 06/04/26 17:08:32 - 0:02:36 - [Epoch 3 AFTER_TRAIN] CPU: 0.0% | RAM: 796.1MB
INFO - 06/04/26 17:08:32 - 0:02:36 - Sample with temperature 1.4300000000000002 to 2.2300000000000004
INFO - 06/04/26 17:08:32 - 0:02:36 - 0 / 1920 samples generated, 0 scored
INFO - 06/04/26 17:08:49 - 0:02:52 - 1280 / 1920 samples generated, 1245 scored
INFO - 06/04/26 17:08:57 - 0:03:01 - ### Score distribution ###
INFO - 06/04/26 17:08:57 - 0:03:01 - Invalid examples: before local search: 2, after: 2
INFO - 06/04/26 17:08:57 - 0:03:01 - Valid examples: 1850
INFO - 06/04/26 17:08:57 - 0:03:01 - Mean score: 4.999018006196533
INFO - 06/04/26 17:08:57 - 0:03:01 - Median score: 4.999018006196533
INFO - 06/04/26 17:08:57 - 0:03:01 - Stdev score: 0.0
INFO - 06/04/26 17:08:57 - 0:03:01 - Max score: 4.999018006196533
INFO - 06/04/26 17:08:57 - 0:03:01 - Top 1 percentile score: 4.999018006196533
INFO - 06/04/26 17:08:57 - 0:03:01 - Distribution of scores:
INFO - 06/04/26 17:08:57 - 0:03:01 - Score 4.999018006196533: Count: 1850
INFO - 06/04/26 17:08:57 - 0:03:01 - --------------------------------
INFO - 06/04/26 17:08:57 - 0:03:01 - [Epoch 3 AFTER_SAMPLE] CPU: 0.0% | RAM: 797.8MB
INFO - 06/04/26 17:08:57 - 0:03:01 - Unique processing: 1 examples left, 1849 duplicates
INFO - 06/04/26 17:08:57 - 0:03:01 - ### Score distribution ###
INFO - 06/04/26 17:08:57 - 0:03:01 - Valid examples: 1
INFO - 06/04/26 17:08:57 - 0:03:01 - Mean score: 4.999018006196533
INFO - 06/04/26 17:08:57 - 0:03:01 - Median score: 4.999018006196533
INFO - 06/04/26 17:08:57 - 0:03:01 - Stdev score: 0.0
INFO - 06/04/26 17:08:57 - 0:03:01 - Max score: 4.999018006196533
INFO - 06/04/26 17:08:57 - 0:03:01 - Top 1 percentile score: 4.999018006196533
INFO - 06/04/26 17:08:57 - 0:03:01 - Distribution of scores:
INFO - 06/04/26 17:08:57 - 0:03:01 - Score 4.999018006196533: Count: 1
INFO - 06/04/26 17:08:57 - 0:03:01 - --------------------------------
INFO - 06/04/26 17:08:57 - 0:03:01 - New train and test generated. Size are train: 1, test 0
INFO - 06/04/26 17:08:57 - 0:03:01 - Unique data computed for original train set: 1, generated train set: 0
INFO - 06/04/26 17:08:57 - 0:03:01 - Final train and test generated. Size are train: 1, test 0
INFO - 06/04/26 17:08:57 - 0:03:01 - [Epoch 3 AFTER_UPDATE_DATASETS] CPU: 0.0% | RAM: 797.8MB
INFO - 06/04/26 17:08:57 - 0:03:01 - ### Score distribution ###
INFO - 06/04/26 17:08:57 - 0:03:01 - Valid examples: 1
INFO - 06/04/26 17:08:57 - 0:03:01 - Mean score: 4.999018006196533
INFO - 06/04/26 17:08:57 - 0:03:01 - Median score: 4.999018006196533
INFO - 06/04/26 17:08:57 - 0:03:01 - Stdev score: 0.0
INFO - 06/04/26 17:08:57 - 0:03:01 - Max score: 4.999018006196533
INFO - 06/04/26 17:08:57 - 0:03:01 - Top 1 percentile score: 4.999018006196533
INFO - 06/04/26 17:08:57 - 0:03:01 - Distribution of scores:
INFO - 06/04/26 17:08:57 - 0:03:01 - Score 4.999018006196533: Count: 1
INFO - 06/04/26 17:08:57 - 0:03:01 - --------------------------------
INFO - 06/04/26 17:08:57 - 0:03:01 - ==== Starting Epoch 4 =====
INFO - 06/04/26 17:08:57 - 0:03:01 - [Epoch 4 START] CPU: 0.0% | RAM: 797.5MB
INFO - 06/04/26 17:08:57 - 0:03:01 - Encoded train: 1 examples in 0.00s (1 cache hits, 0 misses)
INFO - 06/04/26 17:08:57 - 0:03:01 - Encoded test: 0 examples in 0.00s (0 cache hits, 0 misses)
INFO - 06/04/26 17:08:58 - 0:03:01 - Memory allocated: 28.17MB, reserved: 50.97MB
INFO - 06/04/26 17:09:01 - 0:03:04 - step 100 | loss 0.0000 | steps time 3281.99ms
INFO - 06/04/26 17:09:01 - 0:03:04 - step 100 train loss: 6.725389965822615e-08 test loss: nan
INFO - 06/04/26 17:09:04 - 0:03:08 - step 200 | loss 0.0000 | steps time 3279.67ms
INFO - 06/04/26 17:09:04 - 0:03:08 - step 200 train loss: 1.961986082932299e-08 test loss: nan
INFO - 06/04/26 17:09:07 - 0:03:11 - step 300 | loss 0.0000 | steps time 3281.81ms
INFO - 06/04/26 17:09:07 - 0:03:11 - step 300 train loss: 9.636083611042068e-09 test loss: nan
INFO - 06/04/26 17:09:11 - 0:03:14 - step 400 | loss 0.0000 | steps time 3294.22ms
INFO - 06/04/26 17:09:11 - 0:03:14 - step 400 train loss: 7.2022274366645435e-09 test loss: nan
INFO - 06/04/26 17:09:14 - 0:03:17 - step 500 | loss 0.0000 | steps time 3286.10ms
INFO - 06/04/26 17:09:14 - 0:03:17 - step 500 train loss: 6.6061810244377736e-09 test loss: nan
INFO - 06/04/26 17:09:14 - 0:03:18 - [Epoch 4 AFTER_TRAIN] CPU: 0.0% | RAM: 798.9MB
INFO - 06/04/26 17:09:14 - 0:03:18 - Sample with temperature 1.4900000000000002 to 2.29
INFO - 06/04/26 17:09:14 - 0:03:18 - 0 / 1920 samples generated, 0 scored
INFO - 06/04/26 17:09:31 - 0:03:34 - 1280 / 1920 samples generated, 1256 scored
INFO - 06/04/26 17:09:38 - 0:03:42 - ### Score distribution ###
INFO - 06/04/26 17:09:38 - 0:03:42 - Invalid examples: before local search: 0, after: 0
INFO - 06/04/26 17:09:39 - 0:03:42 - Valid examples: 1891
INFO - 06/04/26 17:09:39 - 0:03:42 - Mean score: 4.999018006196533
INFO - 06/04/26 17:09:39 - 0:03:42 - Median score: 4.999018006196533
INFO - 06/04/26 17:09:39 - 0:03:42 - Stdev score: 0.0
INFO - 06/04/26 17:09:39 - 0:03:42 - Max score: 4.999018006196533
INFO - 06/04/26 17:09:39 - 0:03:42 - Top 1 percentile score: 4.999018006196533
INFO - 06/04/26 17:09:39 - 0:03:42 - Distribution of scores:
INFO - 06/04/26 17:09:39 - 0:03:42 - Score 4.999018006196533: Count: 1891
INFO - 06/04/26 17:09:39 - 0:03:42 - --------------------------------
INFO - 06/04/26 17:09:39 - 0:03:42 - [Epoch 4 AFTER_SAMPLE] CPU: 0.0% | RAM: 800.2MB
INFO - 06/04/26 17:09:39 - 0:03:42 - Unique processing: 1 examples left, 1890 duplicates
INFO - 06/04/26 17:09:39 - 0:03:42 - ### Score distribution ###
INFO - 06/04/26 17:09:39 - 0:03:42 - Valid examples: 1
INFO - 06/04/26 17:09:39 - 0:03:42 - Mean score: 4.999018006196533
INFO - 06/04/26 17:09:39 - 0:03:42 - Median score: 4.999018006196533
INFO - 06/04/26 17:09:39 - 0:03:42 - Stdev score: 0.0
INFO - 06/04/26 17:09:39 - 0:03:42 - Max score: 4.999018006196533
INFO - 06/04/26 17:09:39 - 0:03:42 - Top 1 percentile score: 4.999018006196533
INFO - 06/04/26 17:09:39 - 0:03:42 - Distribution of scores:
INFO - 06/04/26 17:09:39 - 0:03:42 - Score 4.999018006196533: Count: 1
INFO - 06/04/26 17:09:39 - 0:03:42 - --------------------------------
INFO - 06/04/26 17:09:39 - 0:03:42 - New train and test generated. Size are train: 1, test 0
INFO - 06/04/26 17:09:39 - 0:03:42 - Unique data computed for original train set: 1, generated train set: 0
INFO - 06/04/26 17:09:39 - 0:03:42 - Final train and test generated. Size are train: 1, test 0
INFO - 06/04/26 17:09:39 - 0:03:42 - [Epoch 4 AFTER_UPDATE_DATASETS] CPU: 0.0% | RAM: 800.2MB
INFO - 06/04/26 17:09:39 - 0:03:42 - ### Score distribution ###
INFO - 06/04/26 17:09:39 - 0:03:42 - Valid examples: 1
INFO - 06/04/26 17:09:39 - 0:03:42 - Mean score: 4.999018006196533
INFO - 06/04/26 17:09:39 - 0:03:42 - Median score: 4.999018006196533
INFO - 06/04/26 17:09:39 - 0:03:42 - Stdev score: 0.0
INFO - 06/04/26 17:09:39 - 0:03:42 - Max score: 4.999018006196533
INFO - 06/04/26 17:09:39 - 0:03:42 - Top 1 percentile score: 4.999018006196533
INFO - 06/04/26 17:09:39 - 0:03:42 - Distribution of scores:
INFO - 06/04/26 17:09:39 - 0:03:42 - Score 4.999018006196533: Count: 1
INFO - 06/04/26 17:09:39 - 0:03:42 - --------------------------------
INFO - 06/04/26 17:09:39 - 0:03:42 - ==== Starting Epoch 5 =====
INFO - 06/04/26 17:09:39 - 0:03:42 - [Epoch 5 START] CPU: 0.0% | RAM: 800.2MB
INFO - 06/04/26 17:09:39 - 0:03:42 - Encoded train: 1 examples in 0.00s (1 cache hits, 0 misses)
INFO - 06/04/26 17:09:39 - 0:03:42 - Encoded test: 0 examples in 0.00s (0 cache hits, 0 misses)
INFO - 06/04/26 17:09:39 - 0:03:43 - Memory allocated: 28.17MB, reserved: 50.97MB
INFO - 06/04/26 17:09:42 - 0:03:46 - step 100 | loss 0.0000 | steps time 3268.07ms
INFO - 06/04/26 17:09:42 - 0:03:46 - step 100 train loss: 5.8611230446814485e-09 test loss: nan
INFO - 06/04/26 17:09:46 - 0:03:49 - step 200 | loss 0.0000 | steps time 3288.35ms
INFO - 06/04/26 17:09:46 - 0:03:49 - step 200 train loss: 6.0101346033292204e-09 test loss: nan
INFO - 06/04/26 17:09:49 - 0:03:52 - step 300 | loss 0.0000 | steps time 3276.63ms
INFO - 06/04/26 17:09:49 - 0:03:52 - step 300 train loss: 6.258487301735726e-09 test loss: nan
INFO - 06/04/26 17:09:52 - 0:03:56 - step 400 | loss 0.0000 | steps time 3284.10ms
INFO - 06/04/26 17:09:52 - 0:03:56 - step 400 train loss: 6.2584872573268055e-09 test loss: nan
INFO - 06/04/26 17:09:55 - 0:03:59 - step 500 | loss 0.0000 | steps time 3287.74ms
INFO - 06/04/26 17:09:55 - 0:03:59 - step 500 train loss: 5.9107934990976215e-09 test loss: nan
INFO - 06/04/26 17:09:56 - 0:03:59 - [Epoch 5 AFTER_TRAIN] CPU: 0.0% | RAM: 801.3MB
INFO - 06/04/26 17:09:56 - 0:03:59 - Sample with temperature 1.5500000000000003 to 2.3500000000000005
INFO - 06/04/26 17:09:56 - 0:03:59 - 0 / 1920 samples generated, 0 scored
INFO - 06/04/26 17:10:12 - 0:04:16 - 1280 / 1920 samples generated, 1256 scored
INFO - 06/04/26 17:10:20 - 0:04:24 - ### Score distribution ###
INFO - 06/04/26 17:10:20 - 0:04:24 - Invalid examples: before local search: 1, after: 1
INFO - 06/04/26 17:10:20 - 0:04:24 - Valid examples: 1892
INFO - 06/04/26 17:10:20 - 0:04:24 - Mean score: 4.999018006196533
INFO - 06/04/26 17:10:20 - 0:04:24 - Median score: 4.999018006196533
INFO - 06/04/26 17:10:20 - 0:04:24 - Stdev score: 0.0
INFO - 06/04/26 17:10:20 - 0:04:24 - Max score: 4.999018006196533
INFO - 06/04/26 17:10:20 - 0:04:24 - Top 1 percentile score: 4.999018006196533
INFO - 06/04/26 17:10:20 - 0:04:24 - Distribution of scores:
INFO - 06/04/26 17:10:20 - 0:04:24 - Score 4.999018006196533: Count: 1892
INFO - 06/04/26 17:10:20 - 0:04:24 - --------------------------------
INFO - 06/04/26 17:10:20 - 0:04:24 - [Epoch 5 AFTER_SAMPLE] CPU: 0.0% | RAM: 802.1MB
INFO - 06/04/26 17:10:20 - 0:04:24 - Unique processing: 1 examples left, 1891 duplicates
INFO - 06/04/26 17:10:20 - 0:04:24 - ### Score distribution ###
INFO - 06/04/26 17:10:20 - 0:04:24 - Valid examples: 1
INFO - 06/04/26 17:10:20 - 0:04:24 - Mean score: 4.999018006196533
INFO - 06/04/26 17:10:20 - 0:04:24 - Median score: 4.999018006196533
INFO - 06/04/26 17:10:20 - 0:04:24 - Stdev score: 0.0
INFO - 06/04/26 17:10:20 - 0:04:24 - Max score: 4.999018006196533
INFO - 06/04/26 17:10:20 - 0:04:24 - Top 1 percentile score: 4.999018006196533
INFO - 06/04/26 17:10:20 - 0:04:24 - Distribution of scores:
INFO - 06/04/26 17:10:20 - 0:04:24 - Score 4.999018006196533: Count: 1
INFO - 06/04/26 17:10:20 - 0:04:24 - --------------------------------
INFO - 06/04/26 17:10:20 - 0:04:24 - New train and test generated. Size are train: 1, test 0
INFO - 06/04/26 17:10:20 - 0:04:24 - Unique data computed for original train set: 1, generated train set: 0
INFO - 06/04/26 17:10:20 - 0:04:24 - Final train and test generated. Size are train: 1, test 0
INFO - 06/04/26 17:10:20 - 0:04:24 - [Epoch 5 AFTER_UPDATE_DATASETS] CPU: 0.0% | RAM: 802.1MB
INFO - 06/04/26 17:10:20 - 0:04:24 - ### Score distribution ###
INFO - 06/04/26 17:10:20 - 0:04:24 - Valid examples: 1
INFO - 06/04/26 17:10:20 - 0:04:24 - Mean score: 4.999018006196533
INFO - 06/04/26 17:10:20 - 0:04:24 - Median score: 4.999018006196533
INFO - 06/04/26 17:10:20 - 0:04:24 - Stdev score: 0.0
INFO - 06/04/26 17:10:20 - 0:04:24 - Max score: 4.999018006196533
INFO - 06/04/26 17:10:20 - 0:04:24 - Top 1 percentile score: 4.999018006196533
INFO - 06/04/26 17:10:20 - 0:04:24 - Distribution of scores:
INFO - 06/04/26 17:10:20 - 0:04:24 - Score 4.999018006196533: Count: 1
INFO - 06/04/26 17:10:20 - 0:04:24 - --------------------------------
INFO - 06/04/26 17:10:20 - 0:04:24 - ==== Starting Epoch 6 =====
INFO - 06/04/26 17:10:20 - 0:04:24 - [Epoch 6 START] CPU: 0.0% | RAM: 802.1MB
INFO - 06/04/26 17:10:20 - 0:04:24 - Encoded train: 1 examples in 0.00s (1 cache hits, 0 misses)
INFO - 06/04/26 17:10:20 - 0:04:24 - Encoded test: 0 examples in 0.00s (0 cache hits, 0 misses)
INFO - 06/04/26 17:10:21 - 0:04:24 - Memory allocated: 28.17MB, reserved: 50.97MB
INFO - 06/04/26 17:10:24 - 0:04:27 - step 100 | loss 0.0000 | steps time 3299.74ms
INFO - 06/04/26 17:10:24 - 0:04:27 - step 100 train loss: 6.109475654270114e-09 test loss: nan
INFO - 06/04/26 17:10:27 - 0:04:31 - step 200 | loss 0.0000 | steps time 3286.53ms
INFO - 06/04/26 17:10:27 - 0:04:31 - step 200 train loss: 5.662440827336468e-09 test loss: nan
INFO - 06/04/26 17:10:30 - 0:04:34 - step 300 | loss 0.0000 | steps time 3292.58ms
INFO - 06/04/26 17:10:30 - 0:04:34 - step 300 train loss: 4.520018617171218e-09 test loss: nan
INFO - 06/04/26 17:10:34 - 0:04:37 - step 400 | loss 0.0000 | steps time 3294.54ms
INFO - 06/04/26 17:10:34 - 0:04:37 - step 400 train loss: 6.556510419031269e-09 test loss: nan
INFO - 06/04/26 17:10:37 - 0:04:41 - step 500 | loss 0.0000 | steps time 3298.25ms
INFO - 06/04/26 17:10:37 - 0:04:41 - step 500 train loss: 5.563099776395574e-09 test loss: nan
INFO - 06/04/26 17:10:37 - 0:04:41 - [Epoch 6 AFTER_TRAIN] CPU: 0.0% | RAM: 803.1MB
INFO - 06/04/26 17:10:37 - 0:04:41 - Sample with temperature 1.6100000000000003 to 2.41
INFO - 06/04/26 17:10:37 - 0:04:41 - 0 / 1920 samples generated, 0 scored
INFO - 06/04/26 17:10:53 - 0:04:56 - 1280 / 1920 samples generated, 1253 scored
INFO - 06/04/26 17:11:01 - 0:05:04 - ### Score distribution ###
INFO - 06/04/26 17:11:01 - 0:05:04 - Invalid examples: before local search: 0, after: 0
INFO - 06/04/26 17:11:01 - 0:05:04 - Valid examples: 1878
INFO - 06/04/26 17:11:01 - 0:05:04 - Mean score: 4.999018006196533
INFO - 06/04/26 17:11:01 - 0:05:04 - Median score: 4.999018006196533
INFO - 06/04/26 17:11:01 - 0:05:04 - Stdev score: 0.0
INFO - 06/04/26 17:11:01 - 0:05:04 - Max score: 4.999018006196533
INFO - 06/04/26 17:11:01 - 0:05:04 - Top 1 percentile score: 4.999018006196533
INFO - 06/04/26 17:11:01 - 0:05:04 - Distribution of scores:
INFO - 06/04/26 17:11:01 - 0:05:04 - Score 4.999018006196533: Count: 1878
INFO - 06/04/26 17:11:01 - 0:05:04 - --------------------------------
INFO - 06/04/26 17:11:01 - 0:05:04 - [Epoch 6 AFTER_SAMPLE] CPU: 0.0% | RAM: 803.7MB
INFO - 06/04/26 17:11:01 - 0:05:04 - Unique processing: 1 examples left, 1877 duplicates
INFO - 06/04/26 17:11:01 - 0:05:04 - ### Score distribution ###
INFO - 06/04/26 17:11:01 - 0:05:04 - Valid examples: 1
INFO - 06/04/26 17:11:01 - 0:05:04 - Mean score: 4.999018006196533
INFO - 06/04/26 17:11:01 - 0:05:04 - Median score: 4.999018006196533
INFO - 06/04/26 17:11:01 - 0:05:04 - Stdev score: 0.0
INFO - 06/04/26 17:11:01 - 0:05:04 - Max score: 4.999018006196533
INFO - 06/04/26 17:11:01 - 0:05:04 - Top 1 percentile score: 4.999018006196533
INFO - 06/04/26 17:11:01 - 0:05:04 - Distribution of scores:
INFO - 06/04/26 17:11:01 - 0:05:04 - Score 4.999018006196533: Count: 1
INFO - 06/04/26 17:11:01 - 0:05:04 - --------------------------------
INFO - 06/04/26 17:11:01 - 0:05:04 - New train and test generated. Size are train: 1, test 0
INFO - 06/04/26 17:11:01 - 0:05:04 - Unique data computed for original train set: 1, generated train set: 0
INFO - 06/04/26 17:11:01 - 0:05:04 - Final train and test generated. Size are train: 1, test 0
INFO - 06/04/26 17:11:01 - 0:05:04 - [Epoch 6 AFTER_UPDATE_DATASETS] CPU: 0.0% | RAM: 803.7MB
INFO - 06/04/26 17:11:01 - 0:05:05 - ### Score distribution ###
INFO - 06/04/26 17:11:01 - 0:05:05 - Valid examples: 1
INFO - 06/04/26 17:11:01 - 0:05:05 - Mean score: 4.999018006196533
INFO - 06/04/26 17:11:01 - 0:05:05 - Median score: 4.999018006196533
INFO - 06/04/26 17:11:01 - 0:05:05 - Stdev score: 0.0
INFO - 06/04/26 17:11:01 - 0:05:05 - Max score: 4.999018006196533
INFO - 06/04/26 17:11:01 - 0:05:05 - Top 1 percentile score: 4.999018006196533
INFO - 06/04/26 17:11:01 - 0:05:05 - Distribution of scores:
INFO - 06/04/26 17:11:01 - 0:05:05 - Score 4.999018006196533: Count: 1
INFO - 06/04/26 17:11:01 - 0:05:05 - --------------------------------
INFO - 06/04/26 17:11:01 - 0:05:05 - ==== Starting Epoch 7 =====
INFO - 06/04/26 17:11:01 - 0:05:05 - [Epoch 7 START] CPU: 0.0% | RAM: 803.7MB
INFO - 06/04/26 17:11:01 - 0:05:05 - Encoded train: 1 examples in 0.00s (1 cache hits, 0 misses)
INFO - 06/04/26 17:11:01 - 0:05:05 - Encoded test: 0 examples in 0.00s (0 cache hits, 0 misses)
INFO - 06/04/26 17:11:01 - 0:05:05 - Memory allocated: 28.17MB, reserved: 50.97MB
INFO - 06/04/26 17:11:04 - 0:05:08 - step 100 | loss 0.0000 | steps time 3275.13ms
INFO - 06/04/26 17:11:04 - 0:05:08 - step 100 train loss: 4.371006978587388e-09 test loss: nan
INFO - 06/04/26 17:11:08 - 0:05:11 - step 200 | loss 0.0000 | steps time 3285.43ms
INFO - 06/04/26 17:11:08 - 0:05:11 - step 200 train loss: 4.172324814533113e-09 test loss: nan
INFO - 06/04/26 17:11:11 - 0:05:15 - step 300 | loss 0.0000 | steps time 3289.56ms
INFO - 06/04/26 17:11:11 - 0:05:15 - step 300 train loss: 6.357828290504131e-09 test loss: nan
INFO - 06/04/26 17:11:14 - 0:05:18 - step 400 | loss 0.0000 | steps time 3284.10ms
INFO - 06/04/26 17:11:14 - 0:05:18 - step 400 train loss: 5.761781860513793e-09 test loss: nan
INFO - 06/04/26 17:11:18 - 0:05:21 - step 500 | loss 0.0000 | steps time 3295.23ms
INFO - 06/04/26 17:11:18 - 0:05:21 - step 500 train loss: 4.321336346535532e-09 test loss: nan
INFO - 06/04/26 17:11:18 - 0:05:21 - [Epoch 7 AFTER_TRAIN] CPU: 0.0% | RAM: 804.6MB
INFO - 06/04/26 17:11:18 - 0:05:21 - Sample with temperature 1.6700000000000004 to 2.4700000000000006
INFO - 06/04/26 17:11:18 - 0:05:21 - 0 / 1920 samples generated, 0 scored
INFO - 06/04/26 17:11:33 - 0:05:36 - 1280 / 1920 samples generated, 1202 scored
INFO - 06/04/26 17:11:41 - 0:05:45 - ### Score distribution ###
INFO - 06/04/26 17:11:41 - 0:05:45 - Invalid examples: before local search: 0, after: 0
INFO - 06/04/26 17:11:41 - 0:05:45 - Valid examples: 1828
INFO - 06/04/26 17:11:41 - 0:05:45 - Mean score: 4.999018006196533
INFO - 06/04/26 17:11:41 - 0:05:45 - Median score: 4.999018006196533
INFO - 06/04/26 17:11:41 - 0:05:45 - Stdev score: 0.0
INFO - 06/04/26 17:11:41 - 0:05:45 - Max score: 4.999018006196533
INFO - 06/04/26 17:11:41 - 0:05:45 - Top 1 percentile score: 4.999018006196533
INFO - 06/04/26 17:11:41 - 0:05:45 - Distribution of scores:
INFO - 06/04/26 17:11:41 - 0:05:45 - Score 4.999018006196533: Count: 1828
INFO - 06/04/26 17:11:41 - 0:05:45 - --------------------------------
INFO - 06/04/26 17:11:41 - 0:05:45 - [Epoch 7 AFTER_SAMPLE] CPU: 0.0% | RAM: 805.3MB
INFO - 06/04/26 17:11:41 - 0:05:45 - Unique processing: 1 examples left, 1827 duplicates
INFO - 06/04/26 17:11:41 - 0:05:45 - ### Score distribution ###
INFO - 06/04/26 17:11:41 - 0:05:45 - Valid examples: 1
INFO - 06/04/26 17:11:41 - 0:05:45 - Mean score: 4.999018006196533
INFO - 06/04/26 17:11:41 - 0:05:45 - Median score: 4.999018006196533
INFO - 06/04/26 17:11:41 - 0:05:45 - Stdev score: 0.0
INFO - 06/04/26 17:11:41 - 0:05:45 - Max score: 4.999018006196533
INFO - 06/04/26 17:11:41 - 0:05:45 - Top 1 percentile score: 4.999018006196533
INFO - 06/04/26 17:11:41 - 0:05:45 - Distribution of scores:
INFO - 06/04/26 17:11:41 - 0:05:45 - Score 4.999018006196533: Count: 1
INFO - 06/04/26 17:11:41 - 0:05:45 - --------------------------------
INFO - 06/04/26 17:11:41 - 0:05:45 - New train and test generated. Size are train: 1, test 0
INFO - 06/04/26 17:11:41 - 0:05:45 - Unique data computed for original train set: 1, generated train set: 0
INFO - 06/04/26 17:11:41 - 0:05:45 - Final train and test generated. Size are train: 1, test 0
INFO - 06/04/26 17:11:41 - 0:05:45 - [Epoch 7 AFTER_UPDATE_DATASETS] CPU: 0.0% | RAM: 805.3MB
INFO - 06/04/26 17:11:41 - 0:05:45 - ### Score distribution ###
INFO - 06/04/26 17:11:41 - 0:05:45 - Valid examples: 1
INFO - 06/04/26 17:11:41 - 0:05:45 - Mean score: 4.999018006196533
INFO - 06/04/26 17:11:41 - 0:05:45 - Median score: 4.999018006196533
INFO - 06/04/26 17:11:41 - 0:05:45 - Stdev score: 0.0
INFO - 06/04/26 17:11:41 - 0:05:45 - Max score: 4.999018006196533
INFO - 06/04/26 17:11:41 - 0:05:45 - Top 1 percentile score: 4.999018006196533
INFO - 06/04/26 17:11:41 - 0:05:45 - Distribution of scores:
INFO - 06/04/26 17:11:41 - 0:05:45 - Score 4.999018006196533: Count: 1
INFO - 06/04/26 17:11:41 - 0:05:45 - --------------------------------
INFO - 06/04/26 17:11:41 - 0:05:45 - ==== Starting Epoch 8 =====
INFO - 06/04/26 17:11:41 - 0:05:45 - [Epoch 8 START] CPU: 0.0% | RAM: 805.3MB
INFO - 06/04/26 17:11:41 - 0:05:45 - Encoded train: 1 examples in 0.00s (1 cache hits, 0 misses)
INFO - 06/04/26 17:11:41 - 0:05:45 - Encoded test: 0 examples in 0.00s (0 cache hits, 0 misses)
INFO - 06/04/26 17:11:42 - 0:05:45 - Memory allocated: 28.17MB, reserved: 50.97MB
INFO - 06/04/26 17:11:45 - 0:05:48 - step 100 | loss 0.0000 | steps time 3279.63ms
INFO - 06/04/26 17:11:45 - 0:05:48 - step 100 train loss: 6.059805146563235e-09 test loss: nan
INFO - 06/04/26 17:11:48 - 0:05:52 - step 200 | loss 0.0000 | steps time 3277.31ms
INFO - 06/04/26 17:11:48 - 0:05:52 - step 200 train loss: 1.589457081507817e-09 test loss: nan
INFO - 06/04/26 17:11:51 - 0:05:55 - step 300 | loss 0.0000 | steps time 3274.98ms
INFO - 06/04/26 17:11:51 - 0:05:55 - step 300 train loss: 6.407498887028851e-09 test loss: nan
INFO - 06/04/26 17:11:55 - 0:05:58 - step 400 | loss 0.0000 | steps time 3272.05ms
INFO - 06/04/26 17:11:55 - 0:05:58 - step 400 train loss: 4.9173828209347906e-09 test loss: nan
INFO - 06/04/26 17:11:58 - 0:06:02 - step 500 | loss 0.0000 | steps time 3292.73ms
INFO - 06/04/26 17:11:58 - 0:06:02 - step 500 train loss: 4.917382812053006e-09 test loss: nan
INFO - 06/04/26 17:11:58 - 0:06:02 - [Epoch 8 AFTER_TRAIN] CPU: 0.0% | RAM: 806.0MB
INFO - 06/04/26 17:11:58 - 0:06:02 - Sample with temperature 1.7300000000000004 to 2.5300000000000002
INFO - 06/04/26 17:11:58 - 0:06:02 - 0 / 1920 samples generated, 0 scored
INFO - 06/04/26 17:12:14 - 0:06:17 - 1280 / 1920 samples generated, 1183 scored
INFO - 06/04/26 17:12:22 - 0:06:25 - ### Score distribution ###
INFO - 06/04/26 17:12:22 - 0:06:25 - Invalid examples: before local search: 0, after: 0
INFO - 06/04/26 17:12:22 - 0:06:25 - Valid examples: 1809
INFO - 06/04/26 17:12:22 - 0:06:25 - Mean score: 4.999018006196533
INFO - 06/04/26 17:12:22 - 0:06:25 - Median score: 4.999018006196533
INFO - 06/04/26 17:12:22 - 0:06:25 - Stdev score: 0.0
INFO - 06/04/26 17:12:22 - 0:06:25 - Max score: 4.999018006196533
INFO - 06/04/26 17:12:22 - 0:06:25 - Top 1 percentile score: 4.999018006196533
INFO - 06/04/26 17:12:22 - 0:06:25 - Distribution of scores:
INFO - 06/04/26 17:12:22 - 0:06:25 - Score 4.999018006196533: Count: 1809
INFO - 06/04/26 17:12:22 - 0:06:25 - --------------------------------
INFO - 06/04/26 17:12:22 - 0:06:25 - [Epoch 8 AFTER_SAMPLE] CPU: 0.0% | RAM: 804.8MB
INFO - 06/04/26 17:12:22 - 0:06:25 - Unique processing: 1 examples left, 1808 duplicates
INFO - 06/04/26 17:12:22 - 0:06:25 - ### Score distribution ###
INFO - 06/04/26 17:12:22 - 0:06:25 - Valid examples: 1
INFO - 06/04/26 17:12:22 - 0:06:25 - Mean score: 4.999018006196533
INFO - 06/04/26 17:12:22 - 0:06:25 - Median score: 4.999018006196533
INFO - 06/04/26 17:12:22 - 0:06:25 - Stdev score: 0.0
INFO - 06/04/26 17:12:22 - 0:06:25 - Max score: 4.999018006196533
INFO - 06/04/26 17:12:22 - 0:06:25 - Top 1 percentile score: 4.999018006196533
INFO - 06/04/26 17:12:22 - 0:06:25 - Distribution of scores:
INFO - 06/04/26 17:12:22 - 0:06:25 - Score 4.999018006196533: Count: 1
INFO - 06/04/26 17:12:22 - 0:06:25 - --------------------------------
INFO - 06/04/26 17:12:22 - 0:06:25 - New train and test generated. Size are train: 1, test 0
INFO - 06/04/26 17:12:22 - 0:06:25 - Unique data computed for original train set: 1, generated train set: 0
INFO - 06/04/26 17:12:22 - 0:06:25 - Final train and test generated. Size are train: 1, test 0
INFO - 06/04/26 17:12:22 - 0:06:25 - [Epoch 8 AFTER_UPDATE_DATASETS] CPU: 0.0% | RAM: 804.8MB
INFO - 06/04/26 17:12:22 - 0:06:25 - ### Score distribution ###
INFO - 06/04/26 17:12:22 - 0:06:25 - Valid examples: 1
INFO - 06/04/26 17:12:22 - 0:06:25 - Mean score: 4.999018006196533
INFO - 06/04/26 17:12:22 - 0:06:25 - Median score: 4.999018006196533
INFO - 06/04/26 17:12:22 - 0:06:25 - Stdev score: 0.0
INFO - 06/04/26 17:12:22 - 0:06:25 - Max score: 4.999018006196533
INFO - 06/04/26 17:12:22 - 0:06:25 - Top 1 percentile score: 4.999018006196533
INFO - 06/04/26 17:12:22 - 0:06:25 - Distribution of scores:
INFO - 06/04/26 17:12:22 - 0:06:25 - Score 4.999018006196533: Count: 1
INFO - 06/04/26 17:12:22 - 0:06:25 - --------------------------------
INFO - 06/04/26 17:12:22 - 0:06:25 - ==== Starting Epoch 9 =====
INFO - 06/04/26 17:12:22 - 0:06:26 - [Epoch 9 START] CPU: 0.0% | RAM: 804.8MB
INFO - 06/04/26 17:12:22 - 0:06:26 - Encoded train: 1 examples in 0.00s (1 cache hits, 0 misses)
INFO - 06/04/26 17:12:22 - 0:06:26 - Encoded test: 0 examples in 0.00s (0 cache hits, 0 misses)
INFO - 06/04/26 17:12:22 - 0:06:26 - Memory allocated: 28.17MB, reserved: 50.97MB
INFO - 06/04/26 17:12:25 - 0:06:29 - step 100 | loss 0.0000 | steps time 3321.42ms
INFO - 06/04/26 17:12:25 - 0:06:29 - step 100 train loss: 4.669030175818989e-09 test loss: nan
INFO - 06/04/26 17:12:29 - 0:06:32 - step 200 | loss 0.0000 | steps time 3288.02ms
INFO - 06/04/26 17:12:29 - 0:06:32 - step 200 train loss: 4.520018546116944e-09 test loss: nan
INFO - 06/04/26 17:12:32 - 0:06:36 - step 300 | loss 0.0000 | steps time 3293.61ms
INFO - 06/04/26 17:12:32 - 0:06:36 - step 300 train loss: 1.5397865649191545e-09 test loss: nan
INFO - 06/04/26 17:12:35 - 0:06:39 - step 400 | loss 0.0000 | steps time 3297.51ms
INFO - 06/04/26 17:12:35 - 0:06:39 - step 400 train loss: 5.016723898521036e-09 test loss: nan
INFO - 06/04/26 17:12:39 - 0:06:42 - step 500 | loss 0.0000 | steps time 3295.29ms
INFO - 06/04/26 17:12:39 - 0:06:42 - step 500 train loss: 5.960463989040931e-09 test loss: nan
INFO - 06/04/26 17:12:39 - 0:06:42 - [Epoch 9 AFTER_TRAIN] CPU: 0.0% | RAM: 806.0MB
INFO - 06/04/26 17:12:39 - 0:06:42 - Sample with temperature 1.7900000000000005 to 2.5900000000000007
INFO - 06/04/26 17:12:39 - 0:06:42 - 0 / 1920 samples generated, 0 scored
INFO - 06/04/26 17:12:54 - 0:06:58 - 1280 / 1920 samples generated, 1218 scored
INFO - 06/04/26 17:13:02 - 0:07:06 - ### Score distribution ###
INFO - 06/04/26 17:13:02 - 0:07:06 - Invalid examples: before local search: 1, after: 1
INFO - 06/04/26 17:13:02 - 0:07:06 - Valid examples: 1819
INFO - 06/04/26 17:13:02 - 0:07:06 - Mean score: 4.999018006196533
INFO - 06/04/26 17:13:02 - 0:07:06 - Median score: 4.999018006196533
INFO - 06/04/26 17:13:02 - 0:07:06 - Stdev score: 0.0
INFO - 06/04/26 17:13:02 - 0:07:06 - Max score: 4.999018006196533
INFO - 06/04/26 17:13:02 - 0:07:06 - Top 1 percentile score: 4.999018006196533
INFO - 06/04/26 17:13:02 - 0:07:06 - Distribution of scores:
INFO - 06/04/26 17:13:02 - 0:07:06 - Score 4.999018006196533: Count: 1819
INFO - 06/04/26 17:13:02 - 0:07:06 - --------------------------------
INFO - 06/04/26 17:13:02 - 0:07:06 - [Epoch 9 AFTER_SAMPLE] CPU: 0.0% | RAM: 806.7MB
INFO - 06/04/26 17:13:02 - 0:07:06 - Unique processing: 1 examples left, 1818 duplicates
INFO - 06/04/26 17:13:02 - 0:07:06 - ### Score distribution ###
INFO - 06/04/26 17:13:02 - 0:07:06 - Valid examples: 1
INFO - 06/04/26 17:13:02 - 0:07:06 - Mean score: 4.999018006196533
INFO - 06/04/26 17:13:02 - 0:07:06 - Median score: 4.999018006196533
INFO - 06/04/26 17:13:02 - 0:07:06 - Stdev score: 0.0
INFO - 06/04/26 17:13:02 - 0:07:06 - Max score: 4.999018006196533
INFO - 06/04/26 17:13:02 - 0:07:06 - Top 1 percentile score: 4.999018006196533
INFO - 06/04/26 17:13:02 - 0:07:06 - Distribution of scores:
INFO - 06/04/26 17:13:02 - 0:07:06 - Score 4.999018006196533: Count: 1
INFO - 06/04/26 17:13:02 - 0:07:06 - --------------------------------
INFO - 06/04/26 17:13:02 - 0:07:06 - New train and test generated. Size are train: 1, test 0
INFO - 06/04/26 17:13:02 - 0:07:06 - Unique data computed for original train set: 1, generated train set: 0
INFO - 06/04/26 17:13:02 - 0:07:06 - Final train and test generated. Size are train: 1, test 0
INFO - 06/04/26 17:13:03 - 0:07:06 - [Epoch 9 AFTER_UPDATE_DATASETS] CPU: 0.0% | RAM: 806.7MB
INFO - 06/04/26 17:13:03 - 0:07:06 - ### Score distribution ###
INFO - 06/04/26 17:13:03 - 0:07:06 - Valid examples: 1
INFO - 06/04/26 17:13:03 - 0:07:06 - Mean score: 4.999018006196533
INFO - 06/04/26 17:13:03 - 0:07:06 - Median score: 4.999018006196533
INFO - 06/04/26 17:13:03 - 0:07:06 - Stdev score: 0.0
INFO - 06/04/26 17:13:03 - 0:07:06 - Max score: 4.999018006196533
INFO - 06/04/26 17:13:03 - 0:07:06 - Top 1 percentile score: 4.999018006196533
INFO - 06/04/26 17:13:03 - 0:07:06 - Distribution of scores:
INFO - 06/04/26 17:13:03 - 0:07:06 - Score 4.999018006196533: Count: 1
INFO - 06/04/26 17:13:03 - 0:07:06 - --------------------------------
INFO - 06/04/26 17:13:03 - 0:07:06 - ==== Starting Epoch 10 =====
INFO - 06/04/26 17:13:03 - 0:07:06 - [Epoch 10 START] CPU: 0.0% | RAM: 806.7MB
INFO - 06/04/26 17:13:03 - 0:07:06 - Encoded train: 1 examples in 0.00s (1 cache hits, 0 misses)
INFO - 06/04/26 17:13:03 - 0:07:06 - Encoded test: 0 examples in 0.00s (0 cache hits, 0 misses)
INFO - 06/04/26 17:13:03 - 0:07:06 - Memory allocated: 28.17MB, reserved: 50.97MB
INFO - 06/04/26 17:13:06 - 0:07:10 - step 100 | loss 0.0000 | steps time 3283.84ms
INFO - 06/04/26 17:13:06 - 0:07:10 - step 100 train loss: 3.824631065185713e-09 test loss: nan
INFO - 06/04/26 17:13:09 - 0:07:13 - step 200 | loss 0.0000 | steps time 3276.06ms
INFO - 06/04/26 17:13:09 - 0:07:13 - step 200 train loss: 2.5828677596706483e-09 test loss: nan
INFO - 06/04/26 17:13:13 - 0:07:16 - step 300 | loss 0.0000 | steps time 3298.84ms
INFO - 06/04/26 17:13:13 - 0:07:16 - step 300 train loss: 2.0861624161483404e-09 test loss: nan
INFO - 06/04/26 17:13:16 - 0:07:20 - step 400 | loss 0.0000 | steps time 3288.83ms
INFO - 06/04/26 17:13:16 - 0:07:20 - step 400 train loss: 4.4206775129396195e-09 test loss: nan
INFO - 06/04/26 17:13:19 - 0:07:23 - step 500 | loss 0.0000 | steps time 3304.54ms
INFO - 06/04/26 17:13:19 - 0:07:23 - step 500 train loss: 5.811452341575319e-09 test loss: nan
INFO - 06/04/26 17:13:19 - 0:07:23 - [Epoch 10 AFTER_TRAIN] CPU: 0.0% | RAM: 807.5MB
INFO - 06/04/26 17:13:20 - 0:07:23 - Sample with temperature 1.8500000000000005 to 2.6500000000000004
INFO - 06/04/26 17:13:20 - 0:07:23 - 0 / 1920 samples generated, 0 scored
INFO - 06/04/26 17:13:35 - 0:07:39 - 1280 / 1920 samples generated, 1261 scored
INFO - 06/04/26 17:13:44 - 0:07:47 - ### Score distribution ###
INFO - 06/04/26 17:13:44 - 0:07:47 - Invalid examples: before local search: 1, after: 1
INFO - 06/04/26 17:13:44 - 0:07:47 - Valid examples: 1880
INFO - 06/04/26 17:13:44 - 0:07:47 - Mean score: 4.999018006196533
INFO - 06/04/26 17:13:44 - 0:07:47 - Median score: 4.999018006196533
INFO - 06/04/26 17:13:44 - 0:07:47 - Stdev score: 0.0
INFO - 06/04/26 17:13:44 - 0:07:47 - Max score: 4.999018006196533
INFO - 06/04/26 17:13:44 - 0:07:47 - Top 1 percentile score: 4.999018006196533
INFO - 06/04/26 17:13:44 - 0:07:47 - Distribution of scores:
INFO - 06/04/26 17:13:44 - 0:07:47 - Score 4.999018006196533: Count: 1880
INFO - 06/04/26 17:13:44 - 0:07:47 - --------------------------------
INFO - 06/04/26 17:13:44 - 0:07:48 - [Epoch 10 AFTER_SAMPLE] CPU: 0.0% | RAM: 800.5MB
INFO - 06/04/26 17:13:44 - 0:07:48 - Unique processing: 1 examples left, 1879 duplicates
INFO - 06/04/26 17:13:44 - 0:07:48 - ### Score distribution ###
INFO - 06/04/26 17:13:44 - 0:07:48 - Valid examples: 1
INFO - 06/04/26 17:13:44 - 0:07:48 - Mean score: 4.999018006196533
INFO - 06/04/26 17:13:44 - 0:07:48 - Median score: 4.999018006196533
INFO - 06/04/26 17:13:44 - 0:07:48 - Stdev score: 0.0
INFO - 06/04/26 17:13:44 - 0:07:48 - Max score: 4.999018006196533
INFO - 06/04/26 17:13:44 - 0:07:48 - Top 1 percentile score: 4.999018006196533
INFO - 06/04/26 17:13:44 - 0:07:48 - Distribution of scores:
INFO - 06/04/26 17:13:44 - 0:07:48 - Score 4.999018006196533: Count: 1
INFO - 06/04/26 17:13:44 - 0:07:48 - --------------------------------
INFO - 06/04/26 17:13:44 - 0:07:48 - New train and test generated. Size are train: 1, test 0
INFO - 06/04/26 17:13:44 - 0:07:48 - Unique data computed for original train set: 1, generated train set: 0
INFO - 06/04/26 17:13:44 - 0:07:48 - Final train and test generated. Size are train: 1, test 0
INFO - 06/04/26 17:13:44 - 0:07:48 - [Epoch 10 AFTER_UPDATE_DATASETS] CPU: 0.0% | RAM: 800.5MB
INFO - 06/04/26 17:13:44 - 0:07:48 - ### Score distribution ###
INFO - 06/04/26 17:13:44 - 0:07:48 - Valid examples: 1
INFO - 06/04/26 17:13:44 - 0:07:48 - Mean score: 4.999018006196533
INFO - 06/04/26 17:13:44 - 0:07:48 - Median score: 4.999018006196533
INFO - 06/04/26 17:13:44 - 0:07:48 - Stdev score: 0.0
INFO - 06/04/26 17:13:44 - 0:07:48 - Max score: 4.999018006196533
INFO - 06/04/26 17:13:44 - 0:07:48 - Top 1 percentile score: 4.999018006196533
INFO - 06/04/26 17:13:44 - 0:07:48 - Distribution of scores:
INFO - 06/04/26 17:13:44 - 0:07:48 - Score 4.999018006196533: Count: 1
INFO - 06/04/26 17:13:44 - 0:07:48 - --------------------------------
INFO - 06/04/26 17:13:44 - 0:07:48 - ==== Starting Epoch 11 =====
INFO - 06/04/26 17:13:44 - 0:07:48 - [Epoch 11 START] CPU: 0.0% | RAM: 800.5MB
INFO - 06/04/26 17:13:44 - 0:07:48 - Encoded train: 1 examples in 0.00s (1 cache hits, 0 misses)
INFO - 06/04/26 17:13:44 - 0:07:48 - Encoded test: 0 examples in 0.00s (0 cache hits, 0 misses)
INFO - 06/04/26 17:13:44 - 0:07:48 - Memory allocated: 28.17MB, reserved: 50.97MB
INFO - 06/04/26 17:13:48 - 0:07:51 - step 100 | loss 0.0000 | steps time 3268.96ms
INFO - 06/04/26 17:13:48 - 0:07:51 - step 100 train loss: 6.953874631676627e-10 test loss: nan
INFO - 06/04/26 17:13:51 - 0:07:54 - step 200 | loss 0.0000 | steps time 3258.18ms
INFO - 06/04/26 17:13:51 - 0:07:54 - step 200 train loss: 2.433856121086819e-09 test loss: nan
INFO - 06/04/26 17:13:54 - 0:07:58 - step 300 | loss 0.0000 | steps time 3273.11ms
INFO - 06/04/26 17:13:54 - 0:07:58 - step 300 train loss: 5.0663943973461305e-09 test loss: nan
INFO - 06/04/26 17:13:57 - 0:08:01 - step 400 | loss 0.0000 | steps time 3275.96ms
INFO - 06/04/26 17:13:57 - 0:08:01 - step 400 train loss: 9.437401349288165e-10 test loss: nan
INFO - 06/04/26 17:14:01 - 0:08:04 - step 500 | loss 0.0000 | steps time 3275.58ms
INFO - 06/04/26 17:14:01 - 0:08:04 - step 500 train loss: 3.9736426771241894e-09 test loss: nan
INFO - 06/04/26 17:14:01 - 0:08:04 - [Epoch 11 AFTER_TRAIN] CPU: 0.0% | RAM: 789.3MB
INFO - 06/04/26 17:14:01 - 0:08:05 - Sample with temperature 1.9100000000000006 to 2.710000000000001
INFO - 06/04/26 17:14:01 - 0:08:05 - 0 / 1920 samples generated, 0 scored
INFO - 06/04/26 17:14:18 - 0:08:21 - 1280 / 1920 samples generated, 1133 scored
INFO - 06/04/26 17:14:26 - 0:08:29 - ### Score distribution ###
INFO - 06/04/26 17:14:26 - 0:08:29 - Invalid examples: before local search: 0, after: 0
INFO - 06/04/26 17:14:26 - 0:08:29 - Valid examples: 1694
INFO - 06/04/26 17:14:26 - 0:08:29 - Mean score: 4.999018006196533
INFO - 06/04/26 17:14:26 - 0:08:29 - Median score: 4.999018006196533
INFO - 06/04/26 17:14:26 - 0:08:29 - Stdev score: 0.0
INFO - 06/04/26 17:14:26 - 0:08:29 - Max score: 4.999018006196533
INFO - 06/04/26 17:14:26 - 0:08:29 - Top 1 percentile score: 4.999018006196533
INFO - 06/04/26 17:14:26 - 0:08:29 - Distribution of scores:
INFO - 06/04/26 17:14:26 - 0:08:29 - Score 4.999018006196533: Count: 1694
INFO - 06/04/26 17:14:26 - 0:08:29 - --------------------------------
INFO - 06/04/26 17:14:26 - 0:08:29 - [Epoch 11 AFTER_SAMPLE] CPU: 0.0% | RAM: 790.0MB
INFO - 06/04/26 17:14:26 - 0:08:29 - Unique processing: 1 examples left, 1693 duplicates
INFO - 06/04/26 17:14:26 - 0:08:29 - ### Score distribution ###
INFO - 06/04/26 17:14:26 - 0:08:29 - Valid examples: 1
INFO - 06/04/26 17:14:26 - 0:08:29 - Mean score: 4.999018006196533
INFO - 06/04/26 17:14:26 - 0:08:29 - Median score: 4.999018006196533
INFO - 06/04/26 17:14:26 - 0:08:29 - Stdev score: 0.0
INFO - 06/04/26 17:14:26 - 0:08:29 - Max score: 4.999018006196533
INFO - 06/04/26 17:14:26 - 0:08:29 - Top 1 percentile score: 4.999018006196533
INFO - 06/04/26 17:14:26 - 0:08:29 - Distribution of scores:
INFO - 06/04/26 17:14:26 - 0:08:29 - Score 4.999018006196533: Count: 1
INFO - 06/04/26 17:14:26 - 0:08:29 - --------------------------------
INFO - 06/04/26 17:14:26 - 0:08:29 - New train and test generated. Size are train: 1, test 0
INFO - 06/04/26 17:14:26 - 0:08:29 - Unique data computed for original train set: 1, generated train set: 0
INFO - 06/04/26 17:14:26 - 0:08:29 - Final train and test generated. Size are train: 1, test 0
INFO - 06/04/26 17:14:26 - 0:08:29 - [Epoch 11 AFTER_UPDATE_DATASETS] CPU: 0.0% | RAM: 790.0MB
INFO - 06/04/26 17:14:26 - 0:08:30 - ### Score distribution ###
INFO - 06/04/26 17:14:26 - 0:08:30 - Valid examples: 1
INFO - 06/04/26 17:14:26 - 0:08:30 - Mean score: 4.999018006196533
INFO - 06/04/26 17:14:26 - 0:08:30 - Median score: 4.999018006196533
INFO - 06/04/26 17:14:26 - 0:08:30 - Stdev score: 0.0
INFO - 06/04/26 17:14:26 - 0:08:30 - Max score: 4.999018006196533
INFO - 06/04/26 17:14:26 - 0:08:30 - Top 1 percentile score: 4.999018006196533
INFO - 06/04/26 17:14:26 - 0:08:30 - Distribution of scores:
INFO - 06/04/26 17:14:26 - 0:08:30 - Score 4.999018006196533: Count: 1
INFO - 06/04/26 17:14:26 - 0:08:30 - --------------------------------
INFO - 06/04/26 17:14:26 - 0:08:30 - ==== Starting Epoch 12 =====
INFO - 06/04/26 17:14:26 - 0:08:30 - [Epoch 12 START] CPU: 0.0% | RAM: 790.0MB
INFO - 06/04/26 17:14:26 - 0:08:30 - Encoded train: 1 examples in 0.00s (1 cache hits, 0 misses)
INFO - 06/04/26 17:14:26 - 0:08:30 - Encoded test: 0 examples in 0.00s (0 cache hits, 0 misses)
INFO - 06/04/26 17:14:26 - 0:08:30 - Memory allocated: 28.17MB, reserved: 50.97MB
INFO - 06/04/26 17:14:29 - 0:08:33 - step 100 | loss 0.0000 | steps time 3268.95ms
INFO - 06/04/26 17:14:29 - 0:08:33 - step 100 train loss: 5.612770301866021e-09 test loss: nan
INFO - 06/04/26 17:14:33 - 0:08:36 - step 200 | loss 0.0000 | steps time 3259.78ms
INFO - 06/04/26 17:14:33 - 0:08:36 - step 200 train loss: 4.520018554998728e-09 test loss: nan
INFO - 06/04/26 17:14:36 - 0:08:40 - step 300 | loss 0.0000 | steps time 3289.56ms
INFO - 06/04/26 17:14:36 - 0:08:40 - step 300 train loss: 5.56309976751379e-09 test loss: nan
INFO - 06/04/26 17:14:39 - 0:08:43 - step 400 | loss 0.0000 | steps time 3273.49ms
INFO - 06/04/26 17:14:39 - 0:08:43 - step 400 train loss: 2.3345150879094943e-09 test loss: nan
INFO - 06/04/26 17:14:43 - 0:08:46 - step 500 | loss 0.0000 | steps time 3279.08ms
INFO - 06/04/26 17:14:43 - 0:08:46 - step 500 train loss: 3.7252900320083883e-09 test loss: nan
INFO - 06/04/26 17:14:43 - 0:08:46 - [Epoch 12 AFTER_TRAIN] CPU: 0.0% | RAM: 790.4MB
INFO - 06/04/26 17:14:43 - 0:08:46 - Sample with temperature 1.9700000000000006 to 2.7700000000000005
INFO - 06/04/26 17:14:43 - 0:08:46 - 0 / 1920 samples generated, 0 scored
INFO - 06/04/26 17:14:59 - 0:09:03 - 1280 / 1920 samples generated, 1181 scored
INFO - 06/04/26 17:15:07 - 0:09:11 - ### Score distribution ###
INFO - 06/04/26 17:15:07 - 0:09:11 - Invalid examples: before local search: 1, after: 1
INFO - 06/04/26 17:15:07 - 0:09:11 - Valid examples: 1749
INFO - 06/04/26 17:15:07 - 0:09:11 - Mean score: 4.999018006196533
INFO - 06/04/26 17:15:07 - 0:09:11 - Median score: 4.999018006196533
INFO - 06/04/26 17:15:07 - 0:09:11 - Stdev score: 0.0
INFO - 06/04/26 17:15:07 - 0:09:11 - Max score: 4.999018006196533
INFO - 06/04/26 17:15:07 - 0:09:11 - Top 1 percentile score: 4.999018006196533
INFO - 06/04/26 17:15:07 - 0:09:11 - Distribution of scores:
INFO - 06/04/26 17:15:07 - 0:09:11 - Score 4.999018006196533: Count: 1749
INFO - 06/04/26 17:15:07 - 0:09:11 - --------------------------------
INFO - 06/04/26 17:15:07 - 0:09:11 - [Epoch 12 AFTER_SAMPLE] CPU: 0.0% | RAM: 791.3MB
INFO - 06/04/26 17:15:07 - 0:09:11 - Unique processing: 1 examples left, 1748 duplicates
INFO - 06/04/26 17:15:07 - 0:09:11 - ### Score distribution ###
INFO - 06/04/26 17:15:07 - 0:09:11 - Valid examples: 1
INFO - 06/04/26 17:15:07 - 0:09:11 - Mean score: 4.999018006196533
INFO - 06/04/26 17:15:07 - 0:09:11 - Median score: 4.999018006196533
INFO - 06/04/26 17:15:07 - 0:09:11 - Stdev score: 0.0
INFO - 06/04/26 17:15:07 - 0:09:11 - Max score: 4.999018006196533
INFO - 06/04/26 17:15:07 - 0:09:11 - Top 1 percentile score: 4.999018006196533
INFO - 06/04/26 17:15:07 - 0:09:11 - Distribution of scores:
INFO - 06/04/26 17:15:07 - 0:09:11 - Score 4.999018006196533: Count: 1
INFO - 06/04/26 17:15:07 - 0:09:11 - --------------------------------
INFO - 06/04/26 17:15:07 - 0:09:11 - New train and test generated. Size are train: 1, test 0
INFO - 06/04/26 17:15:07 - 0:09:11 - Unique data computed for original train set: 1, generated train set: 0
INFO - 06/04/26 17:15:07 - 0:09:11 - Final train and test generated. Size are train: 1, test 0
INFO - 06/04/26 17:15:07 - 0:09:11 - [Epoch 12 AFTER_UPDATE_DATASETS] CPU: 0.0% | RAM: 791.3MB
INFO - 06/04/26 17:15:07 - 0:09:11 - ### Score distribution ###
INFO - 06/04/26 17:15:07 - 0:09:11 - Valid examples: 1
INFO - 06/04/26 17:15:07 - 0:09:11 - Mean score: 4.999018006196533
INFO - 06/04/26 17:15:07 - 0:09:11 - Median score: 4.999018006196533
INFO - 06/04/26 17:15:07 - 0:09:11 - Stdev score: 0.0
INFO - 06/04/26 17:15:07 - 0:09:11 - Max score: 4.999018006196533
INFO - 06/04/26 17:15:07 - 0:09:11 - Top 1 percentile score: 4.999018006196533
INFO - 06/04/26 17:15:07 - 0:09:11 - Distribution of scores:
INFO - 06/04/26 17:15:07 - 0:09:11 - Score 4.999018006196533: Count: 1
INFO - 06/04/26 17:15:07 - 0:09:11 - --------------------------------
INFO - 06/04/26 17:15:07 - 0:09:11 - ==== Starting Epoch 13 =====
INFO - 06/04/26 17:15:07 - 0:09:11 - [Epoch 13 START] CPU: 0.0% | RAM: 791.3MB
INFO - 06/04/26 17:15:07 - 0:09:11 - Encoded train: 1 examples in 0.00s (1 cache hits, 0 misses)
INFO - 06/04/26 17:15:07 - 0:09:11 - Encoded test: 0 examples in 0.00s (0 cache hits, 0 misses)
INFO - 06/04/26 17:15:08 - 0:09:11 - Memory allocated: 28.17MB, reserved: 50.97MB
INFO - 06/04/26 17:15:11 - 0:09:14 - step 100 | loss 0.0000 | steps time 3267.46ms
INFO - 06/04/26 17:15:11 - 0:09:14 - step 100 train loss: 4.122654280180882e-09 test loss: nan
INFO - 06/04/26 17:15:14 - 0:09:18 - step 200 | loss 0.0000 | steps time 3276.87ms
INFO - 06/04/26 17:15:14 - 0:09:18 - step 200 train loss: 1.2417633232786329e-09 test loss: nan
INFO - 06/04/26 17:15:17 - 0:09:21 - step 300 | loss 0.0000 | steps time 3258.20ms
INFO - 06/04/26 17:15:17 - 0:09:21 - step 300 train loss: 4.967053319759884e-09 test loss: nan
INFO - 06/04/26 17:15:21 - 0:09:24 - step 400 | loss 0.0000 | steps time 3267.89ms
INFO - 06/04/26 17:15:21 - 0:09:24 - step 400 train loss: 4.669030149173637e-09 test loss: nan
INFO - 06/04/26 17:15:24 - 0:09:27 - step 500 | loss 0.0000 | steps time 3294.20ms
INFO - 06/04/26 17:15:24 - 0:09:27 - step 500 train loss: 5.265076605809327e-09 test loss: nan
INFO - 06/04/26 17:15:24 - 0:09:28 - [Epoch 13 AFTER_TRAIN] CPU: 0.0% | RAM: 792.1MB
INFO - 06/04/26 17:15:24 - 0:09:28 - Sample with temperature 2.0300000000000007 to 2.830000000000001
INFO - 06/04/26 17:15:24 - 0:09:28 - 0 / 1920 samples generated, 0 scored
INFO - 06/04/26 17:15:39 - 0:09:43 - 1280 / 1920 samples generated, 1103 scored
INFO - 06/04/26 17:15:46 - 0:09:50 - ### Score distribution ###
INFO - 06/04/26 17:15:46 - 0:09:50 - Invalid examples: before local search: 5, after: 5
INFO - 06/04/26 17:15:46 - 0:09:50 - Valid examples: 1616
INFO - 06/04/26 17:15:46 - 0:09:50 - Mean score: 4.999018006196533
INFO - 06/04/26 17:15:46 - 0:09:50 - Median score: 4.999018006196533
INFO - 06/04/26 17:15:46 - 0:09:50 - Stdev score: 0.0
INFO - 06/04/26 17:15:46 - 0:09:50 - Max score: 4.999018006196533
INFO - 06/04/26 17:15:46 - 0:09:50 - Top 1 percentile score: 4.999018006196533
INFO - 06/04/26 17:15:46 - 0:09:50 - Distribution of scores:
INFO - 06/04/26 17:15:46 - 0:09:50 - Score 4.999018006196533: Count: 1616
INFO - 06/04/26 17:15:46 - 0:09:50 - --------------------------------
INFO - 06/04/26 17:15:46 - 0:09:50 - [Epoch 13 AFTER_SAMPLE] CPU: 0.0% | RAM: 791.8MB
INFO - 06/04/26 17:15:46 - 0:09:50 - Unique processing: 2 examples left, 1614 duplicates
INFO - 06/04/26 17:15:46 - 0:09:50 - ### Score distribution ###
INFO - 06/04/26 17:15:46 - 0:09:50 - Valid examples: 2
INFO - 06/04/26 17:15:46 - 0:09:50 - Mean score: 4.999018006196533
INFO - 06/04/26 17:15:46 - 0:09:50 - Median score: 4.999018006196533
INFO - 06/04/26 17:15:46 - 0:09:50 - Stdev score: 0.0
INFO - 06/04/26 17:15:46 - 0:09:50 - Max score: 4.999018006196533
INFO - 06/04/26 17:15:46 - 0:09:50 - Top 1 percentile score: 4.999018006196533
INFO - 06/04/26 17:15:46 - 0:09:50 - Distribution of scores:
INFO - 06/04/26 17:15:46 - 0:09:50 - Score 4.999018006196533: Count: 2
INFO - 06/04/26 17:15:46 - 0:09:50 - --------------------------------
INFO - 06/04/26 17:15:46 - 0:09:50 - New train and test generated. Size are train: 2, test 0
INFO - 06/04/26 17:15:46 - 0:09:50 - Unique data computed for original train set: 1, generated train set: 1
INFO - 06/04/26 17:15:46 - 0:09:50 - Final train and test generated. Size are train: 2, test 0
INFO - 06/04/26 17:15:47 - 0:09:50 - [Epoch 13 AFTER_UPDATE_DATASETS] CPU: 0.0% | RAM: 791.8MB
INFO - 06/04/26 17:15:47 - 0:09:50 - ### Score distribution ###
INFO - 06/04/26 17:15:47 - 0:09:50 - Valid examples: 2
INFO - 06/04/26 17:15:47 - 0:09:50 - Mean score: 4.999018006196533
INFO - 06/04/26 17:15:47 - 0:09:50 - Median score: 4.999018006196533
INFO - 06/04/26 17:15:47 - 0:09:50 - Stdev score: 0.0
INFO - 06/04/26 17:15:47 - 0:09:50 - Max score: 4.999018006196533
INFO - 06/04/26 17:15:47 - 0:09:50 - Top 1 percentile score: 4.999018006196533
INFO - 06/04/26 17:15:47 - 0:09:50 - Distribution of scores:
INFO - 06/04/26 17:15:47 - 0:09:50 - Score 4.999018006196533: Count: 2
INFO - 06/04/26 17:15:47 - 0:09:50 - --------------------------------
INFO - 06/04/26 17:15:47 - 0:09:50 - ==== Starting Epoch 14 =====
INFO - 06/04/26 17:15:47 - 0:09:50 - [Epoch 14 START] CPU: 0.0% | RAM: 791.8MB
INFO - 06/04/26 17:15:47 - 0:09:50 - Encoded train: 2 examples in 0.00s (2 cache hits, 0 misses)
INFO - 06/04/26 17:15:47 - 0:09:50 - Encoded test: 0 examples in 0.00s (0 cache hits, 0 misses)
INFO - 06/04/26 17:15:47 - 0:09:50 - Memory allocated: 28.17MB, reserved: 50.97MB
INFO - 06/04/26 17:15:50 - 0:09:54 - step 100 | loss 0.0263 | steps time 3272.39ms
INFO - 06/04/26 17:15:50 - 0:09:54 - step 100 train loss: 0.17258839162066578 test loss: nan
INFO - 06/04/26 17:15:53 - 0:09:57 - step 200 | loss 0.0297 | steps time 3261.66ms
INFO - 06/04/26 17:15:53 - 0:09:57 - step 200 train loss: 0.03348883794620633 test loss: nan
INFO - 06/04/26 17:15:57 - 0:10:00 - step 300 | loss 0.0281 | steps time 3284.48ms
INFO - 06/04/26 17:15:57 - 0:10:00 - step 300 train loss: 0.03658671049401164 test loss: nan
INFO - 06/04/26 17:16:00 - 0:10:04 - step 400 | loss 0.0399 | steps time 3276.99ms
INFO - 06/04/26 17:16:00 - 0:10:04 - step 400 train loss: 0.03424670001491904 test loss: nan
INFO - 06/04/26 17:16:03 - 0:10:07 - step 500 | loss 0.0377 | steps time 3281.57ms
INFO - 06/04/26 17:16:03 - 0:10:07 - step 500 train loss: 0.033341833483427764 test loss: nan
INFO - 06/04/26 17:16:03 - 0:10:07 - [Epoch 14 AFTER_TRAIN] CPU: 0.0% | RAM: 792.6MB
INFO - 06/04/26 17:16:03 - 0:10:07 - Sample with temperature 2.0900000000000007 to 2.8900000000000006
INFO - 06/04/26 17:16:03 - 0:10:07 - 0 / 1920 samples generated, 0 scored
INFO - 06/04/26 17:16:16 - 0:10:20 - 1280 / 1920 samples generated, 828 scored
INFO - 06/04/26 17:16:22 - 0:10:26 - ### Score distribution ###
INFO - 06/04/26 17:16:22 - 0:10:26 - Invalid examples: before local search: 13, after: 13
INFO - 06/04/26 17:16:22 - 0:10:26 - Valid examples: 1204
INFO - 06/04/26 17:16:22 - 0:10:26 - Mean score: 4.999018006196533
INFO - 06/04/26 17:16:22 - 0:10:26 - Median score: 4.999018006196533
INFO - 06/04/26 17:16:22 - 0:10:26 - Stdev score: 0.0
INFO - 06/04/26 17:16:22 - 0:10:26 - Max score: 4.999018006196533
INFO - 06/04/26 17:16:22 - 0:10:26 - Top 1 percentile score: 4.999018006196533
INFO - 06/04/26 17:16:22 - 0:10:26 - Distribution of scores:
INFO - 06/04/26 17:16:22 - 0:10:26 - Score 4.999018006196533: Count: 1204
INFO - 06/04/26 17:16:22 - 0:10:26 - --------------------------------
INFO - 06/04/26 17:16:23 - 0:10:26 - [Epoch 14 AFTER_SAMPLE] CPU: 0.0% | RAM: 793.3MB
INFO - 06/04/26 17:16:23 - 0:10:26 - Unique processing: 2 examples left, 1202 duplicates
INFO - 06/04/26 17:16:23 - 0:10:26 - ### Score distribution ###
INFO - 06/04/26 17:16:23 - 0:10:26 - Valid examples: 2
INFO - 06/04/26 17:16:23 - 0:10:26 - Mean score: 4.999018006196533
INFO - 06/04/26 17:16:23 - 0:10:26 - Median score: 4.999018006196533
INFO - 06/04/26 17:16:23 - 0:10:26 - Stdev score: 0.0
INFO - 06/04/26 17:16:23 - 0:10:26 - Max score: 4.999018006196533
INFO - 06/04/26 17:16:23 - 0:10:26 - Top 1 percentile score: 4.999018006196533
INFO - 06/04/26 17:16:23 - 0:10:26 - Distribution of scores:
INFO - 06/04/26 17:16:23 - 0:10:26 - Score 4.999018006196533: Count: 2
INFO - 06/04/26 17:16:23 - 0:10:26 - --------------------------------
INFO - 06/04/26 17:16:23 - 0:10:26 - New train and test generated. Size are train: 2, test 0
INFO - 06/04/26 17:16:23 - 0:10:26 - Unique data computed for original train set: 2, generated train set: 0
INFO - 06/04/26 17:16:23 - 0:10:26 - Final train and test generated. Size are train: 2, test 0
INFO - 06/04/26 17:16:23 - 0:10:26 - [Epoch 14 AFTER_UPDATE_DATASETS] CPU: 0.0% | RAM: 793.3MB
INFO - 06/04/26 17:16:23 - 0:10:26 - ### Score distribution ###
INFO - 06/04/26 17:16:23 - 0:10:26 - Valid examples: 2
INFO - 06/04/26 17:16:23 - 0:10:26 - Mean score: 4.999018006196533
INFO - 06/04/26 17:16:23 - 0:10:26 - Median score: 4.999018006196533
INFO - 06/04/26 17:16:23 - 0:10:26 - Stdev score: 0.0
INFO - 06/04/26 17:16:23 - 0:10:26 - Max score: 4.999018006196533
INFO - 06/04/26 17:16:23 - 0:10:26 - Top 1 percentile score: 4.999018006196533
INFO - 06/04/26 17:16:23 - 0:10:26 - Distribution of scores:
INFO - 06/04/26 17:16:23 - 0:10:26 - Score 4.999018006196533: Count: 2
INFO - 06/04/26 17:16:23 - 0:10:26 - --------------------------------
INFO - 06/04/26 17:16:23 - 0:10:26 - ==== Starting Epoch 15 =====
INFO - 06/04/26 17:16:23 - 0:10:26 - [Epoch 15 START] CPU: 0.0% | RAM: 793.3MB
INFO - 06/04/26 17:16:23 - 0:10:26 - Encoded train: 2 examples in 0.00s (2 cache hits, 0 misses)
INFO - 06/04/26 17:16:23 - 0:10:26 - Encoded test: 0 examples in 0.00s (0 cache hits, 0 misses)
INFO - 06/04/26 17:16:23 - 0:10:27 - Memory allocated: 28.17MB, reserved: 50.97MB
INFO - 06/04/26 17:16:26 - 0:10:30 - step 100 | loss 0.0290 | steps time 3279.36ms
INFO - 06/04/26 17:16:26 - 0:10:30 - step 100 train loss: 0.034800014700740574 test loss: nan
INFO - 06/04/26 17:16:30 - 0:10:33 - step 200 | loss 0.0308 | steps time 3274.09ms
INFO - 06/04/26 17:16:30 - 0:10:33 - step 200 train loss: 0.031091138999909163 test loss: nan
INFO - 06/04/26 17:16:33 - 0:10:36 - step 300 | loss 0.0289 | steps time 3278.73ms
INFO - 06/04/26 17:16:33 - 0:10:36 - step 300 train loss: 0.03134361010044813 test loss: nan
INFO - 06/04/26 17:16:36 - 0:10:40 - step 400 | loss 0.0337 | steps time 3267.06ms
INFO - 06/04/26 17:16:36 - 0:10:40 - step 400 train loss: 0.4388499724678695 test loss: nan
INFO - 06/04/26 17:16:39 - 0:10:43 - step 500 | loss 0.0295 | steps time 3271.72ms
INFO - 06/04/26 17:16:39 - 0:10:43 - step 500 train loss: 0.03356884762644768 test loss: nan
INFO - 06/04/26 17:16:39 - 0:10:43 - [Epoch 15 AFTER_TRAIN] CPU: 0.0% | RAM: 794.1MB
INFO - 06/04/26 17:16:40 - 0:10:43 - Sample with temperature 2.150000000000001 to 2.950000000000001
INFO - 06/04/26 17:16:40 - 0:10:43 - 0 / 1920 samples generated, 0 scored
INFO - 06/04/26 17:16:49 - 0:10:53 - 1280 / 1920 samples generated, 193 scored
INFO - 06/04/26 17:16:54 - 0:10:58 - ### Score distribution ###
INFO - 06/04/26 17:16:54 - 0:10:58 - Invalid examples: before local search: 0, after: 0
INFO - 06/04/26 17:16:54 - 0:10:58 - Valid examples: 320
INFO - 06/04/26 17:16:54 - 0:10:58 - Mean score: 4.999018006196533
INFO - 06/04/26 17:16:54 - 0:10:58 - Median score: 4.999018006196533
INFO - 06/04/26 17:16:54 - 0:10:58 - Stdev score: 0.0
INFO - 06/04/26 17:16:54 - 0:10:58 - Max score: 4.999018006196533
INFO - 06/04/26 17:16:54 - 0:10:58 - Top 1 percentile score: 4.999018006196533
INFO - 06/04/26 17:16:54 - 0:10:58 - Distribution of scores:
INFO - 06/04/26 17:16:54 - 0:10:58 - Score 4.999018006196533: Count: 320
INFO - 06/04/26 17:16:54 - 0:10:58 - --------------------------------
INFO - 06/04/26 17:16:54 - 0:10:58 - [Epoch 15 AFTER_SAMPLE] CPU: 0.0% | RAM: 795.0MB
INFO - 06/04/26 17:16:54 - 0:10:58 - Unique processing: 2 examples left, 318 duplicates
INFO - 06/04/26 17:16:54 - 0:10:58 - ### Score distribution ###
INFO - 06/04/26 17:16:54 - 0:10:58 - Valid examples: 2
INFO - 06/04/26 17:16:54 - 0:10:58 - Mean score: 4.999018006196533
INFO - 06/04/26 17:16:54 - 0:10:58 - Median score: 4.999018006196533
INFO - 06/04/26 17:16:54 - 0:10:58 - Stdev score: 0.0
INFO - 06/04/26 17:16:54 - 0:10:58 - Max score: 4.999018006196533
INFO - 06/04/26 17:16:54 - 0:10:58 - Top 1 percentile score: 4.999018006196533
INFO - 06/04/26 17:16:54 - 0:10:58 - Distribution of scores:
INFO - 06/04/26 17:16:54 - 0:10:58 - Score 4.999018006196533: Count: 2
INFO - 06/04/26 17:16:54 - 0:10:58 - --------------------------------
INFO - 06/04/26 17:16:54 - 0:10:58 - New train and test generated. Size are train: 2, test 0
INFO - 06/04/26 17:16:54 - 0:10:58 - Unique data computed for original train set: 2, generated train set: 0
INFO - 06/04/26 17:16:54 - 0:10:58 - Final train and test generated. Size are train: 2, test 0
INFO - 06/04/26 17:16:54 - 0:10:58 - [Epoch 15 AFTER_UPDATE_DATASETS] CPU: 0.0% | RAM: 795.0MB
INFO - 06/04/26 17:16:55 - 0:10:58 - ### Score distribution ###
INFO - 06/04/26 17:16:55 - 0:10:58 - Valid examples: 2
INFO - 06/04/26 17:16:55 - 0:10:58 - Mean score: 4.999018006196533
INFO - 06/04/26 17:16:55 - 0:10:58 - Median score: 4.999018006196533
INFO - 06/04/26 17:16:55 - 0:10:58 - Stdev score: 0.0
INFO - 06/04/26 17:16:55 - 0:10:58 - Max score: 4.999018006196533
INFO - 06/04/26 17:16:55 - 0:10:58 - Top 1 percentile score: 4.999018006196533
INFO - 06/04/26 17:16:55 - 0:10:58 - Distribution of scores:
INFO - 06/04/26 17:16:55 - 0:10:58 - Score 4.999018006196533: Count: 2
INFO - 06/04/26 17:16:55 - 0:10:58 - --------------------------------
INFO - 06/04/26 17:16:55 - 0:10:58 - ==== Starting Epoch 16 =====
INFO - 06/04/26 17:16:55 - 0:10:58 - [Epoch 16 START] CPU: 0.0% | RAM: 795.0MB
INFO - 06/04/26 17:16:55 - 0:10:58 - Encoded train: 2 examples in 0.00s (2 cache hits, 0 misses)
INFO - 06/04/26 17:16:55 - 0:10:58 - Encoded test: 0 examples in 0.00s (0 cache hits, 0 misses)
INFO - 06/04/26 17:16:55 - 0:10:58 - Memory allocated: 28.17MB, reserved: 50.97MB
INFO - 06/04/26 17:16:58 - 0:11:02 - step 100 | loss 0.0365 | steps time 3264.71ms
INFO - 06/04/26 17:16:58 - 0:11:02 - step 100 train loss: 0.03189922941848636 test loss: nan
INFO - 06/04/26 17:17:01 - 0:11:05 - step 200 | loss 0.0338 | steps time 3278.24ms
INFO - 06/04/26 17:17:01 - 0:11:05 - step 200 train loss: 0.03185964589938521 test loss: nan
INFO - 06/04/26 17:17:05 - 0:11:08 - step 300 | loss 0.0541 | steps time 3264.05ms
INFO - 06/04/26 17:17:05 - 0:11:08 - step 300 train loss: 0.2036598072759807 test loss: nan
INFO - 06/04/26 17:17:08 - 0:11:11 - step 400 | loss 0.0307 | steps time 3273.74ms
INFO - 06/04/26 17:17:08 - 0:11:11 - step 400 train loss: 0.0332892063818872 test loss: nan
INFO - 06/04/26 17:17:11 - 0:11:15 - step 500 | loss 0.0238 | steps time 3303.38ms
INFO - 06/04/26 17:17:11 - 0:11:15 - step 500 train loss: 0.031215545237064362 test loss: nan
INFO - 06/04/26 17:17:11 - 0:11:15 - [Epoch 16 AFTER_TRAIN] CPU: 0.0% | RAM: 795.8MB
INFO - 06/04/26 17:17:11 - 0:11:15 - Sample with temperature 2.210000000000001 to 3.0100000000000007
INFO - 06/04/26 17:17:11 - 0:11:15 - 0 / 1920 samples generated, 0 scored
INFO - 06/04/26 17:17:20 - 0:11:23 - 1280 / 1920 samples generated, 309 scored
INFO - 06/04/26 17:17:24 - 0:11:28 - ### Score distribution ###
INFO - 06/04/26 17:17:24 - 0:11:28 - Invalid examples: before local search: 5, after: 5
INFO - 06/04/26 17:17:24 - 0:11:28 - Valid examples: 418
INFO - 06/04/26 17:17:24 - 0:11:28 - Mean score: 4.999018006196533
INFO - 06/04/26 17:17:24 - 0:11:28 - Median score: 4.999018006196533
INFO - 06/04/26 17:17:24 - 0:11:28 - Stdev score: 0.0
INFO - 06/04/26 17:17:24 - 0:11:28 - Max score: 4.999018006196533
INFO - 06/04/26 17:17:24 - 0:11:28 - Top 1 percentile score: 4.999018006196533
INFO - 06/04/26 17:17:24 - 0:11:28 - Distribution of scores:
INFO - 06/04/26 17:17:24 - 0:11:28 - Score 4.999018006196533: Count: 418
INFO - 06/04/26 17:17:24 - 0:11:28 - --------------------------------
INFO - 06/04/26 17:17:24 - 0:11:28 - [Epoch 16 AFTER_SAMPLE] CPU: 0.0% | RAM: 796.6MB
INFO - 06/04/26 17:17:24 - 0:11:28 - Unique processing: 2 examples left, 416 duplicates
INFO - 06/04/26 17:17:24 - 0:11:28 - ### Score distribution ###
INFO - 06/04/26 17:17:24 - 0:11:28 - Valid examples: 2
INFO - 06/04/26 17:17:24 - 0:11:28 - Mean score: 4.999018006196533
INFO - 06/04/26 17:17:24 - 0:11:28 - Median score: 4.999018006196533
INFO - 06/04/26 17:17:24 - 0:11:28 - Stdev score: 0.0
INFO - 06/04/26 17:17:24 - 0:11:28 - Max score: 4.999018006196533
INFO - 06/04/26 17:17:24 - 0:11:28 - Top 1 percentile score: 4.999018006196533
INFO - 06/04/26 17:17:24 - 0:11:28 - Distribution of scores:
INFO - 06/04/26 17:17:24 - 0:11:28 - Score 4.999018006196533: Count: 2
INFO - 06/04/26 17:17:24 - 0:11:28 - --------------------------------
INFO - 06/04/26 17:17:24 - 0:11:28 - New train and test generated. Size are train: 2, test 0
INFO - 06/04/26 17:17:24 - 0:11:28 - Unique data computed for original train set: 2, generated train set: 0
INFO - 06/04/26 17:17:24 - 0:11:28 - Final train and test generated. Size are train: 2, test 0
INFO - 06/04/26 17:17:24 - 0:11:28 - [Epoch 16 AFTER_UPDATE_DATASETS] CPU: 0.0% | RAM: 796.6MB
INFO - 06/04/26 17:17:24 - 0:11:28 - ### Score distribution ###
INFO - 06/04/26 17:17:24 - 0:11:28 - Valid examples: 2
INFO - 06/04/26 17:17:24 - 0:11:28 - Mean score: 4.999018006196533
INFO - 06/04/26 17:17:24 - 0:11:28 - Median score: 4.999018006196533
INFO - 06/04/26 17:17:24 - 0:11:28 - Stdev score: 0.0
INFO - 06/04/26 17:17:24 - 0:11:28 - Max score: 4.999018006196533
INFO - 06/04/26 17:17:24 - 0:11:28 - Top 1 percentile score: 4.999018006196533
INFO - 06/04/26 17:17:24 - 0:11:28 - Distribution of scores:
INFO - 06/04/26 17:17:24 - 0:11:28 - Score 4.999018006196533: Count: 2
INFO - 06/04/26 17:17:24 - 0:11:28 - --------------------------------
INFO - 06/04/26 17:17:24 - 0:11:28 - ==== Starting Epoch 17 =====
INFO - 06/04/26 17:17:24 - 0:11:28 - [Epoch 17 START] CPU: 0.0% | RAM: 796.6MB
INFO - 06/04/26 17:17:24 - 0:11:28 - Encoded train: 2 examples in 0.00s (2 cache hits, 0 misses)
INFO - 06/04/26 17:17:24 - 0:11:28 - Encoded test: 0 examples in 0.00s (0 cache hits, 0 misses)
INFO - 06/04/26 17:17:24 - 0:11:28 - Memory allocated: 28.17MB, reserved: 50.97MB
INFO - 06/04/26 17:17:28 - 0:11:31 - step 100 | loss 0.0229 | steps time 3259.44ms
INFO - 06/04/26 17:17:28 - 0:11:31 - step 100 train loss: 0.03135875819250941 test loss: nan
INFO - 06/04/26 17:17:31 - 0:11:35 - step 200 | loss 0.0356 | steps time 3258.53ms
INFO - 06/04/26 17:17:31 - 0:11:35 - step 200 train loss: 0.032230055555701256 test loss: nan
INFO - 06/04/26 17:17:34 - 0:11:38 - step 300 | loss 0.0287 | steps time 3310.52ms
INFO - 06/04/26 17:17:34 - 0:11:38 - step 300 train loss: 0.03039243819192052 test loss: nan
INFO - 06/04/26 17:17:38 - 0:11:41 - step 400 | loss 0.0286 | steps time 3307.93ms
INFO - 06/04/26 17:17:38 - 0:11:41 - step 400 train loss: 0.03162540791556239 test loss: nan
INFO - 06/04/26 17:17:41 - 0:11:44 - step 500 | loss 0.0277 | steps time 3325.32ms
INFO - 06/04/26 17:17:41 - 0:11:44 - step 500 train loss: 0.03021611075848341 test loss: nan
INFO - 06/04/26 17:17:41 - 0:11:45 - [Epoch 17 AFTER_TRAIN] CPU: 0.0% | RAM: 797.6MB
INFO - 06/04/26 17:17:41 - 0:11:45 - Sample with temperature 2.270000000000001 to 3.070000000000001
INFO - 06/04/26 17:17:41 - 0:11:45 - 0 / 1920 samples generated, 0 scored
INFO - 06/04/26 17:17:50 - 0:11:54 - 1280 / 1920 samples generated, 382 scored
INFO - 06/04/26 17:17:55 - 0:11:59 - ### Score distribution ###
INFO - 06/04/26 17:17:55 - 0:11:59 - Invalid examples: before local search: 7, after: 7
INFO - 06/04/26 17:17:55 - 0:11:59 - Valid examples: 585
INFO - 06/04/26 17:17:55 - 0:11:59 - Mean score: 4.999018006196533
INFO - 06/04/26 17:17:55 - 0:11:59 - Median score: 4.999018006196533
INFO - 06/04/26 17:17:55 - 0:11:59 - Stdev score: 0.0
INFO - 06/04/26 17:17:55 - 0:11:59 - Max score: 4.999018006196533
INFO - 06/04/26 17:17:55 - 0:11:59 - Top 1 percentile score: 4.999018006196533
INFO - 06/04/26 17:17:55 - 0:11:59 - Distribution of scores:
INFO - 06/04/26 17:17:55 - 0:11:59 - Score 4.999018006196533: Count: 585
INFO - 06/04/26 17:17:55 - 0:11:59 - --------------------------------
INFO - 06/04/26 17:17:55 - 0:11:59 - [Epoch 17 AFTER_SAMPLE] CPU: 0.0% | RAM: 798.3MB
INFO - 06/04/26 17:17:55 - 0:11:59 - Unique processing: 2 examples left, 583 duplicates
INFO - 06/04/26 17:17:55 - 0:11:59 - ### Score distribution ###
INFO - 06/04/26 17:17:55 - 0:11:59 - Valid examples: 2
INFO - 06/04/26 17:17:55 - 0:11:59 - Mean score: 4.999018006196533
INFO - 06/04/26 17:17:55 - 0:11:59 - Median score: 4.999018006196533
INFO - 06/04/26 17:17:55 - 0:11:59 - Stdev score: 0.0
INFO - 06/04/26 17:17:55 - 0:11:59 - Max score: 4.999018006196533
INFO - 06/04/26 17:17:55 - 0:11:59 - Top 1 percentile score: 4.999018006196533
INFO - 06/04/26 17:17:55 - 0:11:59 - Distribution of scores:
INFO - 06/04/26 17:17:55 - 0:11:59 - Score 4.999018006196533: Count: 2
INFO - 06/04/26 17:17:55 - 0:11:59 - --------------------------------
INFO - 06/04/26 17:17:55 - 0:11:59 - New train and test generated. Size are train: 2, test 0
INFO - 06/04/26 17:17:55 - 0:11:59 - Unique data computed for original train set: 2, generated train set: 0
INFO - 06/04/26 17:17:55 - 0:11:59 - Final train and test generated. Size are train: 2, test 0
INFO - 06/04/26 17:17:55 - 0:11:59 - [Epoch 17 AFTER_UPDATE_DATASETS] CPU: 0.0% | RAM: 798.3MB
INFO - 06/04/26 17:17:56 - 0:11:59 - ### Score distribution ###
INFO - 06/04/26 17:17:56 - 0:11:59 - Valid examples: 2
INFO - 06/04/26 17:17:56 - 0:11:59 - Mean score: 4.999018006196533
INFO - 06/04/26 17:17:56 - 0:11:59 - Median score: 4.999018006196533
INFO - 06/04/26 17:17:56 - 0:11:59 - Stdev score: 0.0
INFO - 06/04/26 17:17:56 - 0:11:59 - Max score: 4.999018006196533
INFO - 06/04/26 17:17:56 - 0:11:59 - Top 1 percentile score: 4.999018006196533
INFO - 06/04/26 17:17:56 - 0:11:59 - Distribution of scores:
INFO - 06/04/26 17:17:56 - 0:11:59 - Score 4.999018006196533: Count: 2
INFO - 06/04/26 17:17:56 - 0:11:59 - --------------------------------
INFO - 06/04/26 17:17:56 - 0:11:59 - ==== Starting Epoch 18 =====
INFO - 06/04/26 17:17:56 - 0:11:59 - [Epoch 18 START] CPU: 0.0% | RAM: 798.3MB
INFO - 06/04/26 17:17:56 - 0:11:59 - Encoded train: 2 examples in 0.00s (2 cache hits, 0 misses)
INFO - 06/04/26 17:17:56 - 0:11:59 - Encoded test: 0 examples in 0.00s (0 cache hits, 0 misses)
INFO - 06/04/26 17:17:56 - 0:11:59 - Memory allocated: 28.17MB, reserved: 50.97MB
INFO - 06/04/26 17:17:59 - 0:12:03 - step 100 | loss 0.0288 | steps time 3267.93ms
INFO - 06/04/26 17:17:59 - 0:12:03 - step 100 train loss: 0.03083478592336178 test loss: nan
INFO - 06/04/26 17:18:02 - 0:12:06 - step 200 | loss 0.0350 | steps time 3274.06ms
INFO - 06/04/26 17:18:02 - 0:12:06 - step 200 train loss: 0.031469143368303774 test loss: nan
INFO - 06/04/26 17:18:06 - 0:12:09 - step 300 | loss 0.0320 | steps time 3294.99ms
INFO - 06/04/26 17:18:06 - 0:12:09 - step 300 train loss: 0.10458704732358455 test loss: nan
INFO - 06/04/26 17:18:09 - 0:12:12 - step 400 | loss 0.0285 | steps time 3312.60ms
INFO - 06/04/26 17:18:09 - 0:12:12 - step 400 train loss: 0.030081885941326617 test loss: nan
INFO - 06/04/26 17:18:12 - 0:12:16 - step 500 | loss 0.0290 | steps time 3286.74ms
INFO - 06/04/26 17:18:12 - 0:12:16 - step 500 train loss: 0.030262260306626557 test loss: nan
INFO - 06/04/26 17:18:12 - 0:12:16 - [Epoch 18 AFTER_TRAIN] CPU: 0.0% | RAM: 799.2MB
INFO - 06/04/26 17:18:12 - 0:12:16 - Sample with temperature 2.330000000000001 to 3.130000000000001
INFO - 06/04/26 17:18:12 - 0:12:16 - 0 / 1920 samples generated, 0 scored
INFO - 06/04/26 17:18:21 - 0:12:24 - 1280 / 1920 samples generated, 278 scored
INFO - 06/04/26 17:18:25 - 0:12:28 - ### Score distribution ###
INFO - 06/04/26 17:18:25 - 0:12:28 - Invalid examples: before local search: 5, after: 5
INFO - 06/04/26 17:18:25 - 0:12:28 - Valid examples: 442
INFO - 06/04/26 17:18:25 - 0:12:28 - Mean score: 4.999018006196533
INFO - 06/04/26 17:18:25 - 0:12:28 - Median score: 4.999018006196533
INFO - 06/04/26 17:18:25 - 0:12:28 - Stdev score: 0.0
INFO - 06/04/26 17:18:25 - 0:12:28 - Max score: 4.999018006196533
INFO - 06/04/26 17:18:25 - 0:12:28 - Top 1 percentile score: 4.999018006196533
INFO - 06/04/26 17:18:25 - 0:12:28 - Distribution of scores:
INFO - 06/04/26 17:18:25 - 0:12:28 - Score 4.999018006196533: Count: 442
INFO - 06/04/26 17:18:25 - 0:12:28 - --------------------------------
INFO - 06/04/26 17:18:25 - 0:12:29 - [Epoch 18 AFTER_SAMPLE] CPU: 0.0% | RAM: 800.0MB
INFO - 06/04/26 17:18:25 - 0:12:29 - Unique processing: 2 examples left, 440 duplicates
INFO - 06/04/26 17:18:25 - 0:12:29 - ### Score distribution ###
INFO - 06/04/26 17:18:25 - 0:12:29 - Valid examples: 2
INFO - 06/04/26 17:18:25 - 0:12:29 - Mean score: 4.999018006196533
INFO - 06/04/26 17:18:25 - 0:12:29 - Median score: 4.999018006196533
INFO - 06/04/26 17:18:25 - 0:12:29 - Stdev score: 0.0
INFO - 06/04/26 17:18:25 - 0:12:29 - Max score: 4.999018006196533
INFO - 06/04/26 17:18:25 - 0:12:29 - Top 1 percentile score: 4.999018006196533
INFO - 06/04/26 17:18:25 - 0:12:29 - Distribution of scores:
INFO - 06/04/26 17:18:25 - 0:12:29 - Score 4.999018006196533: Count: 2
INFO - 06/04/26 17:18:25 - 0:12:29 - --------------------------------
INFO - 06/04/26 17:18:25 - 0:12:29 - New train and test generated. Size are train: 2, test 0
INFO - 06/04/26 17:18:25 - 0:12:29 - Unique data computed for original train set: 2, generated train set: 0
INFO - 06/04/26 17:18:25 - 0:12:29 - Final train and test generated. Size are train: 2, test 0
INFO - 06/04/26 17:18:25 - 0:12:29 - [Epoch 18 AFTER_UPDATE_DATASETS] CPU: 0.0% | RAM: 800.0MB
INFO - 06/04/26 17:18:25 - 0:12:29 - ### Score distribution ###
INFO - 06/04/26 17:18:25 - 0:12:29 - Valid examples: 2
INFO - 06/04/26 17:18:25 - 0:12:29 - Mean score: 4.999018006196533
INFO - 06/04/26 17:18:25 - 0:12:29 - Median score: 4.999018006196533
INFO - 06/04/26 17:18:25 - 0:12:29 - Stdev score: 0.0
INFO - 06/04/26 17:18:25 - 0:12:29 - Max score: 4.999018006196533
INFO - 06/04/26 17:18:25 - 0:12:29 - Top 1 percentile score: 4.999018006196533
INFO - 06/04/26 17:18:25 - 0:12:29 - Distribution of scores:
INFO - 06/04/26 17:18:25 - 0:12:29 - Score 4.999018006196533: Count: 2
INFO - 06/04/26 17:18:25 - 0:12:29 - --------------------------------
INFO - 06/04/26 17:18:25 - 0:12:29 - ==== Starting Epoch 19 =====
INFO - 06/04/26 17:18:25 - 0:12:29 - [Epoch 19 START] CPU: 0.0% | RAM: 800.0MB
INFO - 06/04/26 17:18:25 - 0:12:29 - Encoded train: 2 examples in 0.00s (2 cache hits, 0 misses)
INFO - 06/04/26 17:18:25 - 0:12:29 - Encoded test: 0 examples in 0.00s (0 cache hits, 0 misses)
INFO - 06/04/26 17:18:25 - 0:12:29 - Memory allocated: 28.17MB, reserved: 50.97MB
INFO - 06/04/26 17:18:29 - 0:12:32 - step 100 | loss 0.0310 | steps time 3255.28ms
INFO - 06/04/26 17:18:29 - 0:12:32 - step 100 train loss: 0.0298753072693944 test loss: nan
INFO - 06/04/26 17:18:32 - 0:12:35 - step 200 | loss 0.0299 | steps time 3251.12ms
INFO - 06/04/26 17:18:32 - 0:12:35 - step 200 train loss: 0.030093262549489738 test loss: nan
INFO - 06/04/26 17:18:35 - 0:12:39 - step 300 | loss 0.0344 | steps time 3249.59ms
INFO - 06/04/26 17:18:35 - 0:12:39 - step 300 train loss: 0.03047383300960064 test loss: nan
INFO - 06/04/26 17:18:38 - 0:12:42 - step 400 | loss 0.0380 | steps time 3281.55ms
INFO - 06/04/26 17:18:38 - 0:12:42 - step 400 train loss: 0.0307808693125844 test loss: nan
INFO - 06/04/26 17:18:42 - 0:12:45 - step 500 | loss 0.0299 | steps time 3275.45ms
INFO - 06/04/26 17:18:42 - 0:12:45 - step 500 train loss: 0.030662092827260495 test loss: nan
INFO - 06/04/26 17:18:42 - 0:12:45 - [Epoch 19 AFTER_TRAIN] CPU: 0.0% | RAM: 801.3MB
INFO - 06/04/26 17:18:42 - 0:12:45 - Sample with temperature 2.390000000000001 to 3.1900000000000013
INFO - 06/04/26 17:18:42 - 0:12:45 - 0 / 1920 samples generated, 0 scored
INFO - 06/04/26 17:18:54 - 0:12:57 - 1280 / 1920 samples generated, 572 scored
INFO - 06/04/26 17:18:59 - 0:13:03 - ### Score distribution ###
INFO - 06/04/26 17:18:59 - 0:13:03 - Invalid examples: before local search: 5, after: 5
INFO - 06/04/26 17:18:59 - 0:13:03 - Valid examples: 815
INFO - 06/04/26 17:18:59 - 0:13:03 - Mean score: 4.999018006196533
INFO - 06/04/26 17:18:59 - 0:13:03 - Median score: 4.999018006196533
INFO - 06/04/26 17:18:59 - 0:13:03 - Stdev score: 0.0
INFO - 06/04/26 17:18:59 - 0:13:03 - Max score: 4.999018006196533
INFO - 06/04/26 17:18:59 - 0:13:03 - Top 1 percentile score: 4.999018006196533
INFO - 06/04/26 17:18:59 - 0:13:03 - Distribution of scores:
INFO - 06/04/26 17:18:59 - 0:13:03 - Score 4.999018006196533: Count: 815
INFO - 06/04/26 17:18:59 - 0:13:03 - --------------------------------
INFO - 06/04/26 17:18:59 - 0:13:03 - [Epoch 19 AFTER_SAMPLE] CPU: 0.0% | RAM: 802.1MB
INFO - 06/04/26 17:18:59 - 0:13:03 - Unique processing: 2 examples left, 813 duplicates
INFO - 06/04/26 17:18:59 - 0:13:03 - ### Score distribution ###
INFO - 06/04/26 17:18:59 - 0:13:03 - Valid examples: 2
INFO - 06/04/26 17:18:59 - 0:13:03 - Mean score: 4.999018006196533
INFO - 06/04/26 17:18:59 - 0:13:03 - Median score: 4.999018006196533
INFO - 06/04/26 17:18:59 - 0:13:03 - Stdev score: 0.0
INFO - 06/04/26 17:18:59 - 0:13:03 - Max score: 4.999018006196533
INFO - 06/04/26 17:18:59 - 0:13:03 - Top 1 percentile score: 4.999018006196533
INFO - 06/04/26 17:18:59 - 0:13:03 - Distribution of scores:
INFO - 06/04/26 17:18:59 - 0:13:03 - Score 4.999018006196533: Count: 2
INFO - 06/04/26 17:18:59 - 0:13:03 - --------------------------------
INFO - 06/04/26 17:18:59 - 0:13:03 - New train and test generated. Size are train: 2, test 0
INFO - 06/04/26 17:18:59 - 0:13:03 - Unique data computed for original train set: 2, generated train set: 0
INFO - 06/04/26 17:18:59 - 0:13:03 - Final train and test generated. Size are train: 2, test 0
INFO - 06/04/26 17:18:59 - 0:13:03 - [Epoch 19 AFTER_UPDATE_DATASETS] CPU: 0.0% | RAM: 802.1MB
INFO - 06/04/26 17:18:59 - 0:13:03 - ### Score distribution ###
INFO - 06/04/26 17:18:59 - 0:13:03 - Valid examples: 2
INFO - 06/04/26 17:18:59 - 0:13:03 - Mean score: 4.999018006196533
INFO - 06/04/26 17:18:59 - 0:13:03 - Median score: 4.999018006196533
INFO - 06/04/26 17:18:59 - 0:13:03 - Stdev score: 0.0
INFO - 06/04/26 17:18:59 - 0:13:03 - Max score: 4.999018006196533
INFO - 06/04/26 17:18:59 - 0:13:03 - Top 1 percentile score: 4.999018006196533
INFO - 06/04/26 17:18:59 - 0:13:03 - Distribution of scores:
INFO - 06/04/26 17:18:59 - 0:13:03 - Score 4.999018006196533: Count: 2
INFO - 06/04/26 17:18:59 - 0:13:03 - --------------------------------
INFO - 06/04/26 17:18:59 - 0:13:03 - ==== Starting Epoch 20 =====
INFO - 06/04/26 17:18:59 - 0:13:03 - [Epoch 20 START] CPU: 0.0% | RAM: 802.1MB
INFO - 06/04/26 17:18:59 - 0:13:03 - Encoded train: 2 examples in 0.00s (2 cache hits, 0 misses)
INFO - 06/04/26 17:18:59 - 0:13:03 - Encoded test: 0 examples in 0.00s (0 cache hits, 0 misses)
INFO - 06/04/26 17:18:59 - 0:13:03 - Memory allocated: 28.17MB, reserved: 50.97MB
INFO - 06/04/26 17:19:03 - 0:13:06 - step 100 | loss 0.0278 | steps time 3286.54ms
INFO - 06/04/26 17:19:03 - 0:13:06 - step 100 train loss: 0.030465116295963525 test loss: nan
INFO - 06/04/26 17:19:06 - 0:13:10 - step 200 | loss 0.0289 | steps time 3300.37ms
INFO - 06/04/26 17:19:06 - 0:13:10 - step 200 train loss: 0.030253515616059302 test loss: nan
INFO - 06/04/26 17:19:09 - 0:13:13 - step 300 | loss 0.0297 | steps time 3301.00ms
INFO - 06/04/26 17:19:09 - 0:13:13 - step 300 train loss: 0.030409950483590364 test loss: nan
INFO - 06/04/26 17:19:13 - 0:13:16 - step 400 | loss 0.0292 | steps time 3311.90ms
INFO - 06/04/26 17:19:13 - 0:13:16 - step 400 train loss: 0.029572529774159192 test loss: nan
INFO - 06/04/26 17:19:16 - 0:13:20 - step 500 | loss 0.0351 | steps time 3294.07ms
INFO - 06/04/26 17:19:16 - 0:13:20 - step 500 train loss: 0.03067050002515316 test loss: nan
INFO - 06/04/26 17:19:16 - 0:13:20 - [Epoch 20 AFTER_TRAIN] CPU: 0.0% | RAM: 803.1MB
INFO - 06/04/26 17:19:16 - 0:13:20 - Sample with temperature 2.450000000000001 to 3.250000000000001
INFO - 06/04/26 17:19:16 - 0:13:20 - 0 / 1920 samples generated, 0 scored
INFO - 06/04/26 17:19:30 - 0:13:33 - 1280 / 1920 samples generated, 597 scored
INFO - 06/04/26 17:19:37 - 0:13:41 - ### Score distribution ###
INFO - 06/04/26 17:19:37 - 0:13:41 - Invalid examples: before local search: 5, after: 5
INFO - 06/04/26 17:19:37 - 0:13:41 - Valid examples: 992
INFO - 06/04/26 17:19:37 - 0:13:41 - Mean score: 4.999018006196533
INFO - 06/04/26 17:19:37 - 0:13:41 - Median score: 4.999018006196533
INFO - 06/04/26 17:19:37 - 0:13:41 - Stdev score: 0.0
INFO - 06/04/26 17:19:37 - 0:13:41 - Max score: 4.999018006196533
INFO - 06/04/26 17:19:37 - 0:13:41 - Top 1 percentile score: 4.999018006196533
INFO - 06/04/26 17:19:37 - 0:13:41 - Distribution of scores:
INFO - 06/04/26 17:19:37 - 0:13:41 - Score 4.999018006196533: Count: 992
INFO - 06/04/26 17:19:37 - 0:13:41 - --------------------------------
INFO - 06/04/26 17:19:37 - 0:13:41 - [Epoch 20 AFTER_SAMPLE] CPU: 0.0% | RAM: 804.2MB
INFO - 06/04/26 17:19:37 - 0:13:41 - Unique processing: 2 examples left, 990 duplicates
INFO - 06/04/26 17:19:37 - 0:13:41 - ### Score distribution ###
INFO - 06/04/26 17:19:37 - 0:13:41 - Valid examples: 2
INFO - 06/04/26 17:19:37 - 0:13:41 - Mean score: 4.999018006196533
INFO - 06/04/26 17:19:37 - 0:13:41 - Median score: 4.999018006196533
INFO - 06/04/26 17:19:37 - 0:13:41 - Stdev score: 0.0
INFO - 06/04/26 17:19:37 - 0:13:41 - Max score: 4.999018006196533
INFO - 06/04/26 17:19:37 - 0:13:41 - Top 1 percentile score: 4.999018006196533
INFO - 06/04/26 17:19:37 - 0:13:41 - Distribution of scores:
INFO - 06/04/26 17:19:37 - 0:13:41 - Score 4.999018006196533: Count: 2
INFO - 06/04/26 17:19:37 - 0:13:41 - --------------------------------
INFO - 06/04/26 17:19:37 - 0:13:41 - New train and test generated. Size are train: 2, test 0
INFO - 06/04/26 17:19:37 - 0:13:41 - Unique data computed for original train set: 2, generated train set: 0
INFO - 06/04/26 17:19:37 - 0:13:41 - Final train and test generated. Size are train: 2, test 0
INFO - 06/04/26 17:19:38 - 0:13:41 - [Epoch 20 AFTER_UPDATE_DATASETS] CPU: 0.0% | RAM: 804.2MB
INFO - 06/04/26 17:19:38 - 0:13:41 - ### Score distribution ###
INFO - 06/04/26 17:19:38 - 0:13:41 - Valid examples: 2
INFO - 06/04/26 17:19:38 - 0:13:41 - Mean score: 4.999018006196533
INFO - 06/04/26 17:19:38 - 0:13:41 - Median score: 4.999018006196533
INFO - 06/04/26 17:19:38 - 0:13:41 - Stdev score: 0.0
INFO - 06/04/26 17:19:38 - 0:13:41 - Max score: 4.999018006196533
INFO - 06/04/26 17:19:38 - 0:13:41 - Top 1 percentile score: 4.999018006196533
INFO - 06/04/26 17:19:38 - 0:13:41 - Distribution of scores:
INFO - 06/04/26 17:19:38 - 0:13:41 - Score 4.999018006196533: Count: 2
INFO - 06/04/26 17:19:38 - 0:13:41 - --------------------------------
INFO - 06/04/26 17:19:38 - 0:13:41 - ==== Starting Epoch 21 =====
INFO - 06/04/26 17:19:38 - 0:13:41 - [Epoch 21 START] CPU: 0.0% | RAM: 804.2MB
INFO - 06/04/26 17:19:38 - 0:13:41 - Encoded train: 2 examples in 0.00s (2 cache hits, 0 misses)
INFO - 06/04/26 17:19:38 - 0:13:41 - Encoded test: 0 examples in 0.00s (0 cache hits, 0 misses)
INFO - 06/04/26 17:19:38 - 0:13:41 - Memory allocated: 28.17MB, reserved: 50.97MB
INFO - 06/04/26 17:19:41 - 0:13:45 - step 100 | loss 0.0320 | steps time 3301.73ms
INFO - 06/04/26 17:19:41 - 0:13:45 - step 100 train loss: 0.029613559413701297 test loss: nan
INFO - 06/04/26 17:19:44 - 0:13:48 - step 200 | loss 0.0305 | steps time 3298.04ms
INFO - 06/04/26 17:19:44 - 0:13:48 - step 200 train loss: 0.029760046154260634 test loss: nan
INFO - 06/04/26 17:19:48 - 0:13:51 - step 300 | loss 0.0262 | steps time 3305.96ms
INFO - 06/04/26 17:19:48 - 0:13:51 - step 300 train loss: 0.029906364250928165 test loss: nan
INFO - 06/04/26 17:19:52 - 0:13:55 - step 400 | loss 0.0302 | steps time 4132.96ms
INFO - 06/04/26 17:19:52 - 0:13:55 - step 400 train loss: 0.02955605888739228 test loss: nan
INFO - 06/04/26 17:19:56 - 0:13:59 - step 500 | loss 0.0288 | steps time 3638.17ms
INFO - 06/04/26 17:19:56 - 0:13:59 - step 500 train loss: 0.07328504312783479 test loss: nan
INFO - 06/04/26 17:19:56 - 0:13:59 - [Epoch 21 AFTER_TRAIN] CPU: 0.0% | RAM: 603.7MB
INFO - 06/04/26 17:19:56 - 0:13:59 - Sample with temperature 2.510000000000001 to 3.3100000000000014
INFO - 06/04/26 17:19:56 - 0:13:59 - 0 / 1920 samples generated, 0 scored
INFO - 06/04/26 17:20:08 - 0:14:11 - 1280 / 1920 samples generated, 310 scored
INFO - 06/04/26 17:20:13 - 0:14:17 - ### Score distribution ###
INFO - 06/04/26 17:20:13 - 0:14:17 - Invalid examples: before local search: 0, after: 0
INFO - 06/04/26 17:20:13 - 0:14:17 - Valid examples: 429
INFO - 06/04/26 17:20:13 - 0:14:17 - Mean score: 4.999018006196533
INFO - 06/04/26 17:20:13 - 0:14:17 - Median score: 4.999018006196533
INFO - 06/04/26 17:20:13 - 0:14:17 - Stdev score: 0.0
INFO - 06/04/26 17:20:13 - 0:14:17 - Max score: 4.999018006196533
INFO - 06/04/26 17:20:13 - 0:14:17 - Top 1 percentile score: 4.999018006196533
INFO - 06/04/26 17:20:13 - 0:14:17 - Distribution of scores:
INFO - 06/04/26 17:20:13 - 0:14:17 - Score 4.999018006196533: Count: 429
INFO - 06/04/26 17:20:13 - 0:14:17 - --------------------------------
INFO - 06/04/26 17:20:14 - 0:14:17 - [Epoch 21 AFTER_SAMPLE] CPU: 0.0% | RAM: 591.6MB
INFO - 06/04/26 17:20:14 - 0:14:17 - Unique processing: 2 examples left, 427 duplicates
INFO - 06/04/26 17:20:14 - 0:14:17 - ### Score distribution ###
INFO - 06/04/26 17:20:14 - 0:14:17 - Valid examples: 2
INFO - 06/04/26 17:20:14 - 0:14:17 - Mean score: 4.999018006196533
INFO - 06/04/26 17:20:14 - 0:14:17 - Median score: 4.999018006196533
INFO - 06/04/26 17:20:14 - 0:14:17 - Stdev score: 0.0
INFO - 06/04/26 17:20:14 - 0:14:17 - Max score: 4.999018006196533
INFO - 06/04/26 17:20:14 - 0:14:17 - Top 1 percentile score: 4.999018006196533
INFO - 06/04/26 17:20:14 - 0:14:17 - Distribution of scores:
INFO - 06/04/26 17:20:14 - 0:14:17 - Score 4.999018006196533: Count: 2
INFO - 06/04/26 17:20:14 - 0:14:17 - --------------------------------
INFO - 06/04/26 17:20:14 - 0:14:17 - New train and test generated. Size are train: 2, test 0
INFO - 06/04/26 17:20:14 - 0:14:17 - Unique data computed for original train set: 2, generated train set: 0
INFO - 06/04/26 17:20:14 - 0:14:17 - Final train and test generated. Size are train: 2, test 0
INFO - 06/04/26 17:20:14 - 0:14:17 - [Epoch 21 AFTER_UPDATE_DATASETS] CPU: 0.0% | RAM: 591.6MB
INFO - 06/04/26 17:20:14 - 0:14:17 - ### Score distribution ###
INFO - 06/04/26 17:20:14 - 0:14:17 - Valid examples: 2
INFO - 06/04/26 17:20:14 - 0:14:17 - Mean score: 4.999018006196533
INFO - 06/04/26 17:20:14 - 0:14:17 - Median score: 4.999018006196533
INFO - 06/04/26 17:20:14 - 0:14:17 - Stdev score: 0.0
INFO - 06/04/26 17:20:14 - 0:14:17 - Max score: 4.999018006196533
INFO - 06/04/26 17:20:14 - 0:14:17 - Top 1 percentile score: 4.999018006196533
INFO - 06/04/26 17:20:14 - 0:14:17 - Distribution of scores:
INFO - 06/04/26 17:20:14 - 0:14:17 - Score 4.999018006196533: Count: 2
INFO - 06/04/26 17:20:14 - 0:14:17 - --------------------------------
INFO - 06/04/26 17:20:14 - 0:14:17 - ==== Starting Epoch 22 =====
INFO - 06/04/26 17:20:14 - 0:14:17 - [Epoch 22 START] CPU: 0.0% | RAM: 591.6MB
INFO - 06/04/26 17:20:14 - 0:14:17 - Encoded train: 2 examples in 0.00s (2 cache hits, 0 misses)
INFO - 06/04/26 17:20:14 - 0:14:17 - Encoded test: 0 examples in 0.00s (0 cache hits, 0 misses)
INFO - 06/04/26 17:20:14 - 0:14:18 - Memory allocated: 28.17MB, reserved: 50.97MB
INFO - 06/04/26 17:20:17 - 0:14:21 - step 100 | loss 0.0322 | steps time 3363.21ms
INFO - 06/04/26 17:20:17 - 0:14:21 - step 100 train loss: 0.029524730015546084 test loss: nan
INFO - 06/04/26 17:20:21 - 0:14:24 - step 200 | loss 0.0283 | steps time 3530.13ms
INFO - 06/04/26 17:20:21 - 0:14:24 - step 200 train loss: 0.02938120486214757 test loss: nan
INFO - 06/04/26 17:20:25 - 0:14:28 - step 300 | loss 0.0248 | steps time 3645.71ms
INFO - 06/04/26 17:20:25 - 0:14:28 - step 300 train loss: 0.02923845138400793 test loss: nan
INFO - 06/04/26 17:20:29 - 0:14:32 - step 400 | loss 0.0288 | steps time 4208.50ms
INFO - 06/04/26 17:20:29 - 0:14:32 - step 400 train loss: 0.029433594569563865 test loss: nan
INFO - 06/04/26 17:20:33 - 0:14:36 - step 500 | loss 0.0293 | steps time 4182.16ms
INFO - 06/04/26 17:20:33 - 0:14:36 - step 500 train loss: 0.029492722265422343 test loss: nan
INFO - 06/04/26 17:20:33 - 0:14:37 - [Epoch 22 AFTER_TRAIN] CPU: 0.0% | RAM: 592.6MB
INFO - 06/04/26 17:20:33 - 0:14:37 - Sample with temperature 2.570000000000001 to 3.370000000000001
INFO - 06/04/26 17:20:33 - 0:14:37 - 0 / 1920 samples generated, 0 scored
INFO - 06/04/26 17:20:48 - 0:14:51 - 1280 / 1920 samples generated, 716 scored
INFO - 06/04/26 17:20:55 - 0:14:58 - ### Score distribution ###
INFO - 06/04/26 17:20:55 - 0:14:58 - Invalid examples: before local search: 1, after: 1
INFO - 06/04/26 17:20:55 - 0:14:58 - Valid examples: 1010
INFO - 06/04/26 17:20:55 - 0:14:58 - Mean score: 4.999018006196533
INFO - 06/04/26 17:20:55 - 0:14:58 - Median score: 4.999018006196533
INFO - 06/04/26 17:20:55 - 0:14:58 - Stdev score: 0.0
INFO - 06/04/26 17:20:55 - 0:14:58 - Max score: 4.999018006196533
INFO - 06/04/26 17:20:55 - 0:14:58 - Top 1 percentile score: 4.999018006196533
INFO - 06/04/26 17:20:55 - 0:14:58 - Distribution of scores:
INFO - 06/04/26 17:20:55 - 0:14:58 - Score 4.999018006196533: Count: 1010
INFO - 06/04/26 17:20:55 - 0:14:58 - --------------------------------
INFO - 06/04/26 17:20:55 - 0:14:58 - [Epoch 22 AFTER_SAMPLE] CPU: 0.0% | RAM: 594.2MB
INFO - 06/04/26 17:20:55 - 0:14:58 - Unique processing: 2 examples left, 1008 duplicates
INFO - 06/04/26 17:20:55 - 0:14:58 - ### Score distribution ###
INFO - 06/04/26 17:20:55 - 0:14:58 - Valid examples: 2
INFO - 06/04/26 17:20:55 - 0:14:58 - Mean score: 4.999018006196533
INFO - 06/04/26 17:20:55 - 0:14:58 - Median score: 4.999018006196533
INFO - 06/04/26 17:20:55 - 0:14:58 - Stdev score: 0.0
INFO - 06/04/26 17:20:55 - 0:14:58 - Max score: 4.999018006196533
INFO - 06/04/26 17:20:55 - 0:14:58 - Top 1 percentile score: 4.999018006196533
INFO - 06/04/26 17:20:55 - 0:14:58 - Distribution of scores:
INFO - 06/04/26 17:20:55 - 0:14:58 - Score 4.999018006196533: Count: 2
INFO - 06/04/26 17:20:55 - 0:14:58 - --------------------------------
INFO - 06/04/26 17:20:55 - 0:14:58 - New train and test generated. Size are train: 2, test 0
INFO - 06/04/26 17:20:55 - 0:14:58 - Unique data computed for original train set: 2, generated train set: 0
INFO - 06/04/26 17:20:55 - 0:14:58 - Final train and test generated. Size are train: 2, test 0
INFO - 06/04/26 17:20:55 - 0:14:58 - [Epoch 22 AFTER_UPDATE_DATASETS] CPU: 0.0% | RAM: 594.2MB
INFO - 06/04/26 17:20:55 - 0:14:59 - ### Score distribution ###
INFO - 06/04/26 17:20:55 - 0:14:59 - Valid examples: 2
INFO - 06/04/26 17:20:55 - 0:14:59 - Mean score: 4.999018006196533
INFO - 06/04/26 17:20:55 - 0:14:59 - Median score: 4.999018006196533
INFO - 06/04/26 17:20:55 - 0:14:59 - Stdev score: 0.0
INFO - 06/04/26 17:20:55 - 0:14:59 - Max score: 4.999018006196533
INFO - 06/04/26 17:20:55 - 0:14:59 - Top 1 percentile score: 4.999018006196533
INFO - 06/04/26 17:20:55 - 0:14:59 - Distribution of scores:
INFO - 06/04/26 17:20:55 - 0:14:59 - Score 4.999018006196533: Count: 2
INFO - 06/04/26 17:20:55 - 0:14:59 - --------------------------------
INFO - 06/04/26 17:20:55 - 0:14:59 - ==== Starting Epoch 23 =====
INFO - 06/04/26 17:20:55 - 0:14:59 - [Epoch 23 START] CPU: 0.0% | RAM: 594.2MB
INFO - 06/04/26 17:20:55 - 0:14:59 - Encoded train: 2 examples in 0.00s (2 cache hits, 0 misses)
INFO - 06/04/26 17:20:55 - 0:14:59 - Encoded test: 0 examples in 0.00s (0 cache hits, 0 misses)
INFO - 06/04/26 17:20:55 - 0:14:59 - Memory allocated: 28.17MB, reserved: 50.97MB
INFO - 06/04/26 17:20:58 - 0:15:02 - step 100 | loss 0.0286 | steps time 3311.33ms
INFO - 06/04/26 17:20:58 - 0:15:02 - step 100 train loss: 0.029524514451622963 test loss: nan
INFO - 06/04/26 17:21:02 - 0:15:05 - step 200 | loss 0.0329 | steps time 3329.66ms
INFO - 06/04/26 17:21:02 - 0:15:05 - step 200 train loss: 0.030149856135249137 test loss: nan
INFO - 06/04/26 17:21:05 - 0:15:09 - step 300 | loss 0.0286 | steps time 3362.69ms
INFO - 06/04/26 17:21:05 - 0:15:09 - step 300 train loss: 0.029282182697206737 test loss: nan
INFO - 06/04/26 17:21:09 - 0:15:12 - step 400 | loss 0.0308 | steps time 3360.46ms
INFO - 06/04/26 17:21:09 - 0:15:12 - step 400 train loss: 0.029377871342003346 test loss: nan
INFO - 06/04/26 17:21:12 - 0:15:15 - step 500 | loss 0.0297 | steps time 3357.49ms
INFO - 06/04/26 17:21:12 - 0:15:15 - step 500 train loss: 0.029346142150461673 test loss: nan
INFO - 06/04/26 17:21:12 - 0:15:16 - [Epoch 23 AFTER_TRAIN] CPU: 0.0% | RAM: 595.1MB
INFO - 06/04/26 17:21:12 - 0:15:16 - Sample with temperature 2.6300000000000012 to 3.4300000000000015
INFO - 06/04/26 17:21:12 - 0:15:16 - 0 / 1920 samples generated, 0 scored
